"ComponentId","ComponentName","ComponentCategory","Purpose","RequiredFields","ValidationRule","FailureState","PrimaryOwnerLayer","Examples","IdentityAuthorityBoundary","SourceOfTruthRule","HumanAccountabilityRule","DisplayBoundary","DataBoundary","Step155Dependency","MaturityStatement","ReviewStatus"
"ROI-001","Canonical Regulated Object","CANONICAL OBJECT","Defines the single governed identity record representing a regulated, critical, operational, physical, digital, human, AI, document, transactional, or evidence-bearing object.","object_id; object_type_id; canonical_name; lifecycle_state; identity_status; owner_role_id; steward_role_id; created_at_utc; updated_at_utc","Every governed object must have one stable canonical object_id that does not depend only on a mutable name, label, route, display value, filename, or local alias.","CANONICAL_OBJECT_IDENTITY_UNRESOLVED","CROSS-CUTTING ASSURANCE OS","Clinical subject, specimen, batch, equipment item, CI, AI agent, shipment, serialized product, document, transaction, dose, or case.","The schema identifies, binds, verifies, relates, and governs regulated objects. It does not independently approve, release, override, execute, or authorize regulated actions.","Official object records remain in governed source systems. The identity schema stores canonical references, bindings, aliases, verification results, integrity values, relationships, and governance states without replacing the official source record.","A designated object owner, data steward, system owner, process owner, Quality Unit, clinical authority, or other authorized human role remains accountable for identity verification and binding decisions.","Thread D, Thread D2, RAMAT Vision, glasses, wearables, dashboards, and device witnesses may display object identity state but may not create, approve, merge, retire, release, or override canonical identity.","Schema-only, simulator-first, mock-data-first, and local-validation-first. No PHI, company production data, classified data, or real regulated production integration is authorized by this step.","Evidence, authority, No-Bind, accountability, and admissibility records must reference a valid canonical object_id.","Identity schema registration is not runtime implementation, production readiness, regulatory validation, certification, or operational release.","HUMAN IDENTITY-SCHEMA REVIEW REQUIRED"
"ROI-002","Regulated Object Type Definition","OBJECT TYPE","Defines the governed taxonomy and required identity attributes for each class of regulated or critical object.","object_type_id; object_type_name; domain; parent_object_type_id; required_identity_fields; allowed_relationship_types; owner_role; status","Every canonical object must resolve to one active object type whose required identity attributes and allowed relationships are defined.","OBJECT_TYPE_UNDEFINED_OR_INACTIVE","CROSS-CUTTING ASSURANCE OS","SUBJECT, SAMPLE, BATCH, MATERIAL, EQUIPMENT, APPLICATION_CI, AI_AGENT, DOCUMENT, SHIPMENT, PRODUCT_SERIAL, TRANSACTION, DEVICE, or CASE.","The schema identifies, binds, verifies, relates, and governs regulated objects. It does not independently approve, release, override, execute, or authorize regulated actions.","Official object records remain in governed source systems. The identity schema stores canonical references, bindings, aliases, verification results, integrity values, relationships, and governance states without replacing the official source record.","A designated object owner, data steward, system owner, process owner, Quality Unit, clinical authority, or other authorized human role remains accountable for identity verification and binding decisions.","Thread D, Thread D2, RAMAT Vision, glasses, wearables, dashboards, and device witnesses may display object identity state but may not create, approve, merge, retire, release, or override canonical identity.","Schema-only, simulator-first, mock-data-first, and local-validation-first. No PHI, company production data, classified data, or real regulated production integration is authorized by this step.","Evidence and authority rules may use object_type_id to determine applicability, consequence level, and required controls.","Identity schema registration is not runtime implementation, production readiness, regulatory validation, certification, or operational release.","HUMAN IDENTITY-SCHEMA REVIEW REQUIRED"
"ROI-003","Canonical Identity Key","CANONICAL KEY","Defines the stable technical key used to distinguish one governed object from every other object.","identity_key_id; object_id; key_namespace; key_value; key_version; issued_at_utc; issued_by; key_status","A canonical key must be unique within its declared namespace and must not be reassigned to a different object after issuance.","CANONICAL_KEY_DUPLICATE_OR_REASSIGNED","CROSS-CUTTING ASSURANCE OS","UUID, governed enterprise object key, canonical batch key, canonical sample key, device identity key, or agent identity key.","The schema identifies, binds, verifies, relates, and governs regulated objects. It does not independently approve, release, override, execute, or authorize regulated actions.","Official object records remain in governed source systems. The identity schema stores canonical references, bindings, aliases, verification results, integrity values, relationships, and governance states without replacing the official source record.","A designated object owner, data steward, system owner, process owner, Quality Unit, clinical authority, or other authorized human role remains accountable for identity verification and binding decisions.","Thread D, Thread D2, RAMAT Vision, glasses, wearables, dashboards, and device witnesses may display object identity state but may not create, approve, merge, retire, release, or override canonical identity.","Schema-only, simulator-first, mock-data-first, and local-validation-first. No PHI, company production data, classified data, or real regulated production integration is authorized by this step.","Step 155 must use canonical keys when linking evidence, actors, actions, authority, holds, and accountability.","Identity schema registration is not runtime implementation, production readiness, regulatory validation, certification, or operational release.","HUMAN IDENTITY-SCHEMA REVIEW REQUIRED"
"ROI-004","Source-System Identity Binding","SOURCE BINDING","Binds a canonical regulated object to its corresponding official record identity in a governed source system.","binding_id; object_id; source_system_id; source_record_id; source_record_type; source_record_version; binding_status; verified_at_utc","A source binding must identify the canonical object, governed source system, official record key, record type, record version, and status.","SOURCE_BINDING_MISSING_OR_CONFLICTED","CROSS-CUTTING ASSURANCE OS","LIMS sample ID, MES batch ID, ServiceNow sys_id, EHR encounter ID, ERP material ID, EPCIS serial ID, or eQMS deviation ID.","The schema identifies, binds, verifies, relates, and governs regulated objects. It does not independently approve, release, override, execute, or authorize regulated actions.","Official object records remain in governed source systems. The identity schema stores canonical references, bindings, aliases, verification results, integrity values, relationships, and governance states without replacing the official source record.","A designated object owner, data steward, system owner, process owner, Quality Unit, clinical authority, or other authorized human role remains accountable for identity verification and binding decisions.","Thread D, Thread D2, RAMAT Vision, glasses, wearables, dashboards, and device witnesses may display object identity state but may not create, approve, merge, retire, release, or override canonical identity.","Schema-only, simulator-first, mock-data-first, and local-validation-first. No PHI, company production data, classified data, or real regulated production integration is authorized by this step.","Evidence and authority records must preserve the source-system record reference supporting the evaluated state.","Identity schema registration is not runtime implementation, production readiness, regulatory validation, certification, or operational release.","HUMAN IDENTITY-SCHEMA REVIEW REQUIRED"
"ROI-005","Alias and Alternate Identifier","ALIAS","Records legacy, local, external, human-readable, renamed, supplier, partner, or historical identifiers associated with one canonical object.","alias_id; object_id; alias_type; alias_value; namespace; valid_from_utc; valid_to_utc; alias_status; source_system_id","An alias may resolve to one canonical object but must never silently replace or create a second canonical identity.","ALIAS_AMBIGUOUS_OR_MULTI_BOUND","CROSS-CUTTING ASSURANCE OS","Previous CI name, local equipment number, supplier lot number, external accession number, legacy document ID, or renamed application.","The schema identifies, binds, verifies, relates, and governs regulated objects. It does not independently approve, release, override, execute, or authorize regulated actions.","Official object records remain in governed source systems. The identity schema stores canonical references, bindings, aliases, verification results, integrity values, relationships, and governance states without replacing the official source record.","A designated object owner, data steward, system owner, process owner, Quality Unit, clinical authority, or other authorized human role remains accountable for identity verification and binding decisions.","Thread D, Thread D2, RAMAT Vision, glasses, wearables, dashboards, and device witnesses may display object identity state but may not create, approve, merge, retire, release, or override canonical identity.","Schema-only, simulator-first, mock-data-first, and local-validation-first. No PHI, company production data, classified data, or real regulated production integration is authorized by this step.","Evidence submitted under an alias must resolve to the correct canonical object before it can support an assurance evaluation.","Identity schema registration is not runtime implementation, production readiness, regulatory validation, certification, or operational release.","HUMAN IDENTITY-SCHEMA REVIEW REQUIRED"
"ROI-006","Identity Verification Event","VERIFICATION","Records how, when, by whom, and against which evidence an object identity or source binding was verified.","verification_id; object_id; verification_type; evidence_ids; verified_by_actor_id; verified_at_utc; verification_result; rationale","Identity cannot be marked VERIFIED without identifiable verification evidence, verification method, accountable verifier, time, result, and rationale.","IDENTITY_VERIFICATION_INCOMPLETE","PLATFORM B1 / CROSS-CUTTING ASSURANCE OS","Barcode verification, source-record comparison, human review, digital-certificate verification, device attestation, or partner confirmation.","The schema identifies, binds, verifies, relates, and governs regulated objects. It does not independently approve, release, override, execute, or authorize regulated actions.","Official object records remain in governed source systems. The identity schema stores canonical references, bindings, aliases, verification results, integrity values, relationships, and governance states without replacing the official source record.","A designated object owner, data steward, system owner, process owner, Quality Unit, clinical authority, or other authorized human role remains accountable for identity verification and binding decisions.","Thread D, Thread D2, RAMAT Vision, glasses, wearables, dashboards, and device witnesses may display object identity state but may not create, approve, merge, retire, release, or override canonical identity.","Schema-only, simulator-first, mock-data-first, and local-validation-first. No PHI, company production data, classified data, or real regulated production integration is authorized by this step.","Authority and admissibility evaluations may require current identity verification for the object and accountable actor.","Identity schema registration is not runtime implementation, production readiness, regulatory validation, certification, or operational release.","HUMAN IDENTITY-SCHEMA REVIEW REQUIRED"
"ROI-007","Duplicate Identity Candidate","DUPLICATE DETECTION","Records a suspected duplicate, overlapping, renamed, cloned, or conflicting object identity requiring governed review.","duplicate_candidate_id; primary_object_id; candidate_object_id; match_basis; confidence_level; detected_at_utc; detected_by; review_status","A duplicate candidate must remain explicit and unresolved until a qualified human or governed rule completes the review.","DUPLICATE_IDENTITY_REVIEW_REQUIRED","PLATFORM B1 / CROSS-CUTTING ASSURANCE OS","Duplicate CI, duplicate patient identity candidate, duplicate sample, renamed application, repeated batch record, or cloned device identity.","The schema identifies, binds, verifies, relates, and governs regulated objects. It does not independently approve, release, override, execute, or authorize regulated actions.","Official object records remain in governed source systems. The identity schema stores canonical references, bindings, aliases, verification results, integrity values, relationships, and governance states without replacing the official source record.","A designated object owner, data steward, system owner, process owner, Quality Unit, clinical authority, or other authorized human role remains accountable for identity verification and binding decisions.","Thread D, Thread D2, RAMAT Vision, glasses, wearables, dashboards, and device witnesses may display object identity state but may not create, approve, merge, retire, release, or override canonical identity.","Schema-only, simulator-first, mock-data-first, and local-validation-first. No PHI, company production data, classified data, or real regulated production integration is authorized by this step.","Evidence and authority binding must be held when object identity is subject to unresolved duplicate review.","Identity schema registration is not runtime implementation, production readiness, regulatory validation, certification, or operational release.","HUMAN IDENTITY-SCHEMA REVIEW REQUIRED"
"ROI-008","Duplicate Resolution Record","DUPLICATE RESOLUTION","Records the governed decision to merge, retain separately, supersede, retire, redirect, or reject a duplicate identity candidate.","resolution_id; duplicate_candidate_id; resolution_type; canonical_object_id; affected_object_ids; decided_by_actor_id; decided_at_utc; rationale; status","Duplicate resolution must identify the accountable decision maker, canonical object, affected identities, resolution type, evidence, and rationale.","DUPLICATE_RESOLUTION_INVALID_OR_UNAPPROVED","HUMAN GOVERNANCE / CROSS-CUTTING ASSURANCE OS","Merge duplicate CIs, retain two legitimate devices, retire a historical alias, redirect a renamed application, or reject an incorrect match.","The schema identifies, binds, verifies, relates, and governs regulated objects. It does not independently approve, release, override, execute, or authorize regulated actions.","Official object records remain in governed source systems. The identity schema stores canonical references, bindings, aliases, verification results, integrity values, relationships, and governance states without replacing the official source record.","A designated object owner, data steward, system owner, process owner, Quality Unit, clinical authority, or other authorized human role remains accountable for identity verification and binding decisions.","Thread D, Thread D2, RAMAT Vision, glasses, wearables, dashboards, and device witnesses may display object identity state but may not create, approve, merge, retire, release, or override canonical identity.","Schema-only, simulator-first, mock-data-first, and local-validation-first. No PHI, company production data, classified data, or real regulated production integration is authorized by this step.","Step 155 must prevent evidence, authority, or action admissibility from binding to retired or non-canonical duplicate identities.","Identity schema registration is not runtime implementation, production readiness, regulatory validation, certification, or operational release.","HUMAN IDENTITY-SCHEMA REVIEW REQUIRED"
"ROI-009","Regulated Object Relationship","RELATIONSHIP","Defines governed relationships between canonical objects, including parent, child, component, source, destination, ownership, custody, derivation, dependency, and evidence relationships.","relationship_id; source_object_id; target_object_id; relationship_type; direction; valid_from_utc; valid_to_utc; relationship_status; evidence_id","Every relationship must reference two resolvable canonical objects, an allowed relationship type, validity period, status, and supporting evidence.","OBJECT_RELATIONSHIP_INVALID_OR_UNRESOLVED","CROSS-CUTTING ASSURANCE OS","Batch CONTAINS material, device PRODUCES result, application DEPENDS_ON server, dose ASSIGNED_TO patient, shipment CONTAINS product, or evidence SUPPORTS claim.","The schema identifies, binds, verifies, relates, and governs regulated objects. It does not independently approve, release, override, execute, or authorize regulated actions.","Official object records remain in governed source systems. The identity schema stores canonical references, bindings, aliases, verification results, integrity values, relationships, and governance states without replacing the official source record.","A designated object owner, data steward, system owner, process owner, Quality Unit, clinical authority, or other authorized human role remains accountable for identity verification and binding decisions.","Thread D, Thread D2, RAMAT Vision, glasses, wearables, dashboards, and device witnesses may display object identity state but may not create, approve, merge, retire, release, or override canonical identity.","Schema-only, simulator-first, mock-data-first, and local-validation-first. No PHI, company production data, classified data, or real regulated production integration is authorized by this step.","Evidence, authority, and No-Bind rules may use object relationships to determine affected scope and dependency consequences.","Identity schema registration is not runtime implementation, production readiness, regulatory validation, certification, or operational release.","HUMAN IDENTITY-SCHEMA REVIEW REQUIRED"
"ROI-010","Object Lifecycle State Record","LIFECYCLE","Records the governed lifecycle state of an object and the evidence supporting each lifecycle transition.","lifecycle_record_id; object_id; previous_state; new_state; transition_reason; effective_at_utc; changed_by_actor_id; evidence_id; status","Lifecycle transitions must be explicit, chronological, authorized, evidence-backed, and valid for the object type.","LIFECYCLE_STATE_CONFLICT_OR_INVALID_TRANSITION","SOURCE SYSTEM / CROSS-CUTTING ASSURANCE OS","Draft, active, qualified, released, suspended, held, superseded, retired, destroyed, recalled, archived, or cancelled.","The schema identifies, binds, verifies, relates, and governs regulated objects. It does not independently approve, release, override, execute, or authorize regulated actions.","Official object records remain in governed source systems. The identity schema stores canonical references, bindings, aliases, verification results, integrity values, relationships, and governance states without replacing the official source record.","A designated object owner, data steward, system owner, process owner, Quality Unit, clinical authority, or other authorized human role remains accountable for identity verification and binding decisions.","Thread D, Thread D2, RAMAT Vision, glasses, wearables, dashboards, and device witnesses may display object identity state but may not create, approve, merge, retire, release, or override canonical identity.","Schema-only, simulator-first, mock-data-first, and local-validation-first. No PHI, company production data, classified data, or real regulated production integration is authorized by this step.","Step 155 must consider object lifecycle state when determining evidence applicability, authority validity, and action admissibility.","Identity schema registration is not runtime implementation, production readiness, regulatory validation, certification, or operational release.","HUMAN IDENTITY-SCHEMA REVIEW REQUIRED"
"ROI-011","Object Version and Supersession Record","VERSIONING","Distinguishes versions, revisions, replacements, and superseded forms of the same governed object without losing identity history.","version_record_id; object_id; version_number; revision_number; effective_at_utc; supersedes_object_id; superseded_by_object_id; version_status","Current, superseded, and historical versions must remain distinguishable, chronological, and traceable to the canonical identity lineage.","OBJECT_VERSION_OR_SUPERSESSION_CONFLICT","CROSS-CUTTING ASSURANCE OS","Protocol revision, SOP version, recipe version, software version, formulation version, model version, or equipment configuration revision.","The schema identifies, binds, verifies, relates, and governs regulated objects. It does not independently approve, release, override, execute, or authorize regulated actions.","Official object records remain in governed source systems. The identity schema stores canonical references, bindings, aliases, verification results, integrity values, relationships, and governance states without replacing the official source record.","A designated object owner, data steward, system owner, process owner, Quality Unit, clinical authority, or other authorized human role remains accountable for identity verification and binding decisions.","Thread D, Thread D2, RAMAT Vision, glasses, wearables, dashboards, and device witnesses may display object identity state but may not create, approve, merge, retire, release, or override canonical identity.","Schema-only, simulator-first, mock-data-first, and local-validation-first. No PHI, company production data, classified data, or real regulated production integration is authorized by this step.","Evidence and controls must bind to the correct effective object version.","Identity schema registration is not runtime implementation, production readiness, regulatory validation, certification, or operational release.","HUMAN IDENTITY-SCHEMA REVIEW REQUIRED"
"ROI-012","Identity Ownership and Stewardship Record","GOVERNANCE","Identifies the human and organizational roles responsible for object ownership, identity stewardship, verification, correction, and escalation.","stewardship_id; object_id; owner_actor_or_role_id; steward_actor_or_role_id; responsibility_scope; valid_from_utc; valid_to_utc; assignment_status","Every active regulated object must have an identifiable owner or accountable role and a governed route for identity correction and escalation.","OBJECT_OWNER_OR_STEWARD_NOT_IDENTIFIED","HUMAN GOVERNANCE / PLATFORM A","Application owner, equipment owner, specimen custodian, batch owner, clinical investigator, AI-agent owner, document owner, or data steward.","The schema identifies, binds, verifies, relates, and governs regulated objects. It does not independently approve, release, override, execute, or authorize regulated actions.","Official object records remain in governed source systems. The identity schema stores canonical references, bindings, aliases, verification results, integrity values, relationships, and governance states without replacing the official source record.","A designated object owner, data steward, system owner, process owner, Quality Unit, clinical authority, or other authorized human role remains accountable for identity verification and binding decisions.","Thread D, Thread D2, RAMAT Vision, glasses, wearables, dashboards, and device witnesses may display object identity state but may not create, approve, merge, retire, release, or override canonical identity.","Schema-only, simulator-first, mock-data-first, and local-validation-first. No PHI, company production data, classified data, or real regulated production integration is authorized by this step.","Authority and accountability records must resolve to current owners, stewards, and authorized roles.","Identity schema registration is not runtime implementation, production readiness, regulatory validation, certification, or operational release.","HUMAN IDENTITY-SCHEMA REVIEW REQUIRED"
"ROI-013","Physical-Digital Identity Binding","PHYSICAL-DIGITAL BINDING","Binds a physical object to its digital identity using controlled labels, tags, device credentials, sensors, or other governed identifiers.","physical_binding_id; object_id; binding_type; tag_or_device_id; binding_evidence_id; bound_at_utc; bound_by_actor_id; binding_status","A physical-digital binding must identify the canonical object, binding method, tag or device, accountable binder, time, evidence, and current status.","PHYSICAL_DIGITAL_BINDING_INVALID","CROSS-CUTTING ASSURANCE OS / DEVICE WITNESS","QR label, NFC tag, RFID tag, barcode, BLE beacon, secure device certificate, equipment label, shipment seal, or wearable-observed object marker.","The schema identifies, binds, verifies, relates, and governs regulated objects. It does not independently approve, release, override, execute, or authorize regulated actions.","Official object records remain in governed source systems. The identity schema stores canonical references, bindings, aliases, verification results, integrity values, relationships, and governance states without replacing the official source record.","A designated object owner, data steward, system owner, process owner, Quality Unit, clinical authority, or other authorized human role remains accountable for identity verification and binding decisions.","Thread D, Thread D2, RAMAT Vision, glasses, wearables, dashboards, and device witnesses may display object identity state but may not create, approve, merge, retire, release, or override canonical identity.","Schema-only, simulator-first, mock-data-first, and local-validation-first. No PHI, company production data, classified data, or real regulated production integration is authorized by this step.","Evidence captured by devices or wearables must resolve through a valid physical-digital binding before supporting assurance decisions.","Identity schema registration is not runtime implementation, production readiness, regulatory validation, certification, or operational release.","HUMAN IDENTITY-SCHEMA REVIEW REQUIRED"
"ROI-014","Identity Integrity Seal","IDENTITY INTEGRITY","Creates a cryptographic seal over the selected identity attributes, source bindings, aliases, relationships, and lifecycle state.","identity_seal_id; object_id; sealed_field_scope; hash_algorithm; hash_value; sealed_at_utc; sealed_by; content_length; seal_status","An identity seal is valid only when the field scope, algorithm, hash, object, calculation context, time, and responsible actor are complete.","IDENTITY_INTEGRITY_SEAL_INVALID","CROSS-CUTTING ASSURANCE OS","Seal over object type, canonical key, source-system bindings, active aliases, lifecycle state, and critical relationships.","The schema identifies, binds, verifies, relates, and governs regulated objects. It does not independently approve, release, override, execute, or authorize regulated actions.","Official object records remain in governed source systems. The identity schema stores canonical references, bindings, aliases, verification results, integrity values, relationships, and governance states without replacing the official source record.","A designated object owner, data steward, system owner, process owner, Quality Unit, clinical authority, or other authorized human role remains accountable for identity verification and binding decisions.","Thread D, Thread D2, RAMAT Vision, glasses, wearables, dashboards, and device witnesses may display object identity state but may not create, approve, merge, retire, release, or override canonical identity.","Schema-only, simulator-first, mock-data-first, and local-validation-first. No PHI, company production data, classified data, or real regulated production integration is authorized by this step.","Step 155 may require a valid identity seal or successful rehash verification before evidence or authority may bind to the object.","Identity schema registration is not runtime implementation, production readiness, regulatory validation, certification, or operational release.","HUMAN IDENTITY-SCHEMA REVIEW REQUIRED"
"ROI-015","Identity Conflict and Governance Hold","IDENTITY HOLD","Creates an explicit governance hold when object identity is missing, duplicated, mismatched, stale, unverified, disputed, or bound to conflicting sources.","identity_hold_id; object_id; conflict_type; affected_bindings; reason_code; activated_at_utc; escalation_route; resolution_status","Identity conflict must remain explicit and must prevent silent evidence, authority, release, or execution binding until governed resolution.","IDENTITY_GOVERNANCE_HOLD_ACTIVE","PLATFORM B1 / CROSS-CUTTING ASSURANCE OS","Patient mismatch, accession mismatch, duplicate CI, conflicting serial number, renamed application ambiguity, stale identity, or disputed custody object.","The schema identifies, binds, verifies, relates, and governs regulated objects. It does not independently approve, release, override, execute, or authorize regulated actions.","Official object records remain in governed source systems. The identity schema stores canonical references, bindings, aliases, verification results, integrity values, relationships, and governance states without replacing the official source record.","A designated object owner, data steward, system owner, process owner, Quality Unit, clinical authority, or other authorized human role remains accountable for identity verification and binding decisions.","Thread D, Thread D2, RAMAT Vision, glasses, wearables, dashboards, and device witnesses may display object identity state but may not create, approve, merge, retire, release, or override canonical identity.","Schema-only, simulator-first, mock-data-first, and local-validation-first. No PHI, company production data, classified data, or real regulated production integration is authorized by this step.","Step 155 must activate No-Bind or inadmissibility when a material identity conflict remains unresolved.","Identity schema registration is not runtime implementation, production readiness, regulatory validation, certification, or operational release.","HUMAN IDENTITY-SCHEMA REVIEW REQUIRED"
"ROI-016","Regulated Object Identity Passport","IDENTITY PASSPORT","Provides a governed, reviewable identity summary containing canonical identity, source bindings, aliases, lifecycle state, owner, verification, integrity, relationships, conflicts, and current assurance status.","passport_id; object_id; canonical_key; object_type_id; current_bindings; active_aliases; lifecycle_state; owner_role_id; verification_state; integrity_state; conflict_state; generated_at_utc","An identity passport must be generated from current governed records, must expose unresolved conflicts, and must not become the official source record.","IDENTITY_PASSPORT_INCOMPLETE_OR_STALE","PLATFORM B1 / CROSS-CUTTING ASSURANCE OS","Batch identity passport, sample identity passport, equipment CI passport, AI-agent identity passport, shipment passport, dose passport, or document passport.","The schema identifies, binds, verifies, relates, and governs regulated objects. It does not independently approve, release, override, execute, or authorize regulated actions.","Official object records remain in governed source systems. The identity schema stores canonical references, bindings, aliases, verification results, integrity values, relationships, and governance states without replacing the official source record.","A designated object owner, data steward, system owner, process owner, Quality Unit, clinical authority, or other authorized human role remains accountable for identity verification and binding decisions.","Thread D, Thread D2, RAMAT Vision, glasses, wearables, dashboards, and device witnesses may display object identity state but may not create, approve, merge, retire, release, or override canonical identity.","Schema-only, simulator-first, mock-data-first, and local-validation-first. No PHI, company production data, classified data, or real regulated production integration is authorized by this step.","Step 155 may use the identity passport as a governed input to evidence, authority, No-Bind, and accountability evaluation.","Identity schema registration is not runtime implementation, production readiness, regulatory validation, certification, or operational release.","HUMAN IDENTITY-SCHEMA REVIEW REQUIRED"
