"PrimitiveId","PrimitiveName","PrimitiveCategory","Purpose","RequiredFields","ValidationRule","FailureState","PrimaryOwnerLayer","AppliesTo","RuntimeAuthority","SourceOfTruthRule","HumanAccountabilityRule","DisplayBoundary","Step154Dependency","MaturityStatement","ReviewStatus"
"UK-001","Assurance Object","OBJECT","Defines the universal object being governed, evaluated, referenced, witnessed, reconstructed, or linked to evidence.","object_id; object_type; object_name; lifecycle_state; owner_role; source_system_id; created_at_utc; updated_at_utc","Every assurance evaluation must reference one uniquely identified assurance object.","OBJECT_IDENTITY_UNRESOLVED","CROSS-CUTTING ASSURANCE OS","Clinical subjects, samples, batches, equipment, CIs, devices, shipments, transactions, AI agents, documents, cases, and assets.","SCHEMA AND ASSURANCE-EVALUATION SUPPORT ONLY. NO INDEPENDENT APPROVAL, RELEASE, OVERRIDE, OR EXECUTION AUTHORITY.","Official records remain in governed source systems. The kernel stores governed references, integrity values, evaluations, and reconstruction links without replacing the official record.","Qualified humans and authorized organizational roles remain accountable for binding decisions.","Thread D, Thread D2, RAMAT Vision, glasses, wearables, dashboards, and device witnesses may display or witness evaluated state but may not approve, release, override, resolve, or execute actions.","Step 154 must define the full Regulated Object Identity schema.","Kernel primitive registration is a schema baseline, not runtime implementation, production readiness, regulatory validation, certification, or operational release.","HUMAN SCHEMA REVIEW REQUIRED"
"UK-002","Regulated Object Identity Reference","IDENTITY","Provides a stable identity reference connecting an assurance object to its official source-system identity.","object_id; source_system_id; source_record_id; identity_type; identity_status; identity_verified_at_utc","An object identity must be unique within its declared source system and must not be inferred only from display text.","IDENTITY_MISMATCH_OR_DUPLICATE","CROSS-CUTTING ASSURANCE OS","All regulated, critical, operational, digital, physical, human, AI, document, and evidence objects.","SCHEMA AND ASSURANCE-EVALUATION SUPPORT ONLY. NO INDEPENDENT APPROVAL, RELEASE, OVERRIDE, OR EXECUTION AUTHORITY.","Official records remain in governed source systems. The kernel stores governed references, integrity values, evaluations, and reconstruction links without replacing the official record.","Qualified humans and authorized organizational roles remain accountable for binding decisions.","Thread D, Thread D2, RAMAT Vision, glasses, wearables, dashboards, and device witnesses may display or witness evaluated state but may not approve, release, override, resolve, or execute actions.","Step 154 will expand aliases, identity bindings, canonical IDs, source-system keys, lifecycle states, and duplicate resolution.","Kernel primitive registration is a schema baseline, not runtime implementation, production readiness, regulatory validation, certification, or operational release.","HUMAN SCHEMA REVIEW REQUIRED"
"UK-003","Evidence Item","EVIDENCE","Represents one governed item of evidence supporting or contradicting an assurance claim.","evidence_id; object_id; evidence_type; source_system_id; source_record_id; captured_at_utc; captured_by; evidence_status","Evidence must have identifiable origin, time, object linkage, and status before it can support an assurance decision.","EVIDENCE_MISSING_OR_UNATTRIBUTED","CROSS-CUTTING ASSURANCE OS","Files, records, events, logs, approvals, sensor readings, audit trails, images, reports, signatures, and attestations.","SCHEMA AND ASSURANCE-EVALUATION SUPPORT ONLY. NO INDEPENDENT APPROVAL, RELEASE, OVERRIDE, OR EXECUTION AUTHORITY.","Official records remain in governed source systems. The kernel stores governed references, integrity values, evaluations, and reconstruction links without replacing the official record.","Qualified humans and authorized organizational roles remain accountable for binding decisions.","Thread D, Thread D2, RAMAT Vision, glasses, wearables, dashboards, and device witnesses may display or witness evaluated state but may not approve, release, override, resolve, or execute actions.","Evidence must reference a valid regulated object identity.","Kernel primitive registration is a schema baseline, not runtime implementation, production readiness, regulatory validation, certification, or operational release.","HUMAN SCHEMA REVIEW REQUIRED"
"UK-004","Evidence Integrity Seal","INTEGRITY","Stores the cryptographic integrity value calculated for a governed evidence item.","seal_id; evidence_id; hash_algorithm; hash_value; hashed_at_utc; hashed_by; content_length; seal_status","A seal is valid only when the declared algorithm, hash value, evidence reference, and calculation context are complete.","EVIDENCE_SEAL_INVALID","CROSS-CUTTING ASSURANCE OS","Documents, structured records, event payloads, files, exports, images, logs, and evidence packages.","SCHEMA AND ASSURANCE-EVALUATION SUPPORT ONLY. NO INDEPENDENT APPROVAL, RELEASE, OVERRIDE, OR EXECUTION AUTHORITY.","Official records remain in governed source systems. The kernel stores governed references, integrity values, evaluations, and reconstruction links without replacing the official record.","Qualified humans and authorized organizational roles remain accountable for binding decisions.","Thread D, Thread D2, RAMAT Vision, glasses, wearables, dashboards, and device witnesses may display or witness evaluated state but may not approve, release, override, resolve, or execute actions.","The sealed evidence item must resolve to a governed object identity.","Kernel primitive registration is a schema baseline, not runtime implementation, production readiness, regulatory validation, certification, or operational release.","HUMAN SCHEMA REVIEW REQUIRED"
"UK-005","Rehash Verification","INTEGRITY","Verifies whether current evidence content still matches its previously recorded integrity seal.","verification_id; seal_id; recalculated_hash; verified_at_utc; verified_by; comparison_result; verification_status","The recalculated hash must be compared against the stored seal using the same algorithm and declared evidence scope.","REHASH_MISMATCH","CROSS-CUTTING ASSURANCE OS","Evidence reconstruction, audit preparation, inspection readiness, transfer verification, archive checks, and chain-of-custody review.","SCHEMA AND ASSURANCE-EVALUATION SUPPORT ONLY. NO INDEPENDENT APPROVAL, RELEASE, OVERRIDE, OR EXECUTION AUTHORITY.","Official records remain in governed source systems. The kernel stores governed references, integrity values, evaluations, and reconstruction links without replacing the official record.","Qualified humans and authorized organizational roles remain accountable for binding decisions.","Thread D, Thread D2, RAMAT Vision, glasses, wearables, dashboards, and device witnesses may display or witness evaluated state but may not approve, release, override, resolve, or execute actions.","The related evidence and assurance object identities must remain resolvable.","Kernel primitive registration is a schema baseline, not runtime implementation, production readiness, regulatory validation, certification, or operational release.","HUMAN SCHEMA REVIEW REQUIRED"
"UK-006","Provenance Link","PROVENANCE","Connects evidence, decisions, transformations, actors, and source records into a traceable provenance path.","provenance_id; parent_object_id; child_object_id; relation_type; source_system_id; recorded_at_utc; recorded_by","Every derived or transformed item must identify its parent, relationship, actor, source, and time.","PROVENANCE_CHAIN_INCOMPLETE","CROSS-CUTTING ASSURANCE OS","Derived data, AI outputs, transformed records, reports, submissions, investigations, reconstructions, and decisions.","SCHEMA AND ASSURANCE-EVALUATION SUPPORT ONLY. NO INDEPENDENT APPROVAL, RELEASE, OVERRIDE, OR EXECUTION AUTHORITY.","Official records remain in governed source systems. The kernel stores governed references, integrity values, evaluations, and reconstruction links without replacing the official record.","Qualified humans and authorized organizational roles remain accountable for binding decisions.","Thread D, Thread D2, RAMAT Vision, glasses, wearables, dashboards, and device witnesses may display or witness evaluated state but may not approve, release, override, resolve, or execute actions.","Parent and child objects must use canonical regulated object identities.","Kernel primitive registration is a schema baseline, not runtime implementation, production readiness, regulatory validation, certification, or operational release.","HUMAN SCHEMA REVIEW REQUIRED"
"UK-007","Source-System Reference","SOURCE OF TRUTH","Identifies the governed system and official record location from which evidence or state originated.","source_system_id; system_name; system_type; environment; record_id; record_version; record_status; reference_uri_or_key","An assurance record must not claim official-record authority without a governed source-system reference.","SOURCE_OF_TRUTH_UNRESOLVED","CROSS-CUTTING ASSURANCE OS","LIMS, MES, ERP, eQMS, EHR, CMDB, historians, identity systems, document repositories, and other official systems.","SCHEMA AND ASSURANCE-EVALUATION SUPPORT ONLY. NO INDEPENDENT APPROVAL, RELEASE, OVERRIDE, OR EXECUTION AUTHORITY.","Official records remain in governed source systems. The kernel stores governed references, integrity values, evaluations, and reconstruction links without replacing the official record.","Qualified humans and authorized organizational roles remain accountable for binding decisions.","Thread D, Thread D2, RAMAT Vision, glasses, wearables, dashboards, and device witnesses may display or witness evaluated state but may not approve, release, override, resolve, or execute actions.","Step 154 must define how source-system identities bind to objects.","Kernel primitive registration is a schema baseline, not runtime implementation, production readiness, regulatory validation, certification, or operational release.","HUMAN SCHEMA REVIEW REQUIRED"
"UK-008","Chain-of-Custody Event","CUSTODY","Records custody, control, possession, transfer, or responsibility changes for a governed object.","custody_event_id; object_id; from_custodian; to_custodian; event_type; event_at_utc; location; condition_status; evidence_id","Every custody transfer must identify the object, parties, time, location, condition, and supporting evidence.","CUSTODY_CHAIN_BROKEN","CROSS-CUTTING ASSURANCE OS","Samples, materials, doses, products, shipments, devices, documents, digital evidence, serialized goods, and assets.","SCHEMA AND ASSURANCE-EVALUATION SUPPORT ONLY. NO INDEPENDENT APPROVAL, RELEASE, OVERRIDE, OR EXECUTION AUTHORITY.","Official records remain in governed source systems. The kernel stores governed references, integrity values, evaluations, and reconstruction links without replacing the official record.","Qualified humans and authorized organizational roles remain accountable for binding decisions.","Thread D, Thread D2, RAMAT Vision, glasses, wearables, dashboards, and device witnesses may display or witness evaluated state but may not approve, release, override, resolve, or execute actions.","The transferred item must have one canonical object identity.","Kernel primitive registration is a schema baseline, not runtime implementation, production readiness, regulatory validation, certification, or operational release.","HUMAN SCHEMA REVIEW REQUIRED"
"UK-009","Workflow Dependency","DEPENDENCY","Defines a condition that must agree or be satisfied before execution, release, reporting, transfer, or audit exposure.","dependency_id; object_id; dependency_type; required_state; observed_state; source_system_id; evaluated_at_utc; dependency_status","A workflow cannot be considered trustworthy when required and observed dependency states disagree or remain unknown.","DEPENDENCY_UNSATISFIED_OR_MISMATCHED","PLATFORM B1 / MVP2","Clinical, laboratory, manufacturing, quality, supply-chain, IT, equipment, AI-agent, financial, and infrastructure workflows.","SCHEMA AND ASSURANCE-EVALUATION SUPPORT ONLY. NO INDEPENDENT APPROVAL, RELEASE, OVERRIDE, OR EXECUTION AUTHORITY.","Official records remain in governed source systems. The kernel stores governed references, integrity values, evaluations, and reconstruction links without replacing the official record.","Qualified humans and authorized organizational roles remain accountable for binding decisions.","Thread D, Thread D2, RAMAT Vision, glasses, wearables, dashboards, and device witnesses may display or witness evaluated state but may not approve, release, override, resolve, or execute actions.","Every dependency must identify the regulated objects it constrains.","Kernel primitive registration is a schema baseline, not runtime implementation, production readiness, regulatory validation, certification, or operational release.","HUMAN SCHEMA REVIEW REQUIRED"
"UK-010","Control Requirement","CONTROL","Defines the governed requirement, policy, obligation, or control that an assurance evaluation tests.","control_id; control_name; control_source; obligation_reference; applicable_object_type; evaluation_method; control_owner; control_status","A control result must identify the requirement tested, evaluation method, owner, applicable object, and result.","CONTROL_UNMAPPED_OR_UNTESTED","PLATFORM A / CROSS-CUTTING ASSURANCE OS","Policies, regulations, standards, SOPs, technical controls, quality controls, AI controls, and operational requirements.","SCHEMA AND ASSURANCE-EVALUATION SUPPORT ONLY. NO INDEPENDENT APPROVAL, RELEASE, OVERRIDE, OR EXECUTION AUTHORITY.","Official records remain in governed source systems. The kernel stores governed references, integrity values, evaluations, and reconstruction links without replacing the official record.","Qualified humans and authorized organizational roles remain accountable for binding decisions.","Thread D, Thread D2, RAMAT Vision, glasses, wearables, dashboards, and device witnesses may display or witness evaluated state but may not approve, release, override, resolve, or execute actions.","Control applicability must resolve to governed object types and identities.","Kernel primitive registration is a schema baseline, not runtime implementation, production readiness, regulatory validation, certification, or operational release.","HUMAN SCHEMA REVIEW REQUIRED"
"UK-011","Authority Record","AUTHORITY","Represents the authority required for a person, role, rule, or delegated actor to bind an action.","authority_id; actor_id; role_id; authority_type; scope; valid_from_utc; valid_to_utc; delegated_by; authority_status","Authority must be present, valid, current, in scope, and linked to an accountable actor before an action may be admissible.","AUTHORITY_ABSENT_OR_INVALID","PLATFORM B1 / MVP2","Approvals, releases, overrides, delegated decisions, AI actions, clinical decisions, quality decisions, and operational authorizations.","SCHEMA AND ASSURANCE-EVALUATION SUPPORT ONLY. NO INDEPENDENT APPROVAL, RELEASE, OVERRIDE, OR EXECUTION AUTHORITY.","Official records remain in governed source systems. The kernel stores governed references, integrity values, evaluations, and reconstruction links without replacing the official record.","Qualified humans and authorized organizational roles remain accountable for binding decisions.","Thread D, Thread D2, RAMAT Vision, glasses, wearables, dashboards, and device witnesses may display or witness evaluated state but may not approve, release, override, resolve, or execute actions.","The actor and governed action object must have canonical identities.","Kernel primitive registration is a schema baseline, not runtime implementation, production readiness, regulatory validation, certification, or operational release.","HUMAN SCHEMA REVIEW REQUIRED"
"UK-012","No-Bind Governance State","GOVERNANCE","Creates an explicit governed hold when binding authority, evidence, review, timing, or escalation is insufficient.","no_bind_id; object_id; action_id; reason_code; authority_state; evidence_state; approver_state; escalation_state; activated_at_utc; status","Silence, missed alerts, unavailable approvers, or absent objection must never be interpreted as authorization.","NO_BIND_STATE_ACTIVE","PLATFORM B1 / MVP2","AI actions, quality approvals, clinical decisions, release decisions, financial actions, public-sector decisions, and critical operations.","SCHEMA AND ASSURANCE-EVALUATION SUPPORT ONLY. NO INDEPENDENT APPROVAL, RELEASE, OVERRIDE, OR EXECUTION AUTHORITY.","Official records remain in governed source systems. The kernel stores governed references, integrity values, evaluations, and reconstruction links without replacing the official record.","Qualified humans and authorized organizational roles remain accountable for binding decisions.","Thread D, Thread D2, RAMAT Vision, glasses, wearables, dashboards, and device witnesses may display or witness evaluated state but may not approve, release, override, resolve, or execute actions.","The held object, proposed action, actor, and authority record must be identifiable.","Kernel primitive registration is a schema baseline, not runtime implementation, production readiness, regulatory validation, certification, or operational release.","HUMAN SCHEMA REVIEW REQUIRED"
"UK-013","Human Accountability Record","ACCOUNTABILITY","Identifies the qualified human or authorized organizational role responsible for review, approval, escalation, or binding action.","accountability_id; actor_id; role_id; responsibility_type; object_id; action_id; assigned_at_utc; accepted_at_utc; status","A high-consequence action must not become admissible without an identifiable accountable human or authorized role.","HUMAN_ACCOUNTABILITY_NOT_IDENTIFIED","PLATFORM B1 / MVP2","Regulated decisions, critical actions, approvals, releases, escalations, investigations, and AI-mediated workflows.","SCHEMA AND ASSURANCE-EVALUATION SUPPORT ONLY. NO INDEPENDENT APPROVAL, RELEASE, OVERRIDE, OR EXECUTION AUTHORITY.","Official records remain in governed source systems. The kernel stores governed references, integrity values, evaluations, and reconstruction links without replacing the official record.","Qualified humans and authorized organizational roles remain accountable for binding decisions.","Thread D, Thread D2, RAMAT Vision, glasses, wearables, dashboards, and device witnesses may display or witness evaluated state but may not approve, release, override, resolve, or execute actions.","The accountable actor, governed object, and action must use stable identities.","Kernel primitive registration is a schema baseline, not runtime implementation, production readiness, regulatory validation, certification, or operational release.","HUMAN SCHEMA REVIEW REQUIRED"
"UK-014","Assurance Evaluation","EVALUATION","Records the result of evaluating evidence, controls, dependencies, identity, authority, timing, and source agreement.","evaluation_id; object_id; evaluation_type; evaluated_at_utc; evaluated_by; evidence_ids; control_ids; result; rationale","An evaluation result must be reproducible from declared evidence, controls, states, and evaluation logic.","ASSURANCE_EVALUATION_INCOMPLETE","PLATFORM B v1 / PLATFORM B1","Assurance checks, integrity reviews, dependency reviews, authority checks, release readiness, audit readiness, and risk reviews.","SCHEMA AND ASSURANCE-EVALUATION SUPPORT ONLY. NO INDEPENDENT APPROVAL, RELEASE, OVERRIDE, OR EXECUTION AUTHORITY.","Official records remain in governed source systems. The kernel stores governed references, integrity values, evaluations, and reconstruction links without replacing the official record.","Qualified humans and authorized organizational roles remain accountable for binding decisions.","Thread D, Thread D2, RAMAT Vision, glasses, wearables, dashboards, and device witnesses may display or witness evaluated state but may not approve, release, override, resolve, or execute actions.","Every evaluation must resolve to the governed object being evaluated.","Kernel primitive registration is a schema baseline, not runtime implementation, production readiness, regulatory validation, certification, or operational release.","HUMAN SCHEMA REVIEW REQUIRED"
"UK-015","Action Admissibility Record","DECISION SUPPORT","Records whether a proposed action is admissible based on evaluated evidence, controls, dependencies, authority, timing, and accountability.","admissibility_id; action_id; object_id; evaluation_id; authority_id; accountability_id; decision_state; rationale; decided_at_utc","Admissibility must not equal execution. The record evaluates whether an action may proceed subject to valid human and source-system authority.","ACTION_INADMISSIBLE_OR_HELD","PLATFORM B v1 / PLATFORM B1","Release, approval, transfer, submission, execution, override, access, payment, treatment, and autonomous-agent actions.","SCHEMA AND ASSURANCE-EVALUATION SUPPORT ONLY. NO INDEPENDENT APPROVAL, RELEASE, OVERRIDE, OR EXECUTION AUTHORITY.","Official records remain in governed source systems. The kernel stores governed references, integrity values, evaluations, and reconstruction links without replacing the official record.","Qualified humans and authorized organizational roles remain accountable for binding decisions.","Thread D, Thread D2, RAMAT Vision, glasses, wearables, dashboards, and device witnesses may display or witness evaluated state but may not approve, release, override, resolve, or execute actions.","The action target, actor, authority, and governed object identities must resolve.","Kernel primitive registration is a schema baseline, not runtime implementation, production readiness, regulatory validation, certification, or operational release.","HUMAN SCHEMA REVIEW REQUIRED"
"UK-016","Assurance State Snapshot","STATE","Captures the evaluated assurance state of an object at a specific time without replacing the object's official source-system state.","snapshot_id; object_id; snapshot_at_utc; assurance_state; evidence_state; dependency_state; authority_state; source_state","A snapshot must identify its time, source references, evaluation basis, and whether any state remains unknown.","STATE_UNKNOWN_OR_CONFLICTED","PLATFORM B1 / MVP2","Dashboards, inspections, release readiness, audit reconstruction, wearable displays, and operational assurance views.","SCHEMA AND ASSURANCE-EVALUATION SUPPORT ONLY. NO INDEPENDENT APPROVAL, RELEASE, OVERRIDE, OR EXECUTION AUTHORITY.","Official records remain in governed source systems. The kernel stores governed references, integrity values, evaluations, and reconstruction links without replacing the official record.","Qualified humans and authorized organizational roles remain accountable for binding decisions.","Thread D, Thread D2, RAMAT Vision, glasses, wearables, dashboards, and device witnesses may display or witness evaluated state but may not approve, release, override, resolve, or execute actions.","The snapshot must reference one canonical assurance object identity.","Kernel primitive registration is a schema baseline, not runtime implementation, production readiness, regulatory validation, certification, or operational release.","HUMAN SCHEMA REVIEW REQUIRED"
"UK-017","Evidence Reconstruction Package","RECONSTRUCTION","Assembles the governed sequence of objects, evidence, integrity checks, states, actors, controls, and decisions for audit or inspection.","reconstruction_id; object_id; scope; start_at_utc; end_at_utc; evidence_ids; event_ids; evaluation_ids; generated_at_utc; generated_by","A reconstruction package must preserve chronology, provenance, integrity status, source references, gaps, and unresolved conflicts.","RECONSTRUCTION_INCOMPLETE_OR_NONDEFENSIBLE","PLATFORM B1 / MVP2","Inspections, audits, deviations, CAPA, clinical investigations, batch review, recalls, incidents, complaints, and submissions.","SCHEMA AND ASSURANCE-EVALUATION SUPPORT ONLY. NO INDEPENDENT APPROVAL, RELEASE, OVERRIDE, OR EXECUTION AUTHORITY.","Official records remain in governed source systems. The kernel stores governed references, integrity values, evaluations, and reconstruction links without replacing the official record.","Qualified humans and authorized organizational roles remain accountable for binding decisions.","Thread D, Thread D2, RAMAT Vision, glasses, wearables, dashboards, and device witnesses may display or witness evaluated state but may not approve, release, override, resolve, or execute actions.","All reconstructed objects and events must use stable governed identities.","Kernel primitive registration is a schema baseline, not runtime implementation, production readiness, regulatory validation, certification, or operational release.","HUMAN SCHEMA REVIEW REQUIRED"
"UK-018","Display and Witness Contract","DISPLAY","Defines the limited assurance-state payload that a display, wearable, dashboard, or device witness may present.","display_contract_id; object_id; snapshot_id; allowed_fields; redaction_rule; display_mode; generated_at_utc; expires_at_utc","A display contract may communicate evaluated state only and must not create approval, release, override, or execution authority.","DISPLAY_CONTRACT_INVALID_OR_OVERPERMISSIVE","THREAD D / THREAD D2","RAMAT Vision, glasses, wearables, dashboards, mobile displays, device witnesses, regulator views, and audit views.","SCHEMA AND ASSURANCE-EVALUATION SUPPORT ONLY. NO INDEPENDENT APPROVAL, RELEASE, OVERRIDE, OR EXECUTION AUTHORITY.","Official records remain in governed source systems. The kernel stores governed references, integrity values, evaluations, and reconstruction links without replacing the official record.","Qualified humans and authorized organizational roles remain accountable for binding decisions.","Thread D, Thread D2, RAMAT Vision, glasses, wearables, dashboards, and device witnesses may display or witness evaluated state but may not approve, release, override, resolve, or execute actions.","Displayed state must reference the correct governed object identity.","Kernel primitive registration is a schema baseline, not runtime implementation, production readiness, regulatory validation, certification, or operational release.","HUMAN SCHEMA REVIEW REQUIRED"
