checklist_id,test_case_id,system_key,system_name,evidence_item,evidence_type,evidence_status,required_for_execution,capture_instruction,acceptable_format,reviewer_note,not_allowed_content,evidence_route,last_checked,checklist_hash
ST-EVID-827FBE17662B,ST-TEST-F389709F60E2,azure-blob,Azure Blob Storage,Route Screenshot,Screenshot,GREEN,YES,Capture screenshot of the sterile planning route that supports the test.,PNG/JPG/PDF screenshot,Use sterile-only page evidence. Do not capture protected production system screens.,"No production PHI/PII, secrets, tokens, credentials, or source-system admin screens.",/sterile-compounding/nonprod-poc-plan/azure-blob,2026-05-12 23:01:46 UTC,d44c4e1ae2c3d15cb8288ce9520a9ece30ed88ce916afe5716fb4d08458376e9
ST-EVID-C33A434923BB,ST-TEST-F389709F60E2,azure-blob,Azure Blob Storage,CSV Export,CSV,GREEN,YES,Export the relevant sterile register used by the test.,CSV export from sterile route,CSV should come from sterile module export route only.,No uncontrolled export from enterprise source systems.,/sterile-compounding/nonprod-poc-plan/azure-blob,2026-05-12 23:01:46 UTC,9e4abe0b78e1191497716a6d26615bf172b1dfec9b8f84b31394bd5e7214eb14
ST-EVID-00BEC761ED21,ST-TEST-F389709F60E2,azure-blob,Azure Blob Storage,Boundary Confirmation,Governance Note,GREEN,YES,"Confirm that no API call, credential, production data, or writeback was used.",Text note or review comment,This is required for every non-production connector test.,No real connector activation.,/sterile-compounding/nonprod-poc-plan,2026-05-12 23:01:46 UTC,7b4d7213799f24fc1fbcd63c324bfbd0c1f3c36e822965e65a220cfad6801b53
ST-EVID-2201D3835048,ST-TEST-2723CFC2BEB8,azure-blob,Azure Blob Storage,Route Screenshot,Screenshot,GREEN,YES,Capture screenshot of the sterile planning route that supports the test.,PNG/JPG/PDF screenshot,Use sterile-only page evidence. Do not capture protected production system screens.,"No production PHI/PII, secrets, tokens, credentials, or source-system admin screens.",/sterile-compounding/data-contracts/azure-blob,2026-05-12 23:01:46 UTC,aedc927d30d516b426db03ae172a16b4ca4d45e9e49792fa68bcece985df0f0f
ST-EVID-4A286797A466,ST-TEST-2723CFC2BEB8,azure-blob,Azure Blob Storage,CSV Export,CSV,GREEN,YES,Export the relevant sterile register used by the test.,CSV export from sterile route,CSV should come from sterile module export route only.,No uncontrolled export from enterprise source systems.,/sterile-compounding/data-contracts/azure-blob,2026-05-12 23:01:46 UTC,1de8d8ae84408e790d92fee45a57aa489cccd0d225f6703e2fa240c5270afe34
ST-EVID-9B6F436B4F9C,ST-TEST-2723CFC2BEB8,azure-blob,Azure Blob Storage,Boundary Confirmation,Governance Note,GREEN,YES,"Confirm that no API call, credential, production data, or writeback was used.",Text note or review comment,This is required for every non-production connector test.,No real connector activation.,/sterile-compounding/nonprod-poc-plan,2026-05-12 23:01:46 UTC,58d64a0777e08ff4836c2033055e8a8cdc366484ca91e334babe86b797874dcd
ST-EVID-C99B62F09755,ST-TEST-2723CFC2BEB8,azure-blob,Azure Blob Storage,Data Contract Evidence,Register Export,GREEN,YES,Export or screenshot the data contract and field mapping pages for this system.,CSV/screenshot,"Shows keys, fields, source-of-truth boundary, and no-writeback rule.",No live data pull.,/sterile-compounding/data-contracts/azure-blob,2026-05-12 23:01:46 UTC,edb3744bdcd7eedcba4dc775b3ff4bc4d55648feaf2f5635af51aeedc7291bba
ST-EVID-601519223375,ST-TEST-E8F942A29EFB,azure-blob,Azure Blob Storage,Route Screenshot,Screenshot,GREEN,YES,Capture screenshot of the sterile planning route that supports the test.,PNG/JPG/PDF screenshot,Use sterile-only page evidence. Do not capture protected production system screens.,"No production PHI/PII, secrets, tokens, credentials, or source-system admin screens.",/sterile-compounding/mock-ingestion-lab/azure-blob,2026-05-12 23:01:46 UTC,ac6d979fd13286aa2e077456133d2b29edf1deddb0c6ac6ab8820c4607f7ce34
ST-EVID-AD2ED8E15F36,ST-TEST-E8F942A29EFB,azure-blob,Azure Blob Storage,CSV Export,CSV,GREEN,YES,Export the relevant sterile register used by the test.,CSV export from sterile route,CSV should come from sterile module export route only.,No uncontrolled export from enterprise source systems.,/sterile-compounding/mock-ingestion-lab/azure-blob,2026-05-12 23:01:46 UTC,12ab361bb3cd2f39e7977e682ad0e72b75af773474d09b805de6b16309619068
ST-EVID-85B93BF26B86,ST-TEST-E8F942A29EFB,azure-blob,Azure Blob Storage,Boundary Confirmation,Governance Note,GREEN,YES,"Confirm that no API call, credential, production data, or writeback was used.",Text note or review comment,This is required for every non-production connector test.,No real connector activation.,/sterile-compounding/nonprod-poc-plan,2026-05-12 23:01:46 UTC,bceb8c7bec7c7b75719b366d5f5a2da4d685df4fd5a809e777099453b0a241b8
ST-EVID-CE3AF1F8D59D,ST-TEST-E8F942A29EFB,azure-blob,Azure Blob Storage,Mock Payload Evidence,Mock Register,GREEN,YES,Capture mock ingestion payload shape and quality gate for this system.,CSV/screenshot,Shows readiness without connecting to the source system.,No external API request.,/sterile-compounding/mock-ingestion-lab/azure-blob,2026-05-12 23:01:46 UTC,176a74d69abcc04734ba2d6a224d93057a2314f78adea928cd0d28515e2f7951
ST-EVID-F7FC1D6FDABB,ST-TEST-81440B5A1093,azure-blob,Azure Blob Storage,Route Screenshot,Screenshot,YELLOW,YES,Capture screenshot of the sterile planning route that supports the test.,PNG/JPG/PDF screenshot,Use sterile-only page evidence. Do not capture protected production system screens.,"No production PHI/PII, secrets, tokens, credentials, or source-system admin screens.",/sterile-compounding/connector-approval-board/azure-blob,2026-05-12 23:01:46 UTC,185cdbd9c3f0efc8bea34b8c30807ed8cfa1c79fb927555d652647eb1572fd59
ST-EVID-888D47F34075,ST-TEST-81440B5A1093,azure-blob,Azure Blob Storage,CSV Export,CSV,YELLOW,YES,Export the relevant sterile register used by the test.,CSV export from sterile route,CSV should come from sterile module export route only.,No uncontrolled export from enterprise source systems.,/sterile-compounding/connector-approval-board/azure-blob,2026-05-12 23:01:46 UTC,8b3bc7795ae500a98725bbb1abaa8489ff72c81d7fa1c4352d8a067293ef92a8
ST-EVID-D270FD431E6F,ST-TEST-81440B5A1093,azure-blob,Azure Blob Storage,Boundary Confirmation,Governance Note,YELLOW,YES,"Confirm that no API call, credential, production data, or writeback was used.",Text note or review comment,This is required for every non-production connector test.,No real connector activation.,/sterile-compounding/nonprod-poc-plan,2026-05-12 23:01:46 UTC,fde2351646a3a865c74fffc8d06f1c01e59c12041a0833ef8bcd0baaa7aaa14f
ST-EVID-54E0B8EABB09,ST-TEST-81440B5A1093,azure-blob,Azure Blob Storage,Approval Board Evidence,Approval Register,YELLOW,YES,Capture connector approval board row for this system.,CSV/screenshot,Shows approval gaps and not-allowed actions.,Do not treat this as formal enterprise approval.,/sterile-compounding/connector-approval-board/azure-blob,2026-05-12 23:01:46 UTC,96ff7c0c5a1c4e4cdc0d97b7be96e1ec7d5aa71ada32f0c59e44089427dda21a
ST-EVID-D49F1740FBCA,ST-TEST-3D37436AD808,azure-blob,Azure Blob Storage,Route Screenshot,Screenshot,YELLOW,YES,Capture screenshot of the sterile planning route that supports the test.,PNG/JPG/PDF screenshot,Use sterile-only page evidence. Do not capture protected production system screens.,"No production PHI/PII, secrets, tokens, credentials, or source-system admin screens.",/sterile-compounding/pre-integration-risk?system=azure-blob,2026-05-12 23:01:46 UTC,207add0b6bd8a43cdb7be554e600c95383b64578816273fd6d82f23bf0d902d9
ST-EVID-0859BAC8B4B9,ST-TEST-3D37436AD808,azure-blob,Azure Blob Storage,CSV Export,CSV,YELLOW,YES,Export the relevant sterile register used by the test.,CSV export from sterile route,CSV should come from sterile module export route only.,No uncontrolled export from enterprise source systems.,/sterile-compounding/pre-integration-risk?system=azure-blob,2026-05-12 23:01:46 UTC,9734b5835eebe509f8d6bd784bff6ea725cfcc80bb88843b518a21a6735e8c40
ST-EVID-E9AA7C6A96BD,ST-TEST-3D37436AD808,azure-blob,Azure Blob Storage,Boundary Confirmation,Governance Note,YELLOW,YES,"Confirm that no API call, credential, production data, or writeback was used.",Text note or review comment,This is required for every non-production connector test.,No real connector activation.,/sterile-compounding/nonprod-poc-plan,2026-05-12 23:01:46 UTC,04e158356f55e753d2dcce3e5a300d6b16548be6910a1c78c10956be45ccd887
ST-EVID-84FCE7C422F5,ST-TEST-3D37436AD808,azure-blob,Azure Blob Storage,Failure Mode Evidence,Risk Register,YELLOW,YES,Capture pre-integration risk register and false-GREEN prevention rule.,CSV/screenshot,Shows missing/stale connector data cannot create false GREEN.,No silent pass when evidence is missing.,/sterile-compounding/pre-integration-risk?system=azure-blob,2026-05-12 23:01:46 UTC,9f0786c6c1c27ac470382672fae51613da3f1bf69cde0886881a1ae167197343
ST-EVID-10004CB1C148,ST-TEST-450EECB524D6,azure-blob,Azure Blob Storage,Route Screenshot,Screenshot,YELLOW,YES,Capture screenshot of the sterile planning route that supports the test.,PNG/JPG/PDF screenshot,Use sterile-only page evidence. Do not capture protected production system screens.,"No production PHI/PII, secrets, tokens, credentials, or source-system admin screens.",/sterile-compounding/nonprod-poc-plan/azure-blob,2026-05-12 23:01:46 UTC,28e2ba71ae2fb6d8e76e080d88d224b0e85375fc766ee0a53cd176bfa9d3213e
ST-EVID-185575A19BB7,ST-TEST-450EECB524D6,azure-blob,Azure Blob Storage,CSV Export,CSV,YELLOW,YES,Export the relevant sterile register used by the test.,CSV export from sterile route,CSV should come from sterile module export route only.,No uncontrolled export from enterprise source systems.,/sterile-compounding/nonprod-poc-plan/azure-blob,2026-05-12 23:01:46 UTC,ed683b4ee38e9e5c8a5f57b44bc03d57811c6e47eb253400622889fb4a4ee3d3
ST-EVID-80DA62914760,ST-TEST-450EECB524D6,azure-blob,Azure Blob Storage,Boundary Confirmation,Governance Note,YELLOW,YES,"Confirm that no API call, credential, production data, or writeback was used.",Text note or review comment,This is required for every non-production connector test.,No real connector activation.,/sterile-compounding/nonprod-poc-plan,2026-05-12 23:01:46 UTC,398e77e921fdb4dbf728d7b5f70f7d6bcca8c0105123bb09a1fdb10cefd749f8
ST-EVID-0C6CAA779601,ST-TEST-450EECB524D6,azure-blob,Azure Blob Storage,Evidence Package Summary,Checklist,YELLOW,YES,Confirm all required evidence items are present for this test case.,Checklist row / CSV export,Used to decide whether the test is execution-ready.,No evidence package built from production extracts unless separately approved.,/sterile-compounding/poc-evidence-checklist,2026-05-12 23:01:46 UTC,a75c6cea0fe573078c953e160918d34eddc668534351acff2eb74e30f92a5018
ST-EVID-3A4B9C232A3B,ST-TEST-8F9AAA26C587,azure-confidential-ledger,Azure Confidential Ledger,Route Screenshot,Screenshot,GREEN,YES,Capture screenshot of the sterile planning route that supports the test.,PNG/JPG/PDF screenshot,Use sterile-only page evidence. Do not capture protected production system screens.,"No production PHI/PII, secrets, tokens, credentials, or source-system admin screens.",/sterile-compounding/nonprod-poc-plan/azure-confidential-ledger,2026-05-12 23:01:46 UTC,4cee1b94f88194a2f264ec5d86905d29acccdde2c9e1a2d44b36d63f6045ec78
ST-EVID-70BBD7B7CA9D,ST-TEST-8F9AAA26C587,azure-confidential-ledger,Azure Confidential Ledger,CSV Export,CSV,GREEN,YES,Export the relevant sterile register used by the test.,CSV export from sterile route,CSV should come from sterile module export route only.,No uncontrolled export from enterprise source systems.,/sterile-compounding/nonprod-poc-plan/azure-confidential-ledger,2026-05-12 23:01:46 UTC,edebba568debe048c466ff289dec198c384eb30450888e295108ffcf9bc0dc5a
ST-EVID-229EE3B460E8,ST-TEST-8F9AAA26C587,azure-confidential-ledger,Azure Confidential Ledger,Boundary Confirmation,Governance Note,GREEN,YES,"Confirm that no API call, credential, production data, or writeback was used.",Text note or review comment,This is required for every non-production connector test.,No real connector activation.,/sterile-compounding/nonprod-poc-plan,2026-05-12 23:01:46 UTC,f9481dc47bfc5961f6bd1807bdc5a4ec1b909f1eb7e6a0d28d5227d041f15837
ST-EVID-D78BFCF1190E,ST-TEST-35B244092250,azure-confidential-ledger,Azure Confidential Ledger,Route Screenshot,Screenshot,YELLOW,YES,Capture screenshot of the sterile planning route that supports the test.,PNG/JPG/PDF screenshot,Use sterile-only page evidence. Do not capture protected production system screens.,"No production PHI/PII, secrets, tokens, credentials, or source-system admin screens.",/sterile-compounding/data-contracts/azure-confidential-ledger,2026-05-12 23:01:46 UTC,a3c1c199825b3e4d74cb55b21e8f7be1c83ecf7a72ec3a62aff697c629d434b2
ST-EVID-089D1153E54E,ST-TEST-35B244092250,azure-confidential-ledger,Azure Confidential Ledger,CSV Export,CSV,YELLOW,YES,Export the relevant sterile register used by the test.,CSV export from sterile route,CSV should come from sterile module export route only.,No uncontrolled export from enterprise source systems.,/sterile-compounding/data-contracts/azure-confidential-ledger,2026-05-12 23:01:46 UTC,60e2fc7702dc7dd0e8722e1516eaa8640f365a30af55be09683dfde142c10b31
ST-EVID-ED84A5305907,ST-TEST-35B244092250,azure-confidential-ledger,Azure Confidential Ledger,Boundary Confirmation,Governance Note,YELLOW,YES,"Confirm that no API call, credential, production data, or writeback was used.",Text note or review comment,This is required for every non-production connector test.,No real connector activation.,/sterile-compounding/nonprod-poc-plan,2026-05-12 23:01:46 UTC,52f419cf542865cd43188422693b862a8a67228ccfc032ce34293e55fe3104d2
ST-EVID-4396E78AE2F7,ST-TEST-35B244092250,azure-confidential-ledger,Azure Confidential Ledger,Data Contract Evidence,Register Export,YELLOW,YES,Export or screenshot the data contract and field mapping pages for this system.,CSV/screenshot,"Shows keys, fields, source-of-truth boundary, and no-writeback rule.",No live data pull.,/sterile-compounding/data-contracts/azure-confidential-ledger,2026-05-12 23:01:46 UTC,515a72e052a6f5b87de9d51e158e0183a3d8a911239cfbb832edfa42ca16c7eb
ST-EVID-92DF3D6099A3,ST-TEST-ECB42676DC4C,azure-confidential-ledger,Azure Confidential Ledger,Route Screenshot,Screenshot,YELLOW,YES,Capture screenshot of the sterile planning route that supports the test.,PNG/JPG/PDF screenshot,Use sterile-only page evidence. Do not capture protected production system screens.,"No production PHI/PII, secrets, tokens, credentials, or source-system admin screens.",/sterile-compounding/mock-ingestion-lab/azure-confidential-ledger,2026-05-12 23:01:46 UTC,3eb2a3246c914168cb2870a768edc18dc169ff9dd71436b3050e985de9edd837
ST-EVID-678E5818C555,ST-TEST-ECB42676DC4C,azure-confidential-ledger,Azure Confidential Ledger,CSV Export,CSV,YELLOW,YES,Export the relevant sterile register used by the test.,CSV export from sterile route,CSV should come from sterile module export route only.,No uncontrolled export from enterprise source systems.,/sterile-compounding/mock-ingestion-lab/azure-confidential-ledger,2026-05-12 23:01:46 UTC,39711e0b0a3d1787aadc50d9a04ad629bb958095b39365afaff8db73bf05b942
ST-EVID-5BC1EA987A5A,ST-TEST-ECB42676DC4C,azure-confidential-ledger,Azure Confidential Ledger,Boundary Confirmation,Governance Note,YELLOW,YES,"Confirm that no API call, credential, production data, or writeback was used.",Text note or review comment,This is required for every non-production connector test.,No real connector activation.,/sterile-compounding/nonprod-poc-plan,2026-05-12 23:01:46 UTC,caff4f2a6a16d96b2b4beb263f0ce15dc1c600124988483fab9952d514b94c84
ST-EVID-D47B28202BED,ST-TEST-ECB42676DC4C,azure-confidential-ledger,Azure Confidential Ledger,Mock Payload Evidence,Mock Register,YELLOW,YES,Capture mock ingestion payload shape and quality gate for this system.,CSV/screenshot,Shows readiness without connecting to the source system.,No external API request.,/sterile-compounding/mock-ingestion-lab/azure-confidential-ledger,2026-05-12 23:01:46 UTC,b7fd75cbd410a9ee2004f93cb0af9febbdb1bc9f1b2988ef649b237888a98a77
ST-EVID-0B3D03B94BBF,ST-TEST-8C3E14E38F74,azure-confidential-ledger,Azure Confidential Ledger,Route Screenshot,Screenshot,YELLOW,YES,Capture screenshot of the sterile planning route that supports the test.,PNG/JPG/PDF screenshot,Use sterile-only page evidence. Do not capture protected production system screens.,"No production PHI/PII, secrets, tokens, credentials, or source-system admin screens.",/sterile-compounding/connector-approval-board/azure-confidential-ledger,2026-05-12 23:01:46 UTC,392e718a2e5b772d3eb82a70277df9a549f9a4f2415daf3ae63a1877f76c1b7d
ST-EVID-114D66210D35,ST-TEST-8C3E14E38F74,azure-confidential-ledger,Azure Confidential Ledger,CSV Export,CSV,YELLOW,YES,Export the relevant sterile register used by the test.,CSV export from sterile route,CSV should come from sterile module export route only.,No uncontrolled export from enterprise source systems.,/sterile-compounding/connector-approval-board/azure-confidential-ledger,2026-05-12 23:01:46 UTC,cd961e084b214b49ee5c33834b45c7938b2d4358d85ed2d6ecb5a40dffc11782
ST-EVID-4CAA8C11FFFB,ST-TEST-8C3E14E38F74,azure-confidential-ledger,Azure Confidential Ledger,Boundary Confirmation,Governance Note,YELLOW,YES,"Confirm that no API call, credential, production data, or writeback was used.",Text note or review comment,This is required for every non-production connector test.,No real connector activation.,/sterile-compounding/nonprod-poc-plan,2026-05-12 23:01:46 UTC,88257e75111b94446033ee9fba76c3026f22a13cde1072b24d4fad3cd76bcdb6
ST-EVID-92252067843B,ST-TEST-8C3E14E38F74,azure-confidential-ledger,Azure Confidential Ledger,Approval Board Evidence,Approval Register,YELLOW,YES,Capture connector approval board row for this system.,CSV/screenshot,Shows approval gaps and not-allowed actions.,Do not treat this as formal enterprise approval.,/sterile-compounding/connector-approval-board/azure-confidential-ledger,2026-05-12 23:01:46 UTC,d28d51583f219564eb6129846efca055dd6531484fb49be3a8b3c203757a156f
ST-EVID-A174BBC7D09D,ST-TEST-74F646F52B98,azure-confidential-ledger,Azure Confidential Ledger,Route Screenshot,Screenshot,YELLOW,YES,Capture screenshot of the sterile planning route that supports the test.,PNG/JPG/PDF screenshot,Use sterile-only page evidence. Do not capture protected production system screens.,"No production PHI/PII, secrets, tokens, credentials, or source-system admin screens.",/sterile-compounding/pre-integration-risk?system=azure-confidential-ledger,2026-05-12 23:01:46 UTC,93fa2cb7de99a8d645250427ddf809f5c5805eaa7b7dc646d3a7b15ec87c757c
ST-EVID-3838D9777958,ST-TEST-74F646F52B98,azure-confidential-ledger,Azure Confidential Ledger,CSV Export,CSV,YELLOW,YES,Export the relevant sterile register used by the test.,CSV export from sterile route,CSV should come from sterile module export route only.,No uncontrolled export from enterprise source systems.,/sterile-compounding/pre-integration-risk?system=azure-confidential-ledger,2026-05-12 23:01:46 UTC,330e7b0c3522d07829ef3aaebfb40b966dadf29fcba35dc755a1827d0f511c9b
ST-EVID-ABF187A0618E,ST-TEST-74F646F52B98,azure-confidential-ledger,Azure Confidential Ledger,Boundary Confirmation,Governance Note,YELLOW,YES,"Confirm that no API call, credential, production data, or writeback was used.",Text note or review comment,This is required for every non-production connector test.,No real connector activation.,/sterile-compounding/nonprod-poc-plan,2026-05-12 23:01:46 UTC,c3e9604ac54be2a19dc4ea344811712f76cb3d4a0f0c8e9f9e407b9dc53a6c1d
ST-EVID-97111EE55905,ST-TEST-74F646F52B98,azure-confidential-ledger,Azure Confidential Ledger,Failure Mode Evidence,Risk Register,YELLOW,YES,Capture pre-integration risk register and false-GREEN prevention rule.,CSV/screenshot,Shows missing/stale connector data cannot create false GREEN.,No silent pass when evidence is missing.,/sterile-compounding/pre-integration-risk?system=azure-confidential-ledger,2026-05-12 23:01:46 UTC,b73c6a3063c3e004744c900b6d496edb25902659625291e0243fa435d416bb97
ST-EVID-E6C8615C9114,ST-TEST-7530D7094DF0,azure-confidential-ledger,Azure Confidential Ledger,Route Screenshot,Screenshot,YELLOW,YES,Capture screenshot of the sterile planning route that supports the test.,PNG/JPG/PDF screenshot,Use sterile-only page evidence. Do not capture protected production system screens.,"No production PHI/PII, secrets, tokens, credentials, or source-system admin screens.",/sterile-compounding/nonprod-poc-plan/azure-confidential-ledger,2026-05-12 23:01:46 UTC,288c6d32a9185a13e9743d60d4dcf5435645e932aa2d3ac394e72317a207c17e
ST-EVID-AEDC8040BDDC,ST-TEST-7530D7094DF0,azure-confidential-ledger,Azure Confidential Ledger,CSV Export,CSV,YELLOW,YES,Export the relevant sterile register used by the test.,CSV export from sterile route,CSV should come from sterile module export route only.,No uncontrolled export from enterprise source systems.,/sterile-compounding/nonprod-poc-plan/azure-confidential-ledger,2026-05-12 23:01:46 UTC,0a5484c47d35c2a2fd32bbd932b5b6c1a80dd048bd8c2c89affd6fe6a462e0a7
ST-EVID-6A3305E81906,ST-TEST-7530D7094DF0,azure-confidential-ledger,Azure Confidential Ledger,Boundary Confirmation,Governance Note,YELLOW,YES,"Confirm that no API call, credential, production data, or writeback was used.",Text note or review comment,This is required for every non-production connector test.,No real connector activation.,/sterile-compounding/nonprod-poc-plan,2026-05-12 23:01:46 UTC,68863ce443eb8136dda75559acac93b67c466d7cfd1e2413c9d073f6276de3e0
ST-EVID-1F10998F8122,ST-TEST-7530D7094DF0,azure-confidential-ledger,Azure Confidential Ledger,Evidence Package Summary,Checklist,YELLOW,YES,Confirm all required evidence items are present for this test case.,Checklist row / CSV export,Used to decide whether the test is execution-ready.,No evidence package built from production extracts unless separately approved.,/sterile-compounding/poc-evidence-checklist,2026-05-12 23:01:46 UTC,eb68890be3df150ba2d47becb667a0e885a571d0b6fcf4854a60712413e8871c
ST-EVID-D1B1E62EC3E4,ST-TEST-A192013CB3F6,blue-mountain,Blue Mountain RAM,Route Screenshot,Screenshot,GREEN,YES,Capture screenshot of the sterile planning route that supports the test.,PNG/JPG/PDF screenshot,Use sterile-only page evidence. Do not capture protected production system screens.,"No production PHI/PII, secrets, tokens, credentials, or source-system admin screens.",/sterile-compounding/nonprod-poc-plan/blue-mountain,2026-05-12 23:01:46 UTC,d09f04044e1abacb2d60742b6c36dda0d258c43b9697859ffdd64e71b73e0760
ST-EVID-AE85D9CBFA00,ST-TEST-A192013CB3F6,blue-mountain,Blue Mountain RAM,CSV Export,CSV,GREEN,YES,Export the relevant sterile register used by the test.,CSV export from sterile route,CSV should come from sterile module export route only.,No uncontrolled export from enterprise source systems.,/sterile-compounding/nonprod-poc-plan/blue-mountain,2026-05-12 23:01:46 UTC,f3c1770a24439784baaf7406fca1d1d19302f10fde61878a8a16fce94526e311
ST-EVID-D0D6BC169E8D,ST-TEST-A192013CB3F6,blue-mountain,Blue Mountain RAM,Boundary Confirmation,Governance Note,GREEN,YES,"Confirm that no API call, credential, production data, or writeback was used.",Text note or review comment,This is required for every non-production connector test.,No real connector activation.,/sterile-compounding/nonprod-poc-plan,2026-05-12 23:01:46 UTC,c650f6d88a3b8bd40e6fe85716e965f0101963031f1a35a8ee47e0b0ce4cced1
ST-EVID-06A1C1299F17,ST-TEST-1CED9F2B6A9C,blue-mountain,Blue Mountain RAM,Route Screenshot,Screenshot,YELLOW,YES,Capture screenshot of the sterile planning route that supports the test.,PNG/JPG/PDF screenshot,Use sterile-only page evidence. Do not capture protected production system screens.,"No production PHI/PII, secrets, tokens, credentials, or source-system admin screens.",/sterile-compounding/data-contracts/blue-mountain,2026-05-12 23:01:46 UTC,80314d1d49746cfa2b45fa7e82125da454eb136d599cffe82d4fe13c5400f66c
ST-EVID-DF394113CD0D,ST-TEST-1CED9F2B6A9C,blue-mountain,Blue Mountain RAM,CSV Export,CSV,YELLOW,YES,Export the relevant sterile register used by the test.,CSV export from sterile route,CSV should come from sterile module export route only.,No uncontrolled export from enterprise source systems.,/sterile-compounding/data-contracts/blue-mountain,2026-05-12 23:01:46 UTC,b9e1d97434878c12d6368581f75cc27adc9e62ccea0a6960336ed9c1537d49cb
ST-EVID-CF1AC68AE787,ST-TEST-1CED9F2B6A9C,blue-mountain,Blue Mountain RAM,Boundary Confirmation,Governance Note,YELLOW,YES,"Confirm that no API call, credential, production data, or writeback was used.",Text note or review comment,This is required for every non-production connector test.,No real connector activation.,/sterile-compounding/nonprod-poc-plan,2026-05-12 23:01:46 UTC,8130d29b644cd9c2bfeb3cdb3f083081729c3fc6eb315fec8dcdb9363026347e
ST-EVID-865C37A5C4CE,ST-TEST-1CED9F2B6A9C,blue-mountain,Blue Mountain RAM,Data Contract Evidence,Register Export,YELLOW,YES,Export or screenshot the data contract and field mapping pages for this system.,CSV/screenshot,"Shows keys, fields, source-of-truth boundary, and no-writeback rule.",No live data pull.,/sterile-compounding/data-contracts/blue-mountain,2026-05-12 23:01:46 UTC,2b64f835990e656a4ad70f7fd636177f3036cf9d21a6f8ab6d5ecd62d5fd766b
ST-EVID-0A77EA561219,ST-TEST-BDED21D7256D,blue-mountain,Blue Mountain RAM,Route Screenshot,Screenshot,YELLOW,YES,Capture screenshot of the sterile planning route that supports the test.,PNG/JPG/PDF screenshot,Use sterile-only page evidence. Do not capture protected production system screens.,"No production PHI/PII, secrets, tokens, credentials, or source-system admin screens.",/sterile-compounding/mock-ingestion-lab/blue-mountain,2026-05-12 23:01:46 UTC,6576fb324d1babcfc95d91cf48052253aa30b743357ecf730251e8a8cf815329
ST-EVID-6F9CDD1696F9,ST-TEST-BDED21D7256D,blue-mountain,Blue Mountain RAM,CSV Export,CSV,YELLOW,YES,Export the relevant sterile register used by the test.,CSV export from sterile route,CSV should come from sterile module export route only.,No uncontrolled export from enterprise source systems.,/sterile-compounding/mock-ingestion-lab/blue-mountain,2026-05-12 23:01:46 UTC,fb692e7f64b1484bc331552c7c1e30cfe4af687f2d72261f1fdfc859e97147b2
ST-EVID-15B2BA180BEA,ST-TEST-BDED21D7256D,blue-mountain,Blue Mountain RAM,Boundary Confirmation,Governance Note,YELLOW,YES,"Confirm that no API call, credential, production data, or writeback was used.",Text note or review comment,This is required for every non-production connector test.,No real connector activation.,/sterile-compounding/nonprod-poc-plan,2026-05-12 23:01:46 UTC,032b40621357751052b95bbc82185d0abedefd554d3e18deceb96ff5aa3b9490
ST-EVID-9CEDD7C7AAED,ST-TEST-BDED21D7256D,blue-mountain,Blue Mountain RAM,Mock Payload Evidence,Mock Register,YELLOW,YES,Capture mock ingestion payload shape and quality gate for this system.,CSV/screenshot,Shows readiness without connecting to the source system.,No external API request.,/sterile-compounding/mock-ingestion-lab/blue-mountain,2026-05-12 23:01:46 UTC,1a388c348d976dd21193e234398003a4371a6e3b5e9aa14f88b63fb081fe8e17
ST-EVID-0C76DE1CE19D,ST-TEST-F2E3604D50D2,blue-mountain,Blue Mountain RAM,Route Screenshot,Screenshot,YELLOW,YES,Capture screenshot of the sterile planning route that supports the test.,PNG/JPG/PDF screenshot,Use sterile-only page evidence. Do not capture protected production system screens.,"No production PHI/PII, secrets, tokens, credentials, or source-system admin screens.",/sterile-compounding/connector-approval-board/blue-mountain,2026-05-12 23:01:46 UTC,62d51f50101bbd10d01295e4e2e3564b6a73715ca98cd40cb87570899cb725d0
ST-EVID-4D420E1DE2DA,ST-TEST-F2E3604D50D2,blue-mountain,Blue Mountain RAM,CSV Export,CSV,YELLOW,YES,Export the relevant sterile register used by the test.,CSV export from sterile route,CSV should come from sterile module export route only.,No uncontrolled export from enterprise source systems.,/sterile-compounding/connector-approval-board/blue-mountain,2026-05-12 23:01:46 UTC,1b84cdb1612b4f82160e2570cdf51ad5ec31cd971ffef65817b56d9f6f42c8d3
ST-EVID-FFED4C907E06,ST-TEST-F2E3604D50D2,blue-mountain,Blue Mountain RAM,Boundary Confirmation,Governance Note,YELLOW,YES,"Confirm that no API call, credential, production data, or writeback was used.",Text note or review comment,This is required for every non-production connector test.,No real connector activation.,/sterile-compounding/nonprod-poc-plan,2026-05-12 23:01:46 UTC,46532bb0a38e579634abad02b4fe5e24e12060b29cbe46719f50de98d0dd9e4f
ST-EVID-800B7D717F20,ST-TEST-F2E3604D50D2,blue-mountain,Blue Mountain RAM,Approval Board Evidence,Approval Register,YELLOW,YES,Capture connector approval board row for this system.,CSV/screenshot,Shows approval gaps and not-allowed actions.,Do not treat this as formal enterprise approval.,/sterile-compounding/connector-approval-board/blue-mountain,2026-05-12 23:01:46 UTC,73a219dda486d74fde4cfbc81370dd362699684eb722a16add7eb791d299e5d8
ST-EVID-6F2807B66522,ST-TEST-C2EA0E466EC0,blue-mountain,Blue Mountain RAM,Route Screenshot,Screenshot,YELLOW,YES,Capture screenshot of the sterile planning route that supports the test.,PNG/JPG/PDF screenshot,Use sterile-only page evidence. Do not capture protected production system screens.,"No production PHI/PII, secrets, tokens, credentials, or source-system admin screens.",/sterile-compounding/pre-integration-risk?system=blue-mountain,2026-05-12 23:01:46 UTC,ba0f762101dad086b5ccc055926f1a0672f609a8e94650bb79684b289ed7154e
ST-EVID-42C5D109B4E9,ST-TEST-C2EA0E466EC0,blue-mountain,Blue Mountain RAM,CSV Export,CSV,YELLOW,YES,Export the relevant sterile register used by the test.,CSV export from sterile route,CSV should come from sterile module export route only.,No uncontrolled export from enterprise source systems.,/sterile-compounding/pre-integration-risk?system=blue-mountain,2026-05-12 23:01:46 UTC,8ed46525e1cea05ecee57e68653bf84f9e225031cedf7c70f35f5889bcd8acb2
ST-EVID-9F466A989BDE,ST-TEST-C2EA0E466EC0,blue-mountain,Blue Mountain RAM,Boundary Confirmation,Governance Note,YELLOW,YES,"Confirm that no API call, credential, production data, or writeback was used.",Text note or review comment,This is required for every non-production connector test.,No real connector activation.,/sterile-compounding/nonprod-poc-plan,2026-05-12 23:01:46 UTC,2c9ad13ffcc7165c58f3918289d6d366c205baeabb8f4354df8b8e35dcc72769
ST-EVID-59F2E1D9ABDB,ST-TEST-C2EA0E466EC0,blue-mountain,Blue Mountain RAM,Failure Mode Evidence,Risk Register,YELLOW,YES,Capture pre-integration risk register and false-GREEN prevention rule.,CSV/screenshot,Shows missing/stale connector data cannot create false GREEN.,No silent pass when evidence is missing.,/sterile-compounding/pre-integration-risk?system=blue-mountain,2026-05-12 23:01:46 UTC,bc66abc5962a42905753256a71c964f70b14590346cd2a3b2b77d24b5b1344dd
ST-EVID-99814A60C63B,ST-TEST-508DEE4D49DF,blue-mountain,Blue Mountain RAM,Route Screenshot,Screenshot,YELLOW,YES,Capture screenshot of the sterile planning route that supports the test.,PNG/JPG/PDF screenshot,Use sterile-only page evidence. Do not capture protected production system screens.,"No production PHI/PII, secrets, tokens, credentials, or source-system admin screens.",/sterile-compounding/nonprod-poc-plan/blue-mountain,2026-05-12 23:01:46 UTC,f917bc8d6e972a0d1d1943830a4f3550ff662bf70c048af84b30d902ea43beb8
ST-EVID-3625067D1B9A,ST-TEST-508DEE4D49DF,blue-mountain,Blue Mountain RAM,CSV Export,CSV,YELLOW,YES,Export the relevant sterile register used by the test.,CSV export from sterile route,CSV should come from sterile module export route only.,No uncontrolled export from enterprise source systems.,/sterile-compounding/nonprod-poc-plan/blue-mountain,2026-05-12 23:01:46 UTC,4eeedb94521138eaac3d8fd54f739910287328f80afc7729d42a98acfa760143
ST-EVID-68AF3591C6CF,ST-TEST-508DEE4D49DF,blue-mountain,Blue Mountain RAM,Boundary Confirmation,Governance Note,YELLOW,YES,"Confirm that no API call, credential, production data, or writeback was used.",Text note or review comment,This is required for every non-production connector test.,No real connector activation.,/sterile-compounding/nonprod-poc-plan,2026-05-12 23:01:46 UTC,175fe3b6c04bc3dcfe525665a21a0eb4f387d2f6991fe63652f53d8ff00c3ffe
ST-EVID-723D6BCF8BD6,ST-TEST-508DEE4D49DF,blue-mountain,Blue Mountain RAM,Evidence Package Summary,Checklist,YELLOW,YES,Confirm all required evidence items are present for this test case.,Checklist row / CSV export,Used to decide whether the test is execution-ready.,No evidence package built from production extracts unless separately approved.,/sterile-compounding/poc-evidence-checklist,2026-05-12 23:01:46 UTC,e9214e5a36558bf8b1ec4ee9d675a8de5789e4a5470faa679ea08db7b03048a4
ST-EVID-5F54EBA4177F,ST-TEST-4DA9354809D9,entra,Microsoft Entra ID,Route Screenshot,Screenshot,GREEN,YES,Capture screenshot of the sterile planning route that supports the test.,PNG/JPG/PDF screenshot,Use sterile-only page evidence. Do not capture protected production system screens.,"No production PHI/PII, secrets, tokens, credentials, or source-system admin screens.",/sterile-compounding/nonprod-poc-plan/entra,2026-05-12 23:01:46 UTC,737bd16f1bb37d6e43c4f551fe29ea6cb6f2a94c21e5062b53a1338232b59802
ST-EVID-5B68F3106CF4,ST-TEST-4DA9354809D9,entra,Microsoft Entra ID,CSV Export,CSV,GREEN,YES,Export the relevant sterile register used by the test.,CSV export from sterile route,CSV should come from sterile module export route only.,No uncontrolled export from enterprise source systems.,/sterile-compounding/nonprod-poc-plan/entra,2026-05-12 23:01:46 UTC,d63c4270ae9a28bf2cf7e187ef9cffbc02e8ca5d640c689ac459610e1704774d
ST-EVID-534E406FC9E7,ST-TEST-4DA9354809D9,entra,Microsoft Entra ID,Boundary Confirmation,Governance Note,GREEN,YES,"Confirm that no API call, credential, production data, or writeback was used.",Text note or review comment,This is required for every non-production connector test.,No real connector activation.,/sterile-compounding/nonprod-poc-plan,2026-05-12 23:01:46 UTC,379b5a7f81ed1f5deaafc133bb633474250ff44267631ad62145f6e8d914cd76
ST-EVID-767A342A84BF,ST-TEST-407767390634,entra,Microsoft Entra ID,Route Screenshot,Screenshot,YELLOW,YES,Capture screenshot of the sterile planning route that supports the test.,PNG/JPG/PDF screenshot,Use sterile-only page evidence. Do not capture protected production system screens.,"No production PHI/PII, secrets, tokens, credentials, or source-system admin screens.",/sterile-compounding/data-contracts/entra,2026-05-12 23:01:46 UTC,46e81a27f6a30c0b64bd2d5bf1509e294a45f17e2d13f0f748f1ca18e4b9f784
ST-EVID-A0F53D95390C,ST-TEST-407767390634,entra,Microsoft Entra ID,CSV Export,CSV,YELLOW,YES,Export the relevant sterile register used by the test.,CSV export from sterile route,CSV should come from sterile module export route only.,No uncontrolled export from enterprise source systems.,/sterile-compounding/data-contracts/entra,2026-05-12 23:01:46 UTC,8247d8f500948ff722b0cc4e027ddce2528affe68c14470c44cfc4c8acfb17fd
ST-EVID-5769A57280CE,ST-TEST-407767390634,entra,Microsoft Entra ID,Boundary Confirmation,Governance Note,YELLOW,YES,"Confirm that no API call, credential, production data, or writeback was used.",Text note or review comment,This is required for every non-production connector test.,No real connector activation.,/sterile-compounding/nonprod-poc-plan,2026-05-12 23:01:46 UTC,a367c4a3b1610680ed4fc8989e3f5b12cbab53a5efa84eb3e14c574193b62001
ST-EVID-2AD1D45341D5,ST-TEST-407767390634,entra,Microsoft Entra ID,Data Contract Evidence,Register Export,YELLOW,YES,Export or screenshot the data contract and field mapping pages for this system.,CSV/screenshot,"Shows keys, fields, source-of-truth boundary, and no-writeback rule.",No live data pull.,/sterile-compounding/data-contracts/entra,2026-05-12 23:01:46 UTC,64b84e3cbfe623bf723d1da334a0ec958aa9675ce23afd306253a76d7265bec4
ST-EVID-FCECC047A728,ST-TEST-23D8A0FD6D47,entra,Microsoft Entra ID,Route Screenshot,Screenshot,YELLOW,YES,Capture screenshot of the sterile planning route that supports the test.,PNG/JPG/PDF screenshot,Use sterile-only page evidence. Do not capture protected production system screens.,"No production PHI/PII, secrets, tokens, credentials, or source-system admin screens.",/sterile-compounding/mock-ingestion-lab/entra,2026-05-12 23:01:46 UTC,c00a51903bd1d412ae2f45f62c1680637c3a2582e90ab186b865dcf646e8fd77
ST-EVID-8AD5B81740BA,ST-TEST-23D8A0FD6D47,entra,Microsoft Entra ID,CSV Export,CSV,YELLOW,YES,Export the relevant sterile register used by the test.,CSV export from sterile route,CSV should come from sterile module export route only.,No uncontrolled export from enterprise source systems.,/sterile-compounding/mock-ingestion-lab/entra,2026-05-12 23:01:46 UTC,90747409c2fe9c8f1f817074b2c86971315a3b2e2f6bfbc918afb1eb72c732c7
ST-EVID-14434C9CBC32,ST-TEST-23D8A0FD6D47,entra,Microsoft Entra ID,Boundary Confirmation,Governance Note,YELLOW,YES,"Confirm that no API call, credential, production data, or writeback was used.",Text note or review comment,This is required for every non-production connector test.,No real connector activation.,/sterile-compounding/nonprod-poc-plan,2026-05-12 23:01:46 UTC,ec2ee7b88545348a49980902dc35803336648aac561a4d048934e184984735a4
ST-EVID-30654C62C532,ST-TEST-23D8A0FD6D47,entra,Microsoft Entra ID,Mock Payload Evidence,Mock Register,YELLOW,YES,Capture mock ingestion payload shape and quality gate for this system.,CSV/screenshot,Shows readiness without connecting to the source system.,No external API request.,/sterile-compounding/mock-ingestion-lab/entra,2026-05-12 23:01:46 UTC,62ffbf5f4e5609cabdbee5861c5e30752c6c2f6471587aaad27e9240b528a2ee
ST-EVID-05A8471E2747,ST-TEST-777936FF7CD4,entra,Microsoft Entra ID,Route Screenshot,Screenshot,YELLOW,YES,Capture screenshot of the sterile planning route that supports the test.,PNG/JPG/PDF screenshot,Use sterile-only page evidence. Do not capture protected production system screens.,"No production PHI/PII, secrets, tokens, credentials, or source-system admin screens.",/sterile-compounding/connector-approval-board/entra,2026-05-12 23:01:46 UTC,242cd09bd4f7692ba186b36e9c7a6b7ce7bb7b82a569ed7b9b26cec2a347c5b9
ST-EVID-2D1C010E5960,ST-TEST-777936FF7CD4,entra,Microsoft Entra ID,CSV Export,CSV,YELLOW,YES,Export the relevant sterile register used by the test.,CSV export from sterile route,CSV should come from sterile module export route only.,No uncontrolled export from enterprise source systems.,/sterile-compounding/connector-approval-board/entra,2026-05-12 23:01:46 UTC,a8a1ec50397fa19a7fb4ec5fa55b5db54776c57c0b43684038ba8f2c974c2f53
ST-EVID-630DF0190644,ST-TEST-777936FF7CD4,entra,Microsoft Entra ID,Boundary Confirmation,Governance Note,YELLOW,YES,"Confirm that no API call, credential, production data, or writeback was used.",Text note or review comment,This is required for every non-production connector test.,No real connector activation.,/sterile-compounding/nonprod-poc-plan,2026-05-12 23:01:46 UTC,3fb5711787f828306eb6d5b525b8ed17562df4cb9043569a65ed947655865d6c
ST-EVID-163293D1F3A9,ST-TEST-777936FF7CD4,entra,Microsoft Entra ID,Approval Board Evidence,Approval Register,YELLOW,YES,Capture connector approval board row for this system.,CSV/screenshot,Shows approval gaps and not-allowed actions.,Do not treat this as formal enterprise approval.,/sterile-compounding/connector-approval-board/entra,2026-05-12 23:01:46 UTC,fb4a81ee5e932f84be7fb3e0b511ecea32f152117bd6b650846e6a80554e3a3a
ST-EVID-CBA6DFEB8E88,ST-TEST-254C46940DF4,entra,Microsoft Entra ID,Route Screenshot,Screenshot,YELLOW,YES,Capture screenshot of the sterile planning route that supports the test.,PNG/JPG/PDF screenshot,Use sterile-only page evidence. Do not capture protected production system screens.,"No production PHI/PII, secrets, tokens, credentials, or source-system admin screens.",/sterile-compounding/pre-integration-risk?system=entra,2026-05-12 23:01:46 UTC,617e39cd8777da8fa3cd9186b589bc77e3337050abe4e0df7ac6fc44243339a2
ST-EVID-3CF6DBA94334,ST-TEST-254C46940DF4,entra,Microsoft Entra ID,CSV Export,CSV,YELLOW,YES,Export the relevant sterile register used by the test.,CSV export from sterile route,CSV should come from sterile module export route only.,No uncontrolled export from enterprise source systems.,/sterile-compounding/pre-integration-risk?system=entra,2026-05-12 23:01:46 UTC,b1503071ba4b8054efcbe649b53b8163d64afe8556b116813e13642d3d826f5a
ST-EVID-35EEBAEC663D,ST-TEST-254C46940DF4,entra,Microsoft Entra ID,Boundary Confirmation,Governance Note,YELLOW,YES,"Confirm that no API call, credential, production data, or writeback was used.",Text note or review comment,This is required for every non-production connector test.,No real connector activation.,/sterile-compounding/nonprod-poc-plan,2026-05-12 23:01:46 UTC,3a33b17cb1f0f95686692f027ecee2a3daae3ff36556f3aaceda715f281a83e8
ST-EVID-C26612E158E3,ST-TEST-254C46940DF4,entra,Microsoft Entra ID,Failure Mode Evidence,Risk Register,YELLOW,YES,Capture pre-integration risk register and false-GREEN prevention rule.,CSV/screenshot,Shows missing/stale connector data cannot create false GREEN.,No silent pass when evidence is missing.,/sterile-compounding/pre-integration-risk?system=entra,2026-05-12 23:01:46 UTC,f4fdaae177018be9e93ee3e9b644fc329da67fe891571564e3d64f3204ed524e
ST-EVID-DA8CD5147142,ST-TEST-4FBE7EBE7A79,entra,Microsoft Entra ID,Route Screenshot,Screenshot,YELLOW,YES,Capture screenshot of the sterile planning route that supports the test.,PNG/JPG/PDF screenshot,Use sterile-only page evidence. Do not capture protected production system screens.,"No production PHI/PII, secrets, tokens, credentials, or source-system admin screens.",/sterile-compounding/nonprod-poc-plan/entra,2026-05-12 23:01:46 UTC,f436670897edaa3d0f7f19516b1b0d6b55395aff0a024b26870f892f92ca2c3b
ST-EVID-2EC90CF6DE0C,ST-TEST-4FBE7EBE7A79,entra,Microsoft Entra ID,CSV Export,CSV,YELLOW,YES,Export the relevant sterile register used by the test.,CSV export from sterile route,CSV should come from sterile module export route only.,No uncontrolled export from enterprise source systems.,/sterile-compounding/nonprod-poc-plan/entra,2026-05-12 23:01:46 UTC,835a9d81cf888c3783314f9c139eeca0d1aca9175a9a0a188acf6067365b288f
ST-EVID-7C34BBA56C50,ST-TEST-4FBE7EBE7A79,entra,Microsoft Entra ID,Boundary Confirmation,Governance Note,YELLOW,YES,"Confirm that no API call, credential, production data, or writeback was used.",Text note or review comment,This is required for every non-production connector test.,No real connector activation.,/sterile-compounding/nonprod-poc-plan,2026-05-12 23:01:46 UTC,70277acae0d1cac92c39cea0c49eff68375ba2f8b31db906a4ba2671c6996cbd
ST-EVID-2EA81147363F,ST-TEST-4FBE7EBE7A79,entra,Microsoft Entra ID,Evidence Package Summary,Checklist,YELLOW,YES,Confirm all required evidence items are present for this test case.,Checklist row / CSV export,Used to decide whether the test is execution-ready.,No evidence package built from production extracts unless separately approved.,/sterile-compounding/poc-evidence-checklist,2026-05-12 23:01:46 UTC,0605228c01d0729e23c3ae59767b53dfb06698d405623030cd2cea367097c504
ST-EVID-82F2D2FB1D73,ST-TEST-7B0373374210,myaccess,myAccess,Route Screenshot,Screenshot,GREEN,YES,Capture screenshot of the sterile planning route that supports the test.,PNG/JPG/PDF screenshot,Use sterile-only page evidence. Do not capture protected production system screens.,"No production PHI/PII, secrets, tokens, credentials, or source-system admin screens.",/sterile-compounding/nonprod-poc-plan/myaccess,2026-05-12 23:01:46 UTC,11a9bee2b42fb080e70593bffa46b6228d4017918da97f559fb6cbf028326051
ST-EVID-816FC25D75B5,ST-TEST-7B0373374210,myaccess,myAccess,CSV Export,CSV,GREEN,YES,Export the relevant sterile register used by the test.,CSV export from sterile route,CSV should come from sterile module export route only.,No uncontrolled export from enterprise source systems.,/sterile-compounding/nonprod-poc-plan/myaccess,2026-05-12 23:01:46 UTC,e114073c3e02866c75780b04ed5416ac8660fd622097ccd0db9d4e1bc52f8dba
ST-EVID-93E0C04A14B1,ST-TEST-7B0373374210,myaccess,myAccess,Boundary Confirmation,Governance Note,GREEN,YES,"Confirm that no API call, credential, production data, or writeback was used.",Text note or review comment,This is required for every non-production connector test.,No real connector activation.,/sterile-compounding/nonprod-poc-plan,2026-05-12 23:01:46 UTC,580580cb314bf7550a13bf40f808273d28e0ad4cd546fc0e2a5c3a9175e2df88
ST-EVID-EF42C08D0F7D,ST-TEST-814F348AC3CA,myaccess,myAccess,Route Screenshot,Screenshot,YELLOW,YES,Capture screenshot of the sterile planning route that supports the test.,PNG/JPG/PDF screenshot,Use sterile-only page evidence. Do not capture protected production system screens.,"No production PHI/PII, secrets, tokens, credentials, or source-system admin screens.",/sterile-compounding/data-contracts/myaccess,2026-05-12 23:01:46 UTC,182c837ceebd48286d7e1cc0879e3abf3246f854ce4399e7eccc473c499c1f77
ST-EVID-2D87B05C34F4,ST-TEST-814F348AC3CA,myaccess,myAccess,CSV Export,CSV,YELLOW,YES,Export the relevant sterile register used by the test.,CSV export from sterile route,CSV should come from sterile module export route only.,No uncontrolled export from enterprise source systems.,/sterile-compounding/data-contracts/myaccess,2026-05-12 23:01:46 UTC,e72c7aefb4b9b3635253401a91b7b25bd0ca85de4391eadd700110e64643af69
ST-EVID-D272FA3F3B70,ST-TEST-814F348AC3CA,myaccess,myAccess,Boundary Confirmation,Governance Note,YELLOW,YES,"Confirm that no API call, credential, production data, or writeback was used.",Text note or review comment,This is required for every non-production connector test.,No real connector activation.,/sterile-compounding/nonprod-poc-plan,2026-05-12 23:01:46 UTC,2d4386edd6ebec6bdafaeca2b440c708fed187cb0f8444d0a9b9c45a4f1fd84b
ST-EVID-C47FC06FF525,ST-TEST-814F348AC3CA,myaccess,myAccess,Data Contract Evidence,Register Export,YELLOW,YES,Export or screenshot the data contract and field mapping pages for this system.,CSV/screenshot,"Shows keys, fields, source-of-truth boundary, and no-writeback rule.",No live data pull.,/sterile-compounding/data-contracts/myaccess,2026-05-12 23:01:46 UTC,ad66e39ae4f005b76bf2c2a2e2c6e742c579b3214f24849749552e10f4c5e3e6
ST-EVID-CB77830F4EB6,ST-TEST-481B6FB50E8F,myaccess,myAccess,Route Screenshot,Screenshot,YELLOW,YES,Capture screenshot of the sterile planning route that supports the test.,PNG/JPG/PDF screenshot,Use sterile-only page evidence. Do not capture protected production system screens.,"No production PHI/PII, secrets, tokens, credentials, or source-system admin screens.",/sterile-compounding/mock-ingestion-lab/myaccess,2026-05-12 23:01:46 UTC,a6fba91c52e4cf01fc600ec542d867381a75c5a7dc3ef6f74355b7f81839231a
ST-EVID-14759E8A1216,ST-TEST-481B6FB50E8F,myaccess,myAccess,CSV Export,CSV,YELLOW,YES,Export the relevant sterile register used by the test.,CSV export from sterile route,CSV should come from sterile module export route only.,No uncontrolled export from enterprise source systems.,/sterile-compounding/mock-ingestion-lab/myaccess,2026-05-12 23:01:46 UTC,effbcd330f94eadd64c73b1e22b7b873d400fbb9e44b2287bc0a6d69b7bbb7c0
ST-EVID-900D4E64AA00,ST-TEST-481B6FB50E8F,myaccess,myAccess,Boundary Confirmation,Governance Note,YELLOW,YES,"Confirm that no API call, credential, production data, or writeback was used.",Text note or review comment,This is required for every non-production connector test.,No real connector activation.,/sterile-compounding/nonprod-poc-plan,2026-05-12 23:01:46 UTC,a5e51ac0560d201f63ebe7752854e844651925d8afbc7a53aad3043773113e7c
ST-EVID-8BE19D2030FC,ST-TEST-481B6FB50E8F,myaccess,myAccess,Mock Payload Evidence,Mock Register,YELLOW,YES,Capture mock ingestion payload shape and quality gate for this system.,CSV/screenshot,Shows readiness without connecting to the source system.,No external API request.,/sterile-compounding/mock-ingestion-lab/myaccess,2026-05-12 23:01:46 UTC,caa8c9515a456941ef8ce188a419c4e70458de27ab65515d14ec22dc566a5245
ST-EVID-606569769A8F,ST-TEST-08A68BD03508,myaccess,myAccess,Route Screenshot,Screenshot,YELLOW,YES,Capture screenshot of the sterile planning route that supports the test.,PNG/JPG/PDF screenshot,Use sterile-only page evidence. Do not capture protected production system screens.,"No production PHI/PII, secrets, tokens, credentials, or source-system admin screens.",/sterile-compounding/connector-approval-board/myaccess,2026-05-12 23:01:46 UTC,665bd79692017c99c83816ea89e7d449095a887bf889f18068f11dfb1c398bc9
ST-EVID-704A5B9CE083,ST-TEST-08A68BD03508,myaccess,myAccess,CSV Export,CSV,YELLOW,YES,Export the relevant sterile register used by the test.,CSV export from sterile route,CSV should come from sterile module export route only.,No uncontrolled export from enterprise source systems.,/sterile-compounding/connector-approval-board/myaccess,2026-05-12 23:01:46 UTC,bf14e3ccb6c2bc61d9477254dd4ad4ed1700fffb593e293ca4c301d145834283
ST-EVID-47CA165C7F7A,ST-TEST-08A68BD03508,myaccess,myAccess,Boundary Confirmation,Governance Note,YELLOW,YES,"Confirm that no API call, credential, production data, or writeback was used.",Text note or review comment,This is required for every non-production connector test.,No real connector activation.,/sterile-compounding/nonprod-poc-plan,2026-05-12 23:01:46 UTC,ea6db792598aac9f32cd637cc7a5a91b671d902aaf58f14aa3abeae58f8b9a23
ST-EVID-F181ACEDD1E5,ST-TEST-08A68BD03508,myaccess,myAccess,Approval Board Evidence,Approval Register,YELLOW,YES,Capture connector approval board row for this system.,CSV/screenshot,Shows approval gaps and not-allowed actions.,Do not treat this as formal enterprise approval.,/sterile-compounding/connector-approval-board/myaccess,2026-05-12 23:01:46 UTC,915b642b1b163a7b37fa36a6c0a550335194c4bf5b14e0c86b5edc4735ebddc3
ST-EVID-36AEAA7696F1,ST-TEST-8553683984E9,myaccess,myAccess,Route Screenshot,Screenshot,YELLOW,YES,Capture screenshot of the sterile planning route that supports the test.,PNG/JPG/PDF screenshot,Use sterile-only page evidence. Do not capture protected production system screens.,"No production PHI/PII, secrets, tokens, credentials, or source-system admin screens.",/sterile-compounding/pre-integration-risk?system=myaccess,2026-05-12 23:01:46 UTC,713b07408dc1fb743d605ac2b4bef43d1292706134fb3548a0c470c621f76e90
ST-EVID-DC32D56CB2B8,ST-TEST-8553683984E9,myaccess,myAccess,CSV Export,CSV,YELLOW,YES,Export the relevant sterile register used by the test.,CSV export from sterile route,CSV should come from sterile module export route only.,No uncontrolled export from enterprise source systems.,/sterile-compounding/pre-integration-risk?system=myaccess,2026-05-12 23:01:46 UTC,a26073065843051ff2a853788cf5c21fc75bdeb1089b09713d6b4e1c4caf78ca
ST-EVID-E115290DB8ED,ST-TEST-8553683984E9,myaccess,myAccess,Boundary Confirmation,Governance Note,YELLOW,YES,"Confirm that no API call, credential, production data, or writeback was used.",Text note or review comment,This is required for every non-production connector test.,No real connector activation.,/sterile-compounding/nonprod-poc-plan,2026-05-12 23:01:46 UTC,866ea280be18d0c76ce3428660a44d5bfd227c995e672009a830bb1b2be2b98a
ST-EVID-E30E0CA78D1B,ST-TEST-8553683984E9,myaccess,myAccess,Failure Mode Evidence,Risk Register,YELLOW,YES,Capture pre-integration risk register and false-GREEN prevention rule.,CSV/screenshot,Shows missing/stale connector data cannot create false GREEN.,No silent pass when evidence is missing.,/sterile-compounding/pre-integration-risk?system=myaccess,2026-05-12 23:01:46 UTC,8c508a742723eda8727ec5edb49b2fc87029bef48f328e5843e7ac52a498a52e
ST-EVID-38A0C33EAC1A,ST-TEST-0E54429D12D2,myaccess,myAccess,Route Screenshot,Screenshot,YELLOW,YES,Capture screenshot of the sterile planning route that supports the test.,PNG/JPG/PDF screenshot,Use sterile-only page evidence. Do not capture protected production system screens.,"No production PHI/PII, secrets, tokens, credentials, or source-system admin screens.",/sterile-compounding/nonprod-poc-plan/myaccess,2026-05-12 23:01:46 UTC,9fdc9ac0b02133bd2d8dc729bd88ec1fc0c0e3b81a2a340b4eeda9c0048c9a3a
ST-EVID-55A7393C5244,ST-TEST-0E54429D12D2,myaccess,myAccess,CSV Export,CSV,YELLOW,YES,Export the relevant sterile register used by the test.,CSV export from sterile route,CSV should come from sterile module export route only.,No uncontrolled export from enterprise source systems.,/sterile-compounding/nonprod-poc-plan/myaccess,2026-05-12 23:01:46 UTC,a899c6bef90bf77480c45f7b6ef72a4d139bce74f49b2aedc035daa160ee4d27
ST-EVID-1CDDFA6EC73A,ST-TEST-0E54429D12D2,myaccess,myAccess,Boundary Confirmation,Governance Note,YELLOW,YES,"Confirm that no API call, credential, production data, or writeback was used.",Text note or review comment,This is required for every non-production connector test.,No real connector activation.,/sterile-compounding/nonprod-poc-plan,2026-05-12 23:01:46 UTC,c267b63785234cda7278859a9de6a3412e8321ff8817d2b0e897a4935493fb2c
ST-EVID-A2981FB6F73A,ST-TEST-0E54429D12D2,myaccess,myAccess,Evidence Package Summary,Checklist,YELLOW,YES,Confirm all required evidence items are present for this test case.,Checklist row / CSV export,Used to decide whether the test is execution-ready.,No evidence package built from production extracts unless separately approved.,/sterile-compounding/poc-evidence-checklist,2026-05-12 23:01:46 UTC,a659a358f39573410a78717416007e9afac6399c4a43950073865d53e85d1006
ST-EVID-68096AB829FB,ST-TEST-A0D10C3E6E65,power-bi,Power BI,Route Screenshot,Screenshot,GREEN,YES,Capture screenshot of the sterile planning route that supports the test.,PNG/JPG/PDF screenshot,Use sterile-only page evidence. Do not capture protected production system screens.,"No production PHI/PII, secrets, tokens, credentials, or source-system admin screens.",/sterile-compounding/nonprod-poc-plan/power-bi,2026-05-12 23:01:46 UTC,20670c10b11b177350320837f19443790f13b0985dae52d1e99922bf09b7def3
ST-EVID-89DC84D5B38C,ST-TEST-A0D10C3E6E65,power-bi,Power BI,CSV Export,CSV,GREEN,YES,Export the relevant sterile register used by the test.,CSV export from sterile route,CSV should come from sterile module export route only.,No uncontrolled export from enterprise source systems.,/sterile-compounding/nonprod-poc-plan/power-bi,2026-05-12 23:01:46 UTC,c87e719c95b597b1c33135dca33d17ee0a06defc7dcfd2a9e1f5ddfcbf790dfe
ST-EVID-0A31CC16DB87,ST-TEST-A0D10C3E6E65,power-bi,Power BI,Boundary Confirmation,Governance Note,GREEN,YES,"Confirm that no API call, credential, production data, or writeback was used.",Text note or review comment,This is required for every non-production connector test.,No real connector activation.,/sterile-compounding/nonprod-poc-plan,2026-05-12 23:01:46 UTC,2ebde02cf1e616cac4697777904229931da82b5b3274930c3c9c0d2a58ed6d03
ST-EVID-3627842F400F,ST-TEST-EA864D7A4933,power-bi,Power BI,Route Screenshot,Screenshot,GREEN,YES,Capture screenshot of the sterile planning route that supports the test.,PNG/JPG/PDF screenshot,Use sterile-only page evidence. Do not capture protected production system screens.,"No production PHI/PII, secrets, tokens, credentials, or source-system admin screens.",/sterile-compounding/data-contracts/power-bi,2026-05-12 23:01:46 UTC,157e983a242e8e396d36393c26773e280f98fa6173d3f9336fa8aa05a1177d23
ST-EVID-1FD9C4B85A99,ST-TEST-EA864D7A4933,power-bi,Power BI,CSV Export,CSV,GREEN,YES,Export the relevant sterile register used by the test.,CSV export from sterile route,CSV should come from sterile module export route only.,No uncontrolled export from enterprise source systems.,/sterile-compounding/data-contracts/power-bi,2026-05-12 23:01:46 UTC,66c3eb374f0463813a37a39cc357066b8d6c30875688805bf5d47b022ef65b1c
ST-EVID-5E43F9CDFFB8,ST-TEST-EA864D7A4933,power-bi,Power BI,Boundary Confirmation,Governance Note,GREEN,YES,"Confirm that no API call, credential, production data, or writeback was used.",Text note or review comment,This is required for every non-production connector test.,No real connector activation.,/sterile-compounding/nonprod-poc-plan,2026-05-12 23:01:46 UTC,a0987b01d01e6c0b305f9cde7257915f246945497ac087c9357492383bef4169
ST-EVID-55A14838B4D7,ST-TEST-EA864D7A4933,power-bi,Power BI,Data Contract Evidence,Register Export,GREEN,YES,Export or screenshot the data contract and field mapping pages for this system.,CSV/screenshot,"Shows keys, fields, source-of-truth boundary, and no-writeback rule.",No live data pull.,/sterile-compounding/data-contracts/power-bi,2026-05-12 23:01:46 UTC,b9fc643788fe383bd4d874d1a3153aa2ac8c73d88972c2bc864293a32df57dd2
ST-EVID-A34838643831,ST-TEST-563D081E025F,power-bi,Power BI,Route Screenshot,Screenshot,GREEN,YES,Capture screenshot of the sterile planning route that supports the test.,PNG/JPG/PDF screenshot,Use sterile-only page evidence. Do not capture protected production system screens.,"No production PHI/PII, secrets, tokens, credentials, or source-system admin screens.",/sterile-compounding/mock-ingestion-lab/power-bi,2026-05-12 23:01:46 UTC,6175ca9677c17e43df1a866b4d9cb9b6abe770d7a61a6e11da14863c64346f12
ST-EVID-B3B2AB127DF3,ST-TEST-563D081E025F,power-bi,Power BI,CSV Export,CSV,GREEN,YES,Export the relevant sterile register used by the test.,CSV export from sterile route,CSV should come from sterile module export route only.,No uncontrolled export from enterprise source systems.,/sterile-compounding/mock-ingestion-lab/power-bi,2026-05-12 23:01:46 UTC,a7827527921d6aa162382871cf3d27de0632508c01fb7d2008f1fdf5fa315b94
ST-EVID-70F540F5E957,ST-TEST-563D081E025F,power-bi,Power BI,Boundary Confirmation,Governance Note,GREEN,YES,"Confirm that no API call, credential, production data, or writeback was used.",Text note or review comment,This is required for every non-production connector test.,No real connector activation.,/sterile-compounding/nonprod-poc-plan,2026-05-12 23:01:46 UTC,2915531bcc445c0bf74808ef760d381da2c3ed402b6efd76ffa4e397992c1da6
ST-EVID-510D1740A145,ST-TEST-563D081E025F,power-bi,Power BI,Mock Payload Evidence,Mock Register,GREEN,YES,Capture mock ingestion payload shape and quality gate for this system.,CSV/screenshot,Shows readiness without connecting to the source system.,No external API request.,/sterile-compounding/mock-ingestion-lab/power-bi,2026-05-12 23:01:46 UTC,047ee4ad092b32cde9b717246e86878c9283692a068cb09afd89b9dcd6308f82
ST-EVID-27D991A000D4,ST-TEST-C88ECBACB282,power-bi,Power BI,Route Screenshot,Screenshot,YELLOW,YES,Capture screenshot of the sterile planning route that supports the test.,PNG/JPG/PDF screenshot,Use sterile-only page evidence. Do not capture protected production system screens.,"No production PHI/PII, secrets, tokens, credentials, or source-system admin screens.",/sterile-compounding/connector-approval-board/power-bi,2026-05-12 23:01:46 UTC,bb2b8caf83c8c97979526de35b3b0f9d221e5bbbea276f77e373f42014499b4a
ST-EVID-EADAC185D7AC,ST-TEST-C88ECBACB282,power-bi,Power BI,CSV Export,CSV,YELLOW,YES,Export the relevant sterile register used by the test.,CSV export from sterile route,CSV should come from sterile module export route only.,No uncontrolled export from enterprise source systems.,/sterile-compounding/connector-approval-board/power-bi,2026-05-12 23:01:46 UTC,fc36f4026289335397ce04226cee95bd6a635429ada0e78a9e91b802319118f5
ST-EVID-3CC3389945F5,ST-TEST-C88ECBACB282,power-bi,Power BI,Boundary Confirmation,Governance Note,YELLOW,YES,"Confirm that no API call, credential, production data, or writeback was used.",Text note or review comment,This is required for every non-production connector test.,No real connector activation.,/sterile-compounding/nonprod-poc-plan,2026-05-12 23:01:46 UTC,3fea54e1b39a736cd2104e673373760c699c34977152cef770e8a3fd8d92d81c
ST-EVID-3D805DEFBD00,ST-TEST-C88ECBACB282,power-bi,Power BI,Approval Board Evidence,Approval Register,YELLOW,YES,Capture connector approval board row for this system.,CSV/screenshot,Shows approval gaps and not-allowed actions.,Do not treat this as formal enterprise approval.,/sterile-compounding/connector-approval-board/power-bi,2026-05-12 23:01:46 UTC,4607a91da12ae20c731ac7ac99e7d45bc7c36bf6ce85dc78a2f4b985d9f194e3
ST-EVID-4400134092F1,ST-TEST-AC8887522FCB,power-bi,Power BI,Route Screenshot,Screenshot,YELLOW,YES,Capture screenshot of the sterile planning route that supports the test.,PNG/JPG/PDF screenshot,Use sterile-only page evidence. Do not capture protected production system screens.,"No production PHI/PII, secrets, tokens, credentials, or source-system admin screens.",/sterile-compounding/pre-integration-risk?system=power-bi,2026-05-12 23:01:46 UTC,f50223c192e88a641fbffdd3b6c483f7105022c1a3488d181120e364376d27e2
ST-EVID-E850EC58E58F,ST-TEST-AC8887522FCB,power-bi,Power BI,CSV Export,CSV,YELLOW,YES,Export the relevant sterile register used by the test.,CSV export from sterile route,CSV should come from sterile module export route only.,No uncontrolled export from enterprise source systems.,/sterile-compounding/pre-integration-risk?system=power-bi,2026-05-12 23:01:46 UTC,8d5e18f7a68d83de0623fe278249fac66fa2341ca522ad01b8d2f68a89a29e16
ST-EVID-7476FED4E85D,ST-TEST-AC8887522FCB,power-bi,Power BI,Boundary Confirmation,Governance Note,YELLOW,YES,"Confirm that no API call, credential, production data, or writeback was used.",Text note or review comment,This is required for every non-production connector test.,No real connector activation.,/sterile-compounding/nonprod-poc-plan,2026-05-12 23:01:46 UTC,decf4632cccbc24075fb973f4d3132a2a1ea74ddc88e8aae2bf30a3c82fc5c5b
ST-EVID-3DD5698856DD,ST-TEST-AC8887522FCB,power-bi,Power BI,Failure Mode Evidence,Risk Register,YELLOW,YES,Capture pre-integration risk register and false-GREEN prevention rule.,CSV/screenshot,Shows missing/stale connector data cannot create false GREEN.,No silent pass when evidence is missing.,/sterile-compounding/pre-integration-risk?system=power-bi,2026-05-12 23:01:46 UTC,41026cde3e8ba7f3e787e9eb25293da152686e0ddf6618ee71b53835a76eaf18
ST-EVID-0BC20CA4C632,ST-TEST-AC6969D533D4,power-bi,Power BI,Route Screenshot,Screenshot,YELLOW,YES,Capture screenshot of the sterile planning route that supports the test.,PNG/JPG/PDF screenshot,Use sterile-only page evidence. Do not capture protected production system screens.,"No production PHI/PII, secrets, tokens, credentials, or source-system admin screens.",/sterile-compounding/nonprod-poc-plan/power-bi,2026-05-12 23:01:46 UTC,9f0308aee207a71b80893a932f594ecbc379971cbe429e01c1ed26238426123e
ST-EVID-E4C5DB974377,ST-TEST-AC6969D533D4,power-bi,Power BI,CSV Export,CSV,YELLOW,YES,Export the relevant sterile register used by the test.,CSV export from sterile route,CSV should come from sterile module export route only.,No uncontrolled export from enterprise source systems.,/sterile-compounding/nonprod-poc-plan/power-bi,2026-05-12 23:01:46 UTC,98c08b66f33d6b30c12db57720e96d53c48a436a9a6542794556f761b0de4ff7
ST-EVID-9576347303CF,ST-TEST-AC6969D533D4,power-bi,Power BI,Boundary Confirmation,Governance Note,YELLOW,YES,"Confirm that no API call, credential, production data, or writeback was used.",Text note or review comment,This is required for every non-production connector test.,No real connector activation.,/sterile-compounding/nonprod-poc-plan,2026-05-12 23:01:46 UTC,213b755b3f509b40bae3ce9a964550daf182a294a23f94b05fd5c4fc0366dc37
ST-EVID-F21CE6B8C2EE,ST-TEST-AC6969D533D4,power-bi,Power BI,Evidence Package Summary,Checklist,YELLOW,YES,Confirm all required evidence items are present for this test case.,Checklist row / CSV export,Used to decide whether the test is execution-ready.,No evidence package built from production extracts unless separately approved.,/sterile-compounding/poc-evidence-checklist,2026-05-12 23:01:46 UTC,f00efff459ccc253049eaefb8fdf082a7dde9fa01a7fd525576ea72c27251de0
ST-EVID-3859E41DCF27,ST-TEST-88B128AB88A7,servicenow,ServiceNow,Route Screenshot,Screenshot,GREEN,YES,Capture screenshot of the sterile planning route that supports the test.,PNG/JPG/PDF screenshot,Use sterile-only page evidence. Do not capture protected production system screens.,"No production PHI/PII, secrets, tokens, credentials, or source-system admin screens.",/sterile-compounding/nonprod-poc-plan/servicenow,2026-05-12 23:01:46 UTC,5370d4b97dca9edb2903328df60f1f02f8d5680404b7975e3815c50daaa2781f
ST-EVID-7D7E8DED05BF,ST-TEST-88B128AB88A7,servicenow,ServiceNow,CSV Export,CSV,GREEN,YES,Export the relevant sterile register used by the test.,CSV export from sterile route,CSV should come from sterile module export route only.,No uncontrolled export from enterprise source systems.,/sterile-compounding/nonprod-poc-plan/servicenow,2026-05-12 23:01:46 UTC,2e8201d58eb973b5af904525700ff3ab2ae75fc840cb978c666c7d7af3bb7083
ST-EVID-3F3F4A2D5A89,ST-TEST-88B128AB88A7,servicenow,ServiceNow,Boundary Confirmation,Governance Note,GREEN,YES,"Confirm that no API call, credential, production data, or writeback was used.",Text note or review comment,This is required for every non-production connector test.,No real connector activation.,/sterile-compounding/nonprod-poc-plan,2026-05-12 23:01:46 UTC,96c450b74cf6c87a0bd0e3dc8d6f2debf61699b5a9ed9f057823b5edaebae38e
ST-EVID-06E7F3B26BE5,ST-TEST-E8518C09E5F7,servicenow,ServiceNow,Route Screenshot,Screenshot,YELLOW,YES,Capture screenshot of the sterile planning route that supports the test.,PNG/JPG/PDF screenshot,Use sterile-only page evidence. Do not capture protected production system screens.,"No production PHI/PII, secrets, tokens, credentials, or source-system admin screens.",/sterile-compounding/data-contracts/servicenow,2026-05-12 23:01:46 UTC,5bab7ecd64075f9c370105e26bae0ab988da5f30e4163b6b5c7d9e4993d5628b
ST-EVID-E3DF19DE6B40,ST-TEST-E8518C09E5F7,servicenow,ServiceNow,CSV Export,CSV,YELLOW,YES,Export the relevant sterile register used by the test.,CSV export from sterile route,CSV should come from sterile module export route only.,No uncontrolled export from enterprise source systems.,/sterile-compounding/data-contracts/servicenow,2026-05-12 23:01:46 UTC,7960a2da3e0f56dd3077ca9393af905625ab0644a1199fd32399e77192af3b8b
ST-EVID-549D7E31968B,ST-TEST-E8518C09E5F7,servicenow,ServiceNow,Boundary Confirmation,Governance Note,YELLOW,YES,"Confirm that no API call, credential, production data, or writeback was used.",Text note or review comment,This is required for every non-production connector test.,No real connector activation.,/sterile-compounding/nonprod-poc-plan,2026-05-12 23:01:46 UTC,f34a1708da45b542c662f5efe3d2438bcb4983ad1d5270a88737e5aec98bba4a
ST-EVID-21717772DC18,ST-TEST-E8518C09E5F7,servicenow,ServiceNow,Data Contract Evidence,Register Export,YELLOW,YES,Export or screenshot the data contract and field mapping pages for this system.,CSV/screenshot,"Shows keys, fields, source-of-truth boundary, and no-writeback rule.",No live data pull.,/sterile-compounding/data-contracts/servicenow,2026-05-12 23:01:46 UTC,dd755868f80ac8e18b46551401123ded9ccb0bcb8c648e6cc036f844bdeef98c
ST-EVID-9761ED595189,ST-TEST-0CDDA13248FC,servicenow,ServiceNow,Route Screenshot,Screenshot,YELLOW,YES,Capture screenshot of the sterile planning route that supports the test.,PNG/JPG/PDF screenshot,Use sterile-only page evidence. Do not capture protected production system screens.,"No production PHI/PII, secrets, tokens, credentials, or source-system admin screens.",/sterile-compounding/mock-ingestion-lab/servicenow,2026-05-12 23:01:46 UTC,85a5c0a1f70f4b20651c1a3fe4a24d1126dce7e90bacc3720cda61a9aa28f34e
ST-EVID-9CF8210DE888,ST-TEST-0CDDA13248FC,servicenow,ServiceNow,CSV Export,CSV,YELLOW,YES,Export the relevant sterile register used by the test.,CSV export from sterile route,CSV should come from sterile module export route only.,No uncontrolled export from enterprise source systems.,/sterile-compounding/mock-ingestion-lab/servicenow,2026-05-12 23:01:46 UTC,d8f94b032e7070f35de6c173f3f1164860c0bd1137d292d2a0762f76b90732ab
ST-EVID-7B88DB690C2E,ST-TEST-0CDDA13248FC,servicenow,ServiceNow,Boundary Confirmation,Governance Note,YELLOW,YES,"Confirm that no API call, credential, production data, or writeback was used.",Text note or review comment,This is required for every non-production connector test.,No real connector activation.,/sterile-compounding/nonprod-poc-plan,2026-05-12 23:01:46 UTC,800c98ce966d6aa48c54a1051e291e0044ae1352dcbbdf64c004ef8369dd947c
ST-EVID-B976E3719E85,ST-TEST-0CDDA13248FC,servicenow,ServiceNow,Mock Payload Evidence,Mock Register,YELLOW,YES,Capture mock ingestion payload shape and quality gate for this system.,CSV/screenshot,Shows readiness without connecting to the source system.,No external API request.,/sterile-compounding/mock-ingestion-lab/servicenow,2026-05-12 23:01:46 UTC,8b33845a6f7e6251a1dc2996d472668fb15c8639dac8bd1a39ef46cb0ff7c461
ST-EVID-1D1674AD02F8,ST-TEST-483EC0462F93,servicenow,ServiceNow,Route Screenshot,Screenshot,YELLOW,YES,Capture screenshot of the sterile planning route that supports the test.,PNG/JPG/PDF screenshot,Use sterile-only page evidence. Do not capture protected production system screens.,"No production PHI/PII, secrets, tokens, credentials, or source-system admin screens.",/sterile-compounding/connector-approval-board/servicenow,2026-05-12 23:01:46 UTC,a379d9ce626e54e02efca6316bfa72fcbe4c23aeeb7568abfcd65e16b8e5de08
ST-EVID-FB9812593BBB,ST-TEST-483EC0462F93,servicenow,ServiceNow,CSV Export,CSV,YELLOW,YES,Export the relevant sterile register used by the test.,CSV export from sterile route,CSV should come from sterile module export route only.,No uncontrolled export from enterprise source systems.,/sterile-compounding/connector-approval-board/servicenow,2026-05-12 23:01:46 UTC,20e7af6bc77a201d9fc3e362f8eff0e236eb0162d49d14772a80426a47c56b5f
ST-EVID-6294D182EB3C,ST-TEST-483EC0462F93,servicenow,ServiceNow,Boundary Confirmation,Governance Note,YELLOW,YES,"Confirm that no API call, credential, production data, or writeback was used.",Text note or review comment,This is required for every non-production connector test.,No real connector activation.,/sterile-compounding/nonprod-poc-plan,2026-05-12 23:01:46 UTC,b3135fd826590f8d565cb22e964da5059a8d24bf786b7e84732a9f4f48347419
ST-EVID-1A4112698E2E,ST-TEST-483EC0462F93,servicenow,ServiceNow,Approval Board Evidence,Approval Register,YELLOW,YES,Capture connector approval board row for this system.,CSV/screenshot,Shows approval gaps and not-allowed actions.,Do not treat this as formal enterprise approval.,/sterile-compounding/connector-approval-board/servicenow,2026-05-12 23:01:46 UTC,4af85cc1cd7e7959364fd1266c1be601ec87c140d9d11764e2a2835e9f05d54b
ST-EVID-4CB1C6709EFA,ST-TEST-C9E9D335F84E,servicenow,ServiceNow,Route Screenshot,Screenshot,YELLOW,YES,Capture screenshot of the sterile planning route that supports the test.,PNG/JPG/PDF screenshot,Use sterile-only page evidence. Do not capture protected production system screens.,"No production PHI/PII, secrets, tokens, credentials, or source-system admin screens.",/sterile-compounding/pre-integration-risk?system=servicenow,2026-05-12 23:01:46 UTC,856fe04d85c61cba7c9c2e74e25ef440b099f54b29bf12212ec5b2b3f25d2010
ST-EVID-7B7997320CC8,ST-TEST-C9E9D335F84E,servicenow,ServiceNow,CSV Export,CSV,YELLOW,YES,Export the relevant sterile register used by the test.,CSV export from sterile route,CSV should come from sterile module export route only.,No uncontrolled export from enterprise source systems.,/sterile-compounding/pre-integration-risk?system=servicenow,2026-05-12 23:01:46 UTC,6b68b1f24689f6250820767ad2c7e58af3e8c504d735a6b91e5acf8e27ab1ea4
ST-EVID-03A90E9DB945,ST-TEST-C9E9D335F84E,servicenow,ServiceNow,Boundary Confirmation,Governance Note,YELLOW,YES,"Confirm that no API call, credential, production data, or writeback was used.",Text note or review comment,This is required for every non-production connector test.,No real connector activation.,/sterile-compounding/nonprod-poc-plan,2026-05-12 23:01:46 UTC,c35e4cf95cc65d5c400a9714252c0e1eb207a10717ba7737fe44c6f93f091783
ST-EVID-0980ECD3DC57,ST-TEST-C9E9D335F84E,servicenow,ServiceNow,Failure Mode Evidence,Risk Register,YELLOW,YES,Capture pre-integration risk register and false-GREEN prevention rule.,CSV/screenshot,Shows missing/stale connector data cannot create false GREEN.,No silent pass when evidence is missing.,/sterile-compounding/pre-integration-risk?system=servicenow,2026-05-12 23:01:46 UTC,6cc0432fd08d140d165addd85570232a766bbcdf39025653110e7e1e4191b29a
ST-EVID-757F84D9AE76,ST-TEST-D009472CCE25,servicenow,ServiceNow,Route Screenshot,Screenshot,YELLOW,YES,Capture screenshot of the sterile planning route that supports the test.,PNG/JPG/PDF screenshot,Use sterile-only page evidence. Do not capture protected production system screens.,"No production PHI/PII, secrets, tokens, credentials, or source-system admin screens.",/sterile-compounding/nonprod-poc-plan/servicenow,2026-05-12 23:01:46 UTC,0a02e9e50724e5c5d1314166f0e2db35c03b0473fd69f3fbd90fb9ecf4eee268
ST-EVID-5083223C05DA,ST-TEST-D009472CCE25,servicenow,ServiceNow,CSV Export,CSV,YELLOW,YES,Export the relevant sterile register used by the test.,CSV export from sterile route,CSV should come from sterile module export route only.,No uncontrolled export from enterprise source systems.,/sterile-compounding/nonprod-poc-plan/servicenow,2026-05-12 23:01:46 UTC,e098e10b4592f17bf77ba78b75cbd3e777beab566bdafaa1f3efb1cbc4347141
ST-EVID-FB912479EA22,ST-TEST-D009472CCE25,servicenow,ServiceNow,Boundary Confirmation,Governance Note,YELLOW,YES,"Confirm that no API call, credential, production data, or writeback was used.",Text note or review comment,This is required for every non-production connector test.,No real connector activation.,/sterile-compounding/nonprod-poc-plan,2026-05-12 23:01:46 UTC,4b143bdb2fecdec02507fda7efae18b49ead9c2237892e23ed777078a975c6da
ST-EVID-2A7E0581B605,ST-TEST-D009472CCE25,servicenow,ServiceNow,Evidence Package Summary,Checklist,YELLOW,YES,Confirm all required evidence items are present for this test case.,Checklist row / CSV export,Used to decide whether the test is execution-ready.,No evidence package built from production extracts unless separately approved.,/sterile-compounding/poc-evidence-checklist,2026-05-12 23:01:46 UTC,973e8425e35fb114243eea1254988cd261ef768132cc68bdabdace33c8b79a7d
ST-EVID-EDDEF4C0AC67,ST-TEST-361E514CA2B3,veeva,Veeva Vault / QMS,Route Screenshot,Screenshot,GREEN,YES,Capture screenshot of the sterile planning route that supports the test.,PNG/JPG/PDF screenshot,Use sterile-only page evidence. Do not capture protected production system screens.,"No production PHI/PII, secrets, tokens, credentials, or source-system admin screens.",/sterile-compounding/nonprod-poc-plan/veeva,2026-05-12 23:01:46 UTC,7d240838ec96717b2a1829aa7f340d84085040d484099f2b5eea17922e41ab02
ST-EVID-37E4216AA5C2,ST-TEST-361E514CA2B3,veeva,Veeva Vault / QMS,CSV Export,CSV,GREEN,YES,Export the relevant sterile register used by the test.,CSV export from sterile route,CSV should come from sterile module export route only.,No uncontrolled export from enterprise source systems.,/sterile-compounding/nonprod-poc-plan/veeva,2026-05-12 23:01:46 UTC,9e219ad3e442eb26b2f6161d274446e7d5a1bdf9728b5f66f8f12a02e2b93ab9
ST-EVID-6AFF42F6842F,ST-TEST-361E514CA2B3,veeva,Veeva Vault / QMS,Boundary Confirmation,Governance Note,GREEN,YES,"Confirm that no API call, credential, production data, or writeback was used.",Text note or review comment,This is required for every non-production connector test.,No real connector activation.,/sterile-compounding/nonprod-poc-plan,2026-05-12 23:01:46 UTC,d45285a61f5a6359c5fe110c5bc2d3f346345b26b0a407f56bed538c72279e6c
ST-EVID-7605F18CAE43,ST-TEST-2AD142A9501B,veeva,Veeva Vault / QMS,Route Screenshot,Screenshot,YELLOW,YES,Capture screenshot of the sterile planning route that supports the test.,PNG/JPG/PDF screenshot,Use sterile-only page evidence. Do not capture protected production system screens.,"No production PHI/PII, secrets, tokens, credentials, or source-system admin screens.",/sterile-compounding/data-contracts/veeva,2026-05-12 23:01:46 UTC,9bd388e984d565f1c7126adb8db12fc591c8510ec1c518d588d4568dbf9ad1ef
ST-EVID-F155ECC1F855,ST-TEST-2AD142A9501B,veeva,Veeva Vault / QMS,CSV Export,CSV,YELLOW,YES,Export the relevant sterile register used by the test.,CSV export from sterile route,CSV should come from sterile module export route only.,No uncontrolled export from enterprise source systems.,/sterile-compounding/data-contracts/veeva,2026-05-12 23:01:46 UTC,3a6b65f00d78bcb2d90b3717256dd7da29113281b2546f0a44aad2725ad8f66b
ST-EVID-C606AE236A7C,ST-TEST-2AD142A9501B,veeva,Veeva Vault / QMS,Boundary Confirmation,Governance Note,YELLOW,YES,"Confirm that no API call, credential, production data, or writeback was used.",Text note or review comment,This is required for every non-production connector test.,No real connector activation.,/sterile-compounding/nonprod-poc-plan,2026-05-12 23:01:46 UTC,83fe9eaf66d6507142cf48e568c7081b7ac632b8477ee08178aaf04759b80d8a
ST-EVID-CE762F8B81AD,ST-TEST-2AD142A9501B,veeva,Veeva Vault / QMS,Data Contract Evidence,Register Export,YELLOW,YES,Export or screenshot the data contract and field mapping pages for this system.,CSV/screenshot,"Shows keys, fields, source-of-truth boundary, and no-writeback rule.",No live data pull.,/sterile-compounding/data-contracts/veeva,2026-05-12 23:01:46 UTC,15789825985f6d11a9cd6432a332c5278027beac20c5bef8c4056b3ba0bcbeb0
ST-EVID-20CF945D39CF,ST-TEST-3F2522EB4E1F,veeva,Veeva Vault / QMS,Route Screenshot,Screenshot,YELLOW,YES,Capture screenshot of the sterile planning route that supports the test.,PNG/JPG/PDF screenshot,Use sterile-only page evidence. Do not capture protected production system screens.,"No production PHI/PII, secrets, tokens, credentials, or source-system admin screens.",/sterile-compounding/mock-ingestion-lab/veeva,2026-05-12 23:01:46 UTC,9ba1a939dad7bb9acb272914927a41ee2b103bcf332fbc8fadbb92ce167fe084
ST-EVID-53E9E555527A,ST-TEST-3F2522EB4E1F,veeva,Veeva Vault / QMS,CSV Export,CSV,YELLOW,YES,Export the relevant sterile register used by the test.,CSV export from sterile route,CSV should come from sterile module export route only.,No uncontrolled export from enterprise source systems.,/sterile-compounding/mock-ingestion-lab/veeva,2026-05-12 23:01:46 UTC,e5618feee461cf33750f49050bb19c5de80df0ecc5993fd2402177b5256df8d2
ST-EVID-5CA94A5A7E43,ST-TEST-3F2522EB4E1F,veeva,Veeva Vault / QMS,Boundary Confirmation,Governance Note,YELLOW,YES,"Confirm that no API call, credential, production data, or writeback was used.",Text note or review comment,This is required for every non-production connector test.,No real connector activation.,/sterile-compounding/nonprod-poc-plan,2026-05-12 23:01:46 UTC,794b4bd14f20f99a674b69d92886b5b7fbdfba415d34088b9049ab5f3b39794e
ST-EVID-98E711EB5CC6,ST-TEST-3F2522EB4E1F,veeva,Veeva Vault / QMS,Mock Payload Evidence,Mock Register,YELLOW,YES,Capture mock ingestion payload shape and quality gate for this system.,CSV/screenshot,Shows readiness without connecting to the source system.,No external API request.,/sterile-compounding/mock-ingestion-lab/veeva,2026-05-12 23:01:46 UTC,0d82b237f6e8d39021fd793bd549f6f5ba7a9b91204b9ca731fc19121f57a565
ST-EVID-125F9A73A102,ST-TEST-C602CDA108A6,veeva,Veeva Vault / QMS,Route Screenshot,Screenshot,YELLOW,YES,Capture screenshot of the sterile planning route that supports the test.,PNG/JPG/PDF screenshot,Use sterile-only page evidence. Do not capture protected production system screens.,"No production PHI/PII, secrets, tokens, credentials, or source-system admin screens.",/sterile-compounding/connector-approval-board/veeva,2026-05-12 23:01:46 UTC,e478fed77413b6322f496b66ab31e5eb72b3abc645d809d0dade720d9d17785e
ST-EVID-E9747C47BEE5,ST-TEST-C602CDA108A6,veeva,Veeva Vault / QMS,CSV Export,CSV,YELLOW,YES,Export the relevant sterile register used by the test.,CSV export from sterile route,CSV should come from sterile module export route only.,No uncontrolled export from enterprise source systems.,/sterile-compounding/connector-approval-board/veeva,2026-05-12 23:01:46 UTC,17d87b762f86b417f6af973b8a7578ccdd8a71078215c060922a5da74ab62ebe
ST-EVID-B83E8987EC61,ST-TEST-C602CDA108A6,veeva,Veeva Vault / QMS,Boundary Confirmation,Governance Note,YELLOW,YES,"Confirm that no API call, credential, production data, or writeback was used.",Text note or review comment,This is required for every non-production connector test.,No real connector activation.,/sterile-compounding/nonprod-poc-plan,2026-05-12 23:01:46 UTC,ce55c013aa7df4fb48e47c6ad6dcc9cf159f558ead49cfd4383b6d6b36117f75
ST-EVID-2BF893C82FA0,ST-TEST-C602CDA108A6,veeva,Veeva Vault / QMS,Approval Board Evidence,Approval Register,YELLOW,YES,Capture connector approval board row for this system.,CSV/screenshot,Shows approval gaps and not-allowed actions.,Do not treat this as formal enterprise approval.,/sterile-compounding/connector-approval-board/veeva,2026-05-12 23:01:46 UTC,1d2bb5e35dc2b4a2f895342647c46b6b5c1cad9a9a550baf71cccb01215f8094
ST-EVID-C3BB4BA2A219,ST-TEST-981E4E1B1A8B,veeva,Veeva Vault / QMS,Route Screenshot,Screenshot,YELLOW,YES,Capture screenshot of the sterile planning route that supports the test.,PNG/JPG/PDF screenshot,Use sterile-only page evidence. Do not capture protected production system screens.,"No production PHI/PII, secrets, tokens, credentials, or source-system admin screens.",/sterile-compounding/pre-integration-risk?system=veeva,2026-05-12 23:01:46 UTC,2a2d1e75db124332fc0c27de710f97e4377b669fd03188d1525adcd3aaa7aaa8
ST-EVID-5938C8464F6D,ST-TEST-981E4E1B1A8B,veeva,Veeva Vault / QMS,CSV Export,CSV,YELLOW,YES,Export the relevant sterile register used by the test.,CSV export from sterile route,CSV should come from sterile module export route only.,No uncontrolled export from enterprise source systems.,/sterile-compounding/pre-integration-risk?system=veeva,2026-05-12 23:01:46 UTC,23f0612d47878d946352123494000926c031f22920d231da3134f20c48464e09
ST-EVID-C98F190D1DB3,ST-TEST-981E4E1B1A8B,veeva,Veeva Vault / QMS,Boundary Confirmation,Governance Note,YELLOW,YES,"Confirm that no API call, credential, production data, or writeback was used.",Text note or review comment,This is required for every non-production connector test.,No real connector activation.,/sterile-compounding/nonprod-poc-plan,2026-05-12 23:01:46 UTC,ab9454a8dcc2ef8babb17040203586944daa4295f6b2e4c9c79e05bef19d2fe8
ST-EVID-C930C8C8D8D8,ST-TEST-981E4E1B1A8B,veeva,Veeva Vault / QMS,Failure Mode Evidence,Risk Register,YELLOW,YES,Capture pre-integration risk register and false-GREEN prevention rule.,CSV/screenshot,Shows missing/stale connector data cannot create false GREEN.,No silent pass when evidence is missing.,/sterile-compounding/pre-integration-risk?system=veeva,2026-05-12 23:01:46 UTC,8d08d93758bd3d5388f42778b244397ed0dbb86a7bd717cea3699bae330f3316
ST-EVID-2DE3C4AA8DE3,ST-TEST-04C433FE4AFA,veeva,Veeva Vault / QMS,Route Screenshot,Screenshot,YELLOW,YES,Capture screenshot of the sterile planning route that supports the test.,PNG/JPG/PDF screenshot,Use sterile-only page evidence. Do not capture protected production system screens.,"No production PHI/PII, secrets, tokens, credentials, or source-system admin screens.",/sterile-compounding/nonprod-poc-plan/veeva,2026-05-12 23:01:46 UTC,cf7745089601300dc88404baae90ba6fd2410f36ff726a7fff9d64e0ec9ee28b
ST-EVID-5FC6B048F566,ST-TEST-04C433FE4AFA,veeva,Veeva Vault / QMS,CSV Export,CSV,YELLOW,YES,Export the relevant sterile register used by the test.,CSV export from sterile route,CSV should come from sterile module export route only.,No uncontrolled export from enterprise source systems.,/sterile-compounding/nonprod-poc-plan/veeva,2026-05-12 23:01:46 UTC,cf897fcae74fc4909962500a37573f4ae84192dc1770f2bbda0ee7d09b140f56
ST-EVID-22CBD844BC73,ST-TEST-04C433FE4AFA,veeva,Veeva Vault / QMS,Boundary Confirmation,Governance Note,YELLOW,YES,"Confirm that no API call, credential, production data, or writeback was used.",Text note or review comment,This is required for every non-production connector test.,No real connector activation.,/sterile-compounding/nonprod-poc-plan,2026-05-12 23:01:46 UTC,db170d8984fb40b37d3eb46ab8a1592f121e6fd1c3f0d6676e00bc1a2fb3f546
ST-EVID-454560BC0939,ST-TEST-04C433FE4AFA,veeva,Veeva Vault / QMS,Evidence Package Summary,Checklist,YELLOW,YES,Confirm all required evidence items are present for this test case.,Checklist row / CSV export,Used to decide whether the test is execution-ready.,No evidence package built from production extracts unless separately approved.,/sterile-compounding/poc-evidence-checklist,2026-05-12 23:01:46 UTC,716da9726c3f629e0ad00d6b5ca20def4951d25b377123fd64a43450d45284a3
