"RegisterId","ModuleId","ModuleName","CanonicalWorkstream","OwnerLayer","BoundaryStatus","ArchitectureRole","AuthorityBoundary","DependencyPosition","BaselineClassification","CanonicalStatus","ArchitectureDisposition","RawDiscoveryRouteCount","RouteEvidenceTreatment","RetainedEvidencePaths","ExcludedEvidencePaths","Step148BReviewRationale","Step149ReviewStatus","NextControlAction","Step150Readiness"
"CAP-001","CORE_APP","Current Azure-Hosted COBIT-Chain Application","CORE APPLICATION","Core Application","ACTIVE","Supporting capability registered under its current owner layer pending deeper architecture decomposition.","No independent binding authority unless explicitly assigned through a governed future architecture decision.","Cross-cutting dependency to be refined during Step 150 ownership and boundary mapping.","BUILT / existing","CANONICAL CURRENT - VERIFY","REGISTER CURRENT IMPLEMENTATION","2","RAW STEP 148 DISCOVERY EVIDENCE ONLY - NOT MATURITY PROOF",".github\workflows\main_cobitchain-app-demo.yml | app.py | platform_b_mvp\functions\function_app.py | platform_b_mvp\functions\requirements.txt | requirements.txt","","Current implementation evidence exists after the specified historical and patch artifacts were excluded. Independent maturity verification remains required.","REGISTERED - HUMAN ARCHITECTURE REVIEW REQUIRED","Confirm the canonical implementation path, owner, dependency, and acceptance evidence.","READY AFTER STEP 149 REGISTER REVIEW"
"CAP-002","CLINICAL_TRIAL","Clinical Trial / Real-Time Clinical Trial Assurance","LIFE-SCIENCES ASSURANCE","Life-Sciences Assurance","ACTIVE — TOP-TIER DEMONSTRATION","Supporting capability registered under its current owner layer pending deeper architecture decomposition.","No independent binding authority unless explicitly assigned through a governed future architecture decision.","Cross-cutting dependency to be refined during Step 150 ownership and boundary mapping.","BUILT / existing","CANONICAL CURRENT - VERIFY","REGISTER CURRENT IMPLEMENTATION","0","RAW STEP 148 DISCOVERY EVIDENCE ONLY - NOT MATURITY PROOF","platform_b_mvp\MVP_AZURE_ENDPOINT_TEST_PASS.md | platform_b_mvp\PLATFORM_B_V2_AGENT_PROTOCOL_ASSURANCE_BACKLOG.md | STEP_148_EXISTING_REPO_MODULE_INVENTORY.ps1","","Current implementation evidence exists after the specified historical and patch artifacts were excluded. Independent maturity verification remains required.","REGISTERED - HUMAN ARCHITECTURE REVIEW REQUIRED","Confirm the canonical implementation path, owner, dependency, and acceptance evidence.","READY AFTER STEP 149 REGISTER REVIEW"
"CAP-003","COMPOUNDING","Compounding Pharmacy Assurance","LIFE-SCIENCES ASSURANCE","Life-Sciences Assurance","ACTIVE — TOP-TIER COMMERCIALIZATION","Supporting capability registered under its current owner layer pending deeper architecture decomposition.","No independent binding authority unless explicitly assigned through a governed future architecture decision.","Cross-cutting dependency to be refined during Step 150 ownership and boundary mapping.","PROTOTYPE WORKING","CONTROLLED PROTOTYPE","CONTROLLED PROTOTYPE EVOLUTION","0","RAW STEP 148 DISCOVERY EVIDENCE ONLY - NOT MATURITY PROOF","sterile_compounding_audit_pack_register.csv | sterile_compounding_connector_approval_board.csv | sterile_compounding_connector_test_cases.csv | sterile_compounding_custody_audit_link_register.csv | sterile_compounding_custody_health_register.csv | sterile_compounding_data_contract_register.csv | sterile_compounding_field_mapping_matrix.csv | sterile_compounding_implementation_decision_matrix.csv | sterile_compounding_lineage_register.csv | sterile_compounding_mock_ingestion_lab.csv | sterile_compounding_nonprod_poc_plan.csv | sterile_compounding_platform_health_entry.csv","","Current implementation evidence and local test, validator, or manifest evidence exist. This supports a working prototype baseline only, not production maturity.","REGISTERED - HUMAN ARCHITECTURE REVIEW REQUIRED","Define the next acceptance criteria, local validation evidence, and controlled promotion boundary.","READY AFTER STEP 149 REGISTER REVIEW"
"CAP-004","DSCSA","DSCSA / EPCIS / Supply-Chain Assurance","LIFE-SCIENCES ASSURANCE","Life-Sciences Assurance","ACTIVE — TOP-TIER COMMERCIALIZATION","Supporting capability registered under its current owner layer pending deeper architecture decomposition.","No independent binding authority unless explicitly assigned through a governed future architecture decision.","Cross-cutting dependency to be refined during Step 150 ownership and boundary mapping.","PROTOTYPE WORKING","CONTROLLED PROTOTYPE","CONTROLLED PROTOTYPE EVOLUTION","0","RAW STEP 148 DISCOVERY EVIDENCE ONLY - NOT MATURITY PROOF","platform_b1_mvp2\dscsa\dscsa_evidence_integrity_exception_assurance_addendum.json | platform_b1_mvp2\dscsa\DSCSA_EVIDENCE_INTEGRITY_EXCEPTION_ASSURANCE_ADDENDUM.md | platform_b1_mvp2\extension_catalogue\manufacturing_supply_chain_extension_catalogue.json | platform_b1_mvp2\extension_catalogue\MANUFACTURING_SUPPLY_CHAIN_EXTENSION_CATALOGUE.md | platform_b1_mvp2\PLATFORM_B1_MVP2_PRIORITY_SCOPE_LOCK.md | platform_b1_mvp2\priority_scope_lock.json | platform_b1_mvp2\regulated_operations_digital_twin\mock_fixtures\dscsa_late_epcis_vrs_no_response_exception.json | platform_b1_mvp2\regulated_operations_digital_twin\regulated_operations_digital_twin_object_model.json | platform_b1_mvp2\regulated_operations_digital_twin\REGULATED_OPERATIONS_DIGITAL_TWIN_OBJECT_MODEL.md | platform_b1_mvp2\tests\test_dscsa_evidence_integrity_addendum.py | platform_b1_mvp2\tests\test_manufacturing_supply_chain_extension_catalogue.py | STEP_148_EXISTING_REPO_MODULE_INVENTORY.ps1","","Current implementation evidence and local test, validator, or manifest evidence exist. This supports a working prototype baseline only, not production maturity.","REGISTERED - HUMAN ARCHITECTURE REVIEW REQUIRED","Define the next acceptance criteria, local validation evidence, and controlled promotion boundary.","READY AFTER STEP 149 REGISTER REVIEW"
"CAP-005","IRLT","IRLT / Radiopharma Assurance","LIFE-SCIENCES ASSURANCE","Life-Sciences Assurance","ACTIVE — TOP-TIER COMMERCIALIZATION","Supporting capability registered under its current owner layer pending deeper architecture decomposition.","No independent binding authority unless explicitly assigned through a governed future architecture decision.","Cross-cutting dependency to be refined during Step 150 ownership and boundary mapping.","NEEDS CONSOLIDATION","CANONICAL PATH UNRESOLVED","CANONICAL CONSOLIDATION REQUIRED","2","RAW STEP 148 DISCOVERY EVIDENCE ONLY - NOT MATURITY PROOF","irlt_registry_v2_extend_modules.py | irlt_registry_v2_extend_modules_2.py | platform_b_mvp\v0_5_ambient_operational_trust_fabric\IRLT_DOSE_TIME_ASSURANCE_DEMO.md | platform_b1_mvp2\irlt_radiopharma\irlt_radiopharma_operations_first_tier_addendum.json | platform_b1_mvp2\irlt_radiopharma\IRLT_RADIOPHARMA_OPERATIONS_FIRST_TIER_ADDENDUM.md | platform_b1_mvp2\regulated_operations_digital_twin\mock_fixtures\irlt_equipment_ci_quality_handoff_review.json | platform_b1_mvp2\tests\test_irlt_radiopharma_operations_addendum.py | routes.txt | STEP_148_EXISTING_REPO_MODULE_INVENTORY.ps1 | wide_evidence_lineage_layout.py","patch_commercialization_stress_test.py | patch_rlttrust_final_qa_smoke_test.py","Current evidence exists, but Step 148 also identified fragmentation, duplicate evidence, multiple roots, or historical implementation artifacts requiring canonical consolidation.","REGISTERED - HUMAN ARCHITECTURE REVIEW REQUIRED","Identify the canonical implementation and classify redundant or historical artifacts for retirement.","READY AFTER STEP 149 REGISTER REVIEW"
"CAP-006","CITRUST","CITrust / ServiceNow / CMDB Governance Assurance","OPERATIONAL ASSURANCE","Operational Assurance","ACTIVE","Supporting capability registered under its current owner layer pending deeper architecture decomposition.","No independent binding authority unless explicitly assigned through a governed future architecture decision.","Cross-cutting dependency to be refined during Step 150 ownership and boundary mapping.","NEEDS CONSOLIDATION","CANONICAL PATH UNRESOLVED","CANONICAL CONSOLIDATION REQUIRED","0","RAW STEP 148 DISCOVERY EVIDENCE ONLY - NOT MATURITY PROOF","platform_ab_command_center.html | platform_agentic_enterprise_blueprint.html | platform_ai_enabled_cmc_blueprint.html | platform_api_blueprint_command_center.html | platform_architecture_command_center.html | platform_b_enterprise_control_layer_assurance_patch_v1_summary.json | platform_b_mvp\PLATFORM_B_V2_MEANING_TO_ACTION_ASSURANCE_BACKLOG.md | platform_evidence_store_command_center.html | platform_mcp_server_command_center.html | STEP_148_EXISTING_REPO_MODULE_INVENTORY.ps1 | thread-d\ramat-context-witness-mvp\demo\index.html | thread-d\ramat-context-witness-mvp\demo\ramat-context-witness-demo.html","","Current evidence exists, but Step 148 also identified fragmentation, duplicate evidence, multiple roots, or historical implementation artifacts requiring canonical consolidation.","REGISTERED - HUMAN ARCHITECTURE REVIEW REQUIRED","Identify the canonical implementation and classify redundant or historical artifacts for retirement.","READY AFTER STEP 149 REGISTER REVIEW"
"CAP-007","CUTOVERTRUST","CutoverTrust","OPERATIONAL ASSURANCE","Operational Assurance","ACTIVE","Supporting capability registered under its current owner layer pending deeper architecture decomposition.","No independent binding authority unless explicitly assigned through a governed future architecture decision.","Cross-cutting dependency to be refined during Step 150 ownership and boundary mapping.","BUILT / existing","CANONICAL CURRENT - VERIFY","REGISTER CURRENT IMPLEMENTATION","0","RAW STEP 148 DISCOVERY EVIDENCE ONLY - NOT MATURITY PROOF","platform_ai_assurance_operational_release_gate.html | platform_ai_assurance_post_release_monitoring.html | platform_ai_lifecycle_change_assurance.html | STEP_148_EXISTING_REPO_MODULE_INVENTORY.ps1","","Current implementation evidence exists after the specified historical and patch artifacts were excluded. Independent maturity verification remains required.","REGISTERED - HUMAN ARCHITECTURE REVIEW REQUIRED","Confirm the canonical implementation path, owner, dependency, and acceptance evidence.","READY AFTER STEP 149 REGISTER REVIEW"
"CAP-008","OPERATIONAL_TRUST","Operational Trust","OPERATIONAL ASSURANCE","Operational Assurance","ACTIVE","Supporting capability registered under its current owner layer pending deeper architecture decomposition.","No independent binding authority unless explicitly assigned through a governed future architecture decision.","Cross-cutting dependency to be refined during Step 150 ownership and boundary mapping.","NEEDS CONSOLIDATION","CANONICAL PATH UNRESOLVED","CANONICAL CONSOLIDATION REQUIRED","0","RAW STEP 148 DISCOVERY EVIDENCE ONLY - NOT MATURITY PROOF","platform_ai_operational_readiness.html | platform_b_enterprise_ai_adoption_agent_operational_trust_patch_v1_summary.json | platform_b_mvp\demo_console\operational_trust_score_console.html | platform_b_mvp\v0_5_ambient_operational_trust_fabric\AZURE_IOT_BACKBONE_PLAN.md | platform_b_mvp\v0_5_ambient_operational_trust_fabric\BUYING_AND_COMPONENTS_REGISTER.md | platform_b_mvp\v0_5_ambient_operational_trust_fabric\CHRIS_MULTI_DEMO_SCRIPT.md | platform_b_mvp\v0_5_ambient_operational_trust_fabric\demo_console\index.html | platform_b_mvp\v0_5_ambient_operational_trust_fabric\demo_console\V0_5_DEMO_CONSOLE_MANIFEST.md | platform_b_mvp\v0_5_ambient_operational_trust_fabric\DEVICE_AGNOSTIC_CONTEXT_WITNESS_SCHEMA.md | platform_b_mvp\v0_5_ambient_operational_trust_fabric\PLATFORM_B_V0_5_AMBIENT_OPERATIONAL_TRUST_FABRIC.md | platform_b_mvp\v0_5_ambient_operational_trust_fabric\V0_5_GITHUB_RELEASE_NOTES.md | platform_b_mvp\v0_5_ambient_operational_trust_fabric\V0_5_PULL_REQUEST_BODY.md","","Current evidence exists, but Step 148 also identified fragmentation, duplicate evidence, multiple roots, or historical implementation artifacts requiring canonical consolidation.","REGISTERED - HUMAN ARCHITECTURE REVIEW REQUIRED","Identify the canonical implementation and classify redundant or historical artifacts for retirement.","READY AFTER STEP 149 REGISTER REVIEW"
"CAP-009","PLATFORM_A","Platform A — Assurance Design Plane","PLATFORM A","Platform A","ACTIVE","Discovery, visibility, governance intake, and regulated use-case context. It does not independently authorize regulated execution.","No independent binding authority. Discovery, intake, and governance context must flow to the appropriate assurance and human authority layers.","Provides use-case, governance, inventory, and visibility context to Platform B and Platform B1.","NEEDS CONSOLIDATION","CANONICAL PATH UNRESOLVED","CANONICAL CONSOLIDATION REQUIRED","0","RAW STEP 148 DISCOVERY EVIDENCE ONLY - NOT MATURITY PROOF","platform_ab_command_center.html | platform_action_assurance_workflow.html | platform_agentic_action_assurance_flow.html | platform_agentic_enterprise_blueprint.html | platform_ai_accountability_raci.html | platform_ai_architecture_assurance.html | platform_ai_assurance_control_router.html | platform_ai_assurance_knowledge_reuse_registry.html | platform_ai_assurance_remediation_queue.html | platform_ai_enabled_cmc_blueprint.html | platform_ai_team_assurance.html | platform_api_blueprint_command_center.html","","Current evidence exists, but Step 148 also identified fragmentation, duplicate evidence, multiple roots, or historical implementation artifacts requiring canonical consolidation.","REGISTERED - HUMAN ARCHITECTURE REVIEW REQUIRED","Identify the canonical implementation and classify redundant or historical artifacts for retirement.","READY AFTER STEP 149 REGISTER REVIEW"
"CAP-010","PLATFORM_B_V1","Platform B v1 — Frozen Action Admissibility Kernel","PLATFORM B v1","Platform B v1 — FROZEN","FROZEN — DO NOT REOPEN","Frozen validated-core assurance decision engine containing the six locked Platform B v1 capabilities.","May evaluate assurance state and admissibility within the locked core. It does not replace human accountability, Quality Unit authority, or source-system records.","Foundational locked assurance core. Thread D v1 consumes its state. Platform B1 extends around it without reopening it.","ARCHITECTURE LOCKED","CANONICAL LOCKED","PRESERVE LOCKED ARCHITECTURE","0","RAW STEP 148 DISCOVERY EVIDENCE ONLY - NOT MATURITY PROOF","platform_b_mvp\API_CONTRACT.md | platform_b_mvp\demo_console\action_admissibility_console.html | platform_b_mvp\demo_seed_data\demo_action_admissibility_records.json | platform_b_mvp\docs\PLATFORM_B_MVP_AZURE_DEPLOYMENT_CLOSEOUT.md | platform_b_mvp\functions\function_app.py | platform_b_mvp\MVP_AZURE_ENDPOINT_TEST_PASS.md | platform_b_mvp\MVP_EVIDENCE_PACKAGE_INDEX.md | platform_b_mvp\MVP_IP_FUNDING_EVIDENCE_COVER_NOTE.md | platform_b_mvp\MVP_PHD_FUNDING_OUTREACH_BRIEF.md | platform_b_mvp\MVP_RELEASE_PROOF_SUMMARY.md | platform_b_mvp\README.md | platform_b_mvp\v0_6_operational_trust_passport_evidence_mesh\ACTION_ADMISSIBILITY_LEDGER_SCHEMA.md","","Governance boundary override: Platform B v1 remains the frozen six-function core. Raw route totals and historical files do not change this boundary.","REGISTERED - HUMAN ARCHITECTURE REVIEW REQUIRED","Preserve the current boundary. Permit evidence, documentation, or controlled maintenance only; do not reopen architecture.","READY AFTER STEP 149 REGISTER REVIEW"
"CAP-011","AGENTIC_AI","Agentic AI / Model and Agent Assurance","PLATFORM B1 / MVP2","Platform B1 / AI and Agent Assurance","ACTIVE","Advanced assurance implementation and evaluation layer. It extends assurance logic without modifying Platform B v1.","May evaluate advanced assurance conditions and generate governed assurance state. It does not release GMP work, approve clinical results, or replace official systems.","Consumes governed evidence and evaluates advanced assurance logic. Thread D2 displays its evaluated state.","PROTOTYPE WORKING","CONTROLLED PROTOTYPE","CONTROLLED PROTOTYPE EVOLUTION","0","RAW STEP 148 DISCOVERY EVIDENCE ONLY - NOT MATURITY PROOF","platform_agentic_action_assurance_flow.html | platform_agentic_action_assurance_flow_urls.txt | platform_agentic_enterprise_blueprint.html | platform_b_controlled_adaptation_agenticity_ai_configuration_assurance_patch_v1_summary.json | platform_b_controlled_adaptation_agenticity_ai_configuration_assurance_patch_v1_urls.txt | platform_b1_mvp2\research_watch\platform_b1_agentic_ambient_ai_vendor_assurance_passport.json | platform_b1_mvp2\research_watch\PLATFORM_B1_AGENTIC_AMBIENT_AI_VENDOR_ASSURANCE_PASSPORT.md | platform_b1_mvp2\research_watch\validator\PLATFORM_B1_AGENTIC_AMBIENT_AI_VENDOR_ASSURANCE_PASSPORT_VALIDATOR.md | platform_b1_mvp2\research_watch\validator\platform_b1_agentic_ambient_ai_vendor_assurance_passport_validator.py | platform_b1_mvp2\tests\test_platform_b1_agentic_ambient_ai_vendor_assurance_passport.py | platform_b1_mvp2\tests\test_platform_b1_agentic_ambient_ai_vendor_assurance_passport_validator.py | STEP_148_EXISTING_REPO_MODULE_INVENTORY.ps1","","Current implementation evidence and local test, validator, or manifest evidence exist. This supports a working prototype baseline only, not production maturity.","REGISTERED - HUMAN ARCHITECTURE REVIEW REQUIRED","Define the next acceptance criteria, local validation evidence, and controlled promotion boundary.","READY AFTER STEP 149 REGISTER REVIEW"
"CAP-012","ARCHANGEL","ARCHANGEL Full Assurance Ledger","PLATFORM B1 / MVP2","Platform B1 / Assurance Ledger","ACTIVE","Advanced assurance implementation and evaluation layer. It extends assurance logic without modifying Platform B v1.","May evaluate advanced assurance conditions and generate governed assurance state. It does not release GMP work, approve clinical results, or replace official systems.","Consumes governed evidence and evaluates advanced assurance logic. Thread D2 displays its evaluated state.","PROTOTYPE WORKING","CONTROLLED PROTOTYPE","CONTROLLED PROTOTYPE EVOLUTION","0","RAW STEP 148 DISCOVERY EVIDENCE ONLY - NOT MATURITY PROOF","platform_action_assurance_workflow.html | platform_b1_mvp2\AZURE_ENTERPRISE_CAPABILITY_REGISTRY.md | platform_b1_mvp2\MVP2_FEATURE_REGISTRY.md | platform_b1_mvp2\tests\test_platform_b1_mvp2_local_validation_evidence_ledger.py | platform_b1_mvp2\tests\test_platform_b1_mvp2_local_validation_evidence_ledger_validator.py | platform_b1_mvp2\validation\evidence_ledger\platform_b1_mvp2_local_validation_evidence_ledger.json | platform_b1_mvp2\validation\evidence_ledger\PLATFORM_B1_MVP2_LOCAL_VALIDATION_EVIDENCE_LEDGER.md | platform_b1_mvp2\validation\evidence_ledger\validator\PLATFORM_B1_MVP2_LOCAL_VALIDATION_EVIDENCE_LEDGER_VALIDATOR.md | platform_b1_mvp2\validation\evidence_ledger\validator\platform_b1_mvp2_local_validation_evidence_ledger_validator.py | STEP_148_EXISTING_REPO_MODULE_INVENTORY.ps1 | thread-d\ramat-context-witness-mvp\demo\index.html | thread-d\ramat-context-witness-mvp\demo\ramat-context-witness-demo.html","","Current implementation evidence and local test, validator, or manifest evidence exist. This supports a working prototype baseline only, not production maturity.","REGISTERED - HUMAN ARCHITECTURE REVIEW REQUIRED","Define the next acceptance criteria, local validation evidence, and controlled promotion boundary.","READY AFTER STEP 149 REGISTER REVIEW"
"CAP-013","NO_BIND","No-Bind Governance","PLATFORM B1 / MVP2","Platform B1 / Authority Kernel","ACTIVE","Advanced assurance implementation and evaluation layer. It extends assurance logic without modifying Platform B v1.","May evaluate advanced assurance conditions and generate governed assurance state. It does not release GMP work, approve clinical results, or replace official systems.","Consumes governed evidence and evaluates advanced assurance logic. Thread D2 displays its evaluated state.","PROTOTYPE WORKING","CONTROLLED PROTOTYPE","CONTROLLED PROTOTYPE EVOLUTION","0","RAW STEP 148 DISCOVERY EVIDENCE ONLY - NOT MATURITY PROOF","platform_b1_mvp2\research_watch\platform_b1_agentic_ambient_ai_vendor_assurance_passport.json | platform_b1_mvp2\research_watch\PLATFORM_B1_AGENTIC_AMBIENT_AI_VENDOR_ASSURANCE_PASSPORT.md | platform_b1_mvp2\research_watch\platform_b1_thread_d2_no_bind_governance_doctrine.json | platform_b1_mvp2\research_watch\PLATFORM_B1_THREAD_D2_NO_BIND_GOVERNANCE_DOCTRINE.md | platform_b1_mvp2\research_watch\validator\PLATFORM_B1_AGENTIC_AMBIENT_AI_VENDOR_ASSURANCE_PASSPORT_VALIDATOR.md | platform_b1_mvp2\research_watch\validator\platform_b1_agentic_ambient_ai_vendor_assurance_passport_validator.py | platform_b1_mvp2\tests\test_platform_b1_agentic_ambient_ai_vendor_assurance_passport.py | platform_b1_mvp2\tests\test_platform_b1_agentic_ambient_ai_vendor_assurance_passport_validator.py | platform_b1_mvp2\tests\test_platform_b1_thread_d2_no_bind_governance_doctrine.py | platform_b1_mvp2\validation\evidence_ledger\platform_b1_mvp2_local_validation_evidence_ledger.json | STEP_148_EXISTING_REPO_MODULE_INVENTORY.ps1 | thread-d\ramat-context-witness-mvp\docs\FUTURE_NO_BIND_AND_EDGE_WITNESS_ROADMAP_CARDS.md","","Current implementation evidence and local test, validator, or manifest evidence exist. This supports a working prototype baseline only, not production maturity.","REGISTERED - HUMAN ARCHITECTURE REVIEW REQUIRED","Define the next acceptance criteria, local validation evidence, and controlled promotion boundary.","READY AFTER STEP 149 REGISTER REVIEW"
"CAP-014","WORKFLOW_DEPENDENCY","Workflow Dependency Assurance Lens","PLATFORM B1 / MVP2","Platform B1 / Dependency Engine","ACTIVE","Advanced assurance implementation and evaluation layer. It extends assurance logic without modifying Platform B v1.","May evaluate advanced assurance conditions and generate governed assurance state. It does not release GMP work, approve clinical results, or replace official systems.","Consumes governed evidence and evaluates advanced assurance logic. Thread D2 displays its evaluated state.","NEEDS CONSOLIDATION","CANONICAL PATH UNRESOLVED","CANONICAL CONSOLIDATION REQUIRED","0","RAW STEP 148 DISCOVERY EVIDENCE ONLY - NOT MATURITY PROOF","platform_b1_mvp2\AZURE_ENTERPRISE_CAPABILITY_REGISTRY.md | platform_b1_mvp2\closeout\workflow_dependency_chain_closeout.json | platform_b1_mvp2\closeout\WORKFLOW_DEPENDENCY_CHAIN_VALIDATION_SUMMARY.md | platform_b1_mvp2\evaluators\workflow_dependency_evaluator.py | platform_b1_mvp2\schemas\workflow_dependency_record.schema.json | platform_b1_mvp2\tests\run_workflow_dependency_smoke.py | platform_b1_mvp2\tests\test_workflow_dependency_chain_closeout.py | platform_b1_mvp2\tests\test_workflow_dependency_d2_display_fixture.py | platform_b1_mvp2\tests\test_workflow_dependency_evaluator.py | platform_b1_mvp2\ui_contracts\WORKFLOW_DEPENDENCY_D2_DISPLAY_CONTRACT.md | platform_b1_mvp2\ui_contracts\workflow_dependency_d2_display_fixture.json | STEP_148_EXISTING_REPO_MODULE_INVENTORY.ps1","","Current evidence exists, but Step 148 also identified fragmentation, duplicate evidence, multiple roots, or historical implementation artifacts requiring canonical consolidation.","REGISTERED - HUMAN ARCHITECTURE REVIEW REQUIRED","Identify the canonical implementation and classify redundant or historical artifacts for retirement.","READY AFTER STEP 149 REGISTER REVIEW"
"CAP-015","DIGITAL_TWIN","Regulated Operations / Digital Twin Assurance","PLATFORM B1 / MVP2","Platform B1 / Digital Twin","ACTIVE — EXISTING PLATFORM CAPABILITY","Advanced assurance implementation and evaluation layer. It extends assurance logic without modifying Platform B v1.","May evaluate advanced assurance conditions and generate governed assurance state. It does not release GMP work, approve clinical results, or replace official systems.","Consumes governed evidence and evaluates advanced assurance logic. Thread D2 displays its evaluated state.","PROTOTYPE WORKING","CONTROLLED PROTOTYPE","CONTROLLED PROTOTYPE EVOLUTION","0","RAW STEP 148 DISCOVERY EVIDENCE ONLY - NOT MATURITY PROOF","platform_b1_mvp2\regulated_operations_digital_twin\mock_fixtures\compound_pharmacy_preparation_package_review.json | platform_b1_mvp2\regulated_operations_digital_twin\mock_fixtures\DIGITAL_TWIN_MOCK_FIXTURES.md | platform_b1_mvp2\regulated_operations_digital_twin\mock_fixtures\dscsa_late_epcis_vrs_no_response_exception.json | platform_b1_mvp2\regulated_operations_digital_twin\mock_fixtures\irlt_equipment_ci_quality_handoff_review.json | platform_b1_mvp2\regulated_operations_digital_twin\regulated_operations_digital_twin_object_model.json | platform_b1_mvp2\regulated_operations_digital_twin\REGULATED_OPERATIONS_DIGITAL_TWIN_OBJECT_MODEL.md | platform_b1_mvp2\regulated_operations_digital_twin\validator\DIGITAL_TWIN_MOCK_FIXTURE_VALIDATOR.md | platform_b1_mvp2\regulated_operations_digital_twin\validator\digital_twin_mock_fixture_validator.py | platform_b1_mvp2\tests\test_regulated_operations_digital_twin_mock_fixture_validator.py | platform_b1_mvp2\tests\test_regulated_operations_digital_twin_mock_fixtures.py | platform_b1_mvp2\tests\test_regulated_operations_digital_twin_object_model.py | STEP_148_EXISTING_REPO_MODULE_INVENTORY.ps1","","Current implementation evidence and local test, validator, or manifest evidence exist. This supports a working prototype baseline only, not production maturity.","REGISTERED - HUMAN ARCHITECTURE REVIEW REQUIRED","Define the next acceptance criteria, local validation evidence, and controlled promotion boundary.","READY AFTER STEP 149 REGISTER REVIEW"
"CAP-016","SERAPH","SERAPH Evidence Integrity Layer","PLATFORM B1 / MVP2","Platform B1 / Evidence Fabric","ACTIVE","Advanced assurance implementation and evaluation layer. It extends assurance logic without modifying Platform B v1.","May evaluate advanced assurance conditions and generate governed assurance state. It does not release GMP work, approve clinical results, or replace official systems.","Consumes governed evidence and evaluates advanced assurance logic. Thread D2 displays its evaluated state.","PROTOTYPE WORKING","CONTROLLED PROTOTYPE","CONTROLLED PROTOTYPE EVOLUTION","0","RAW STEP 148 DISCOVERY EVIDENCE ONLY - NOT MATURITY PROOF","platform_b1_mvp2\AZURE_ENTERPRISE_CAPABILITY_REGISTRY.md | platform_b1_mvp2\compound_pharmacy\compound_pharmacy_commercialization_addendum.json | platform_b1_mvp2\compound_pharmacy\COMPOUND_PHARMACY_COMMERCIALIZATION_ADDENDUM.md | platform_b1_mvp2\dscsa\dscsa_evidence_integrity_exception_assurance_addendum.json | platform_b1_mvp2\dscsa\DSCSA_EVIDENCE_INTEGRITY_EXCEPTION_ASSURANCE_ADDENDUM.md | platform_b1_mvp2\extension_catalogue\manufacturing_supply_chain_extension_catalogue.json | platform_b1_mvp2\extension_catalogue\MANUFACTURING_SUPPLY_CHAIN_EXTENSION_CATALOGUE.md | platform_b1_mvp2\irlt_radiopharma\irlt_radiopharma_operations_first_tier_addendum.json | platform_b1_mvp2\irlt_radiopharma\IRLT_RADIOPHARMA_OPERATIONS_FIRST_TIER_ADDENDUM.md | platform_b1_mvp2\MVP2_FEATURE_REGISTRY.md | platform_b1_mvp2\tests\test_dscsa_evidence_integrity_addendum.py | STEP_148_EXISTING_REPO_MODULE_INVENTORY.ps1","","Current implementation evidence and local test, validator, or manifest evidence exist. This supports a working prototype baseline only, not production maturity.","REGISTERED - HUMAN ARCHITECTURE REVIEW REQUIRED","Define the next acceptance criteria, local validation evidence, and controlled promotion boundary.","READY AFTER STEP 149 REGISTER REVIEW"
"CAP-017","INSPECTION","Audit Simulation / Regulatory AI Inspection Readiness","PLATFORM B1 / MVP2","Platform B1 / Inspection Intelligence","ACTIVE","Advanced assurance implementation and evaluation layer. It extends assurance logic without modifying Platform B v1.","May evaluate advanced assurance conditions and generate governed assurance state. It does not release GMP work, approve clinical results, or replace official systems.","Consumes governed evidence and evaluates advanced assurance logic. Thread D2 displays its evaluated state.","NEEDS CONSOLIDATION","CANONICAL PATH UNRESOLVED","CANONICAL CONSOLIDATION REQUIRED","0","RAW STEP 148 DISCOVERY EVIDENCE ONLY - NOT MATURITY PROOF","platform_b_mvp\MVP_EVIDENCE_PACKAGE_INDEX.md | platform_b_mvp\PLATFORM_B_V2_BACKLOG_EVIDENCE_PACKAGE.md | platform_b_mvp\v0_6_operational_trust_passport_evidence_mesh\demo_console\reviewer_evidence_packet.html | platform_b_mvp\v0_6_operational_trust_passport_evidence_mesh\REVIEWER_EVIDENCE_PACKET_SCHEMA.md | platform_b_mvp\v0_8_regulated_action_admissibility_engine\demo_console\pre_action_evidence_packet.html | platform_b_mvp\v0_8_regulated_action_admissibility_engine\PRE_ACTION_EVIDENCE_PACKET_SCHEMA.md | platform_b_mvp\v0_9_continuous_assurance_control_tower\demo_console\evidence_packet_export_queue.html | platform_b_mvp\v0_9_continuous_assurance_control_tower\demo_console\release_evidence_package_index.html | platform_b_mvp\v0_9_continuous_assurance_control_tower\EVIDENCE_PACKET_EXPORT_QUEUE_SCHEMA.md | platform_b_mvp\v0_9_continuous_assurance_control_tower\RELEASE_EVIDENCE_PACKAGE_INDEX.md | platform_b_mvp\v1_1_context_witness_interface_backlog\V1_1_BACKLOG_EVIDENCE_PACKAGE_INDEX.md | platform_b1_mvp2\schemas\claim_to_proof_result.schema.json","","Current evidence exists, but Step 148 also identified fragmentation, duplicate evidence, multiple roots, or historical implementation artifacts requiring canonical consolidation.","REGISTERED - HUMAN ARCHITECTURE REVIEW REQUIRED","Identify the canonical implementation and classify redundant or historical artifacts for retirement.","READY AFTER STEP 149 REGISTER REVIEW"
"CAP-018","PLATFORM_B1_MVP2","Platform B1 / MVP2 — Advanced Assurance Evaluation","PLATFORM B1 / MVP2","Platform B1 / MVP2","ACTIVE","Advanced assurance implementation and evaluation layer. It extends assurance logic without modifying Platform B v1.","May evaluate advanced assurance conditions and generate governed assurance state. It does not release GMP work, approve clinical results, or replace official systems.","Consumes governed evidence and evaluates advanced assurance logic. Thread D2 displays its evaluated state.","PROTOTYPE WORKING","CONTROLLED PROTOTYPE","CONTROLLED PROTOTYPE EVOLUTION","0","RAW STEP 148 DISCOVERY EVIDENCE ONLY - NOT MATURITY PROOF","platform_b1_mvp2\AZURE_ENTERPRISE_CAPABILITY_REGISTRY.md | platform_b1_mvp2\MVP2_FEATURE_REGISTRY.md | platform_b1_mvp2\research_watch\platform_b1_thread_d2_no_bind_governance_doctrine.json | platform_b1_mvp2\tests\test_platform_b1_thread_d2_local_validation_status_manifest.py | platform_b1_mvp2\tests\test_thread_d2_ramat_vision_local_validation_result_summary_display_fixture.py | platform_b1_mvp2\thread_d2_ramat_vision_preview\platform_b1_local_validation_result_summary_display_fixture.json | platform_b1_mvp2\thread_d2_ramat_vision_preview\PLATFORM_B1_LOCAL_VALIDATION_RESULT_SUMMARY_DISPLAY_FIXTURE.md | platform_b1_mvp2\thread_d2_ramat_vision_preview\validator\THREAD_D2_RAMAT_VISION_DISPLAY_FIXTURE_VALIDATOR.md | platform_b1_mvp2\thread_d2_ramat_vision_preview\validator\thread_d2_ramat_vision_display_fixture_validator.py | platform_b1_mvp2\validation\status_manifest\platform_b1_thread_d2_local_validation_status_manifest.json | platform_b1_mvp2\validation\status_manifest\PLATFORM_B1_THREAD_D2_LOCAL_VALIDATION_STATUS_MANIFEST.md | platform_b1_mvp2\validation\status_manifest\validator\PLATFORM_B1_THREAD_D2_LOCAL_VALIDATION_STATUS_MANIFEST_VALIDATOR.md","","Current implementation evidence and local test, validator, or manifest evidence exist. This supports a working prototype baseline only, not production maturity.","REGISTERED - HUMAN ARCHITECTURE REVIEW REQUIRED","Define the next acceptance criteria, local validation evidence, and controlled promotion boundary.","READY AFTER STEP 149 REGISTER REVIEW"
"CAP-019","CAPA_DEVIATION","CAPA Covenant Chain / Deviation Truth Timeline","PLATFORM B1 / MVP2","Platform B1 / Quality Assurance","ACTIVE","Advanced assurance implementation and evaluation layer. It extends assurance logic without modifying Platform B v1.","May evaluate advanced assurance conditions and generate governed assurance state. It does not release GMP work, approve clinical results, or replace official systems.","Consumes governed evidence and evaluates advanced assurance logic. Thread D2 displays its evaluated state.","BUILT / existing","CANONICAL CURRENT - VERIFY","REGISTER CURRENT IMPLEMENTATION","0","RAW STEP 148 DISCOVERY EVIDENCE ONLY - NOT MATURITY PROOF","enterprise_execution_assurance_capability_patch_v1_summary.json | enterprise_execution_assurance_capability_patch_v1_urls.txt | platform_b_advanced_cross_cutting_capabilities_locked_lifecycle_patch_v1_summary.json | platform_b_advanced_cross_cutting_capabilities_locked_lifecycle_patch_v1_urls.txt | platform_b_ai_capability_assurance_library_patch_v1_summary.json | platform_b_ai_capability_assurance_library_patch_v1_urls.txt | platform_b_assured_autonomy_cross_cutting_capability_patch_v1_summary.json | platform_b_context_assured_wearable_pre_deviation_assurance_patch_v1_summary.json | platform_b_mvp\v1_1_context_witness_interface_backlog\DEVIATION_CAPA_CAPTURE_AND_REVIEW_MODEL.md | platform_b_pre_deviation_capa_effectiveness_assurance_patch_v1_summary.json | platform_b_pre_deviation_capa_effectiveness_assurance_patch_v1_urls.txt | platform_b1_mvp2\AZURE_ENTERPRISE_CAPABILITY_REGISTRY.md","","Current implementation evidence exists after the specified historical and patch artifacts were excluded. Independent maturity verification remains required.","REGISTERED - HUMAN ARCHITECTURE REVIEW REQUIRED","Confirm the canonical implementation path, owner, dependency, and acceptance evidence.","READY AFTER STEP 149 REGISTER REVIEW"
"CAP-020","THREAD_D_V1","Thread D v1 — Closed Context Witness Connector","THREAD D v1","Thread D v1 — CLOSED","CLOSED — DO NOT REOPEN","Closed context-witness and glasses connector for displaying Platform B v1 assurance state.","DISPLAY / WITNESS ONLY. It does not decide, approve, release, override, or become evidence authority.","Consumes Platform B v1 outputs through the validated connector.","ARCHITECTURE LOCKED","CANONICAL LOCKED","PRESERVE LOCKED ARCHITECTURE","0","RAW STEP 148 DISCOVERY EVIDENCE ONLY - NOT MATURITY PROOF","thread-d\ramat-context-witness-mvp\COMMIT_NOTE.md | thread-d\ramat-context-witness-mvp\demo\index.html | thread-d\ramat-context-witness-mvp\demo\ramat-context-witness-demo.html | thread-d\ramat-context-witness-mvp\docs\ARCHITECTURE_BOUNDARY.md | thread-d\ramat-context-witness-mvp\docs\FUTURE_AUTONOMOUS_PHARMA_READINESS_ROADMAP_CARDS.md | thread-d\ramat-context-witness-mvp\docs\FUTURE_BACKLOG.md | thread-d\ramat-context-witness-mvp\docs\FUTURE_NO_BIND_AND_EDGE_WITNESS_ROADMAP_CARDS.md | thread-d\ramat-context-witness-mvp\docs\FUTURE_RAMAT_VISION_PRO_ADVANCED_ROADMAP_CARDS.md | thread-d\ramat-context-witness-mvp\docs\THREAD_D_PR_SAFETY_REVIEW.md | thread-d\ramat-context-witness-mvp\docs\THREAD_D_PULL_REQUEST_BODY.md | thread-d\ramat-context-witness-mvp\README_THREAD_D.md | thread-d\ramat-context-witness-mvp\THREAD_D_PACKAGE_MANIFEST.json","","Governance boundary override: Thread D v1 remains closed and must not be reopened by inventory evidence.","REGISTERED - HUMAN ARCHITECTURE REVIEW REQUIRED","Preserve the current boundary. Permit evidence, documentation, or controlled maintenance only; do not reopen architecture.","READY AFTER STEP 149 REGISTER REVIEW"
"CAP-021","THREAD_D2_RAMAT","Thread D2 / RAMAT Vision","THREAD D2 / RAMAT VISION","Thread D2 / RAMAT Vision","DISPLAY / WITNESS ONLY","Advanced assurance preview and display layer that presents Platform B1 evaluated state through RAMAT Vision.","DISPLAY / WITNESS ONLY. RAMAT Vision shows Platform B1 state and does not approve, override, execute, or become the source of truth.","Consumes Platform B1 / MVP2 assurance signals for preview-only visualization.","NEEDS CONSOLIDATION","CANONICAL PATH UNRESOLVED","CANONICAL CONSOLIDATION REQUIRED","0","RAW STEP 148 DISCOVERY EVIDENCE ONLY - NOT MATURITY PROOF","platform_b_mvp\v1_1_context_witness_interface_backlog\RAMAT_VISION_ADVANCED_FEATURE_BACKLOG.md | platform_b1_mvp2\research_watch\platform_b1_thread_d2_no_bind_governance_doctrine.json | platform_b1_mvp2\research_watch\PLATFORM_B1_THREAD_D2_NO_BIND_GOVERNANCE_DOCTRINE.md | platform_b1_mvp2\tests\test_platform_b1_thread_d2_local_validation_status_manifest.py | platform_b1_mvp2\tests\test_thread_d2_ramat_vision_display_fixture_validator.py | platform_b1_mvp2\tests\test_thread_d2_ramat_vision_local_validation_result_summary_display_fixture.py | platform_b1_mvp2\thread_d2_ramat_vision_preview\platform_b1_local_validation_result_summary_display_fixture.json | platform_b1_mvp2\thread_d2_ramat_vision_preview\PLATFORM_B1_LOCAL_VALIDATION_RESULT_SUMMARY_DISPLAY_FIXTURE.md | platform_b1_mvp2\thread_d2_ramat_vision_preview\validator\THREAD_D2_RAMAT_VISION_DISPLAY_FIXTURE_VALIDATOR.md | platform_b1_mvp2\thread_d2_ramat_vision_preview\validator\thread_d2_ramat_vision_display_fixture_validator.py | thread-d\ramat-context-witness-mvp\demo\index.html | thread-d\ramat-context-witness-mvp\demo\ramat-context-witness-demo.html","","Current evidence exists, but Step 148 also identified fragmentation, duplicate evidence, multiple roots, or historical implementation artifacts requiring canonical consolidation.","REGISTERED - HUMAN ARCHITECTURE REVIEW REQUIRED","Identify the canonical implementation and classify redundant or historical artifacts for retirement.","READY AFTER STEP 149 REGISTER REVIEW"
"CAP-022","VALIDATION_CHAIN","Platform B1 / Thread D2 Local Validation Evidence Chain","PLATFORM B1 / MVP2","Validation","CLOSED LOCALLY AT 11 / 0 — REPOSITORY EVIDENCE ONLY","Advanced assurance implementation and evaluation layer. It extends assurance logic without modifying Platform B v1.","May evaluate advanced assurance conditions and generate governed assurance state. It does not release GMP work, approve clinical results, or replace official systems.","Consumes governed evidence and evaluates advanced assurance logic. Thread D2 displays its evaluated state.","PROTOTYPE WORKING","CONTROLLED PROTOTYPE","CONTROLLED PROTOTYPE EVOLUTION","0","RAW STEP 148 DISCOVERY EVIDENCE ONLY - NOT MATURITY PROOF","platform_b1_mvp2\tests\test_platform_b1_mvp2_local_validation_evidence_ledger.py | platform_b1_mvp2\tests\test_platform_b1_thread_d2_local_validation_status_manifest.py | platform_b1_mvp2\validation\evidence_ledger\platform_b1_mvp2_local_validation_evidence_ledger.json | platform_b1_mvp2\validation\evidence_ledger\PLATFORM_B1_MVP2_LOCAL_VALIDATION_EVIDENCE_LEDGER.md | platform_b1_mvp2\validation\evidence_ledger\validator\PLATFORM_B1_MVP2_LOCAL_VALIDATION_EVIDENCE_LEDGER_VALIDATOR.md | platform_b1_mvp2\validation\evidence_ledger\validator\platform_b1_mvp2_local_validation_evidence_ledger_validator.py | platform_b1_mvp2\validation\PLATFORM_B1_LOCAL_VALIDATION_BUNDLE.md | platform_b1_mvp2\validation\platform_b1_local_validation_bundle.py | platform_b1_mvp2\validation\status_manifest\platform_b1_thread_d2_local_validation_status_manifest.json | platform_b1_mvp2\validation\status_manifest\PLATFORM_B1_THREAD_D2_LOCAL_VALIDATION_STATUS_MANIFEST.md | platform_b1_mvp2\validation\status_manifest\validator\PLATFORM_B1_THREAD_D2_LOCAL_VALIDATION_STATUS_MANIFEST_VALIDATOR.md | platform_b1_mvp2\validation\status_manifest\validator\platform_b1_thread_d2_local_validation_status_manifest_validator.py","","Current implementation evidence and local test, validator, or manifest evidence exist. This supports a working prototype baseline only, not production maturity.","REGISTERED - HUMAN ARCHITECTURE REVIEW REQUIRED","Define the next acceptance criteria, local validation evidence, and controlled promotion boundary.","READY AFTER STEP 149 REGISTER REVIEW"
