TrackId,TrackName,PriorityTier,Scenario,IntegrityState,IdentityVerified,DependenciesSatisfied,EvidenceSufficient,AuthorityValid,TimingValid,NoBindState,ActionAdmissibilityState,DisplayStates,SourceExecutionRequired,ExecutionPerformed
IRLT,IRLT and Radiopharmaceutical Assurance Track,FIRST-TIER,IRLT_01_success_before_tamper,REHASH_VERIFIED,True,True,True,True,True,INACTIVE,ADMISSIBLE,ACTION ADMISSIBLE; SOURCE-SYSTEM EXECUTION REQUIRED,True,False
IRLT,IRLT and Radiopharmaceutical Assurance Track,FIRST-TIER,IRLT_02_tamper_failure,REHASH_MISMATCH,True,True,False,True,True,ACTIVE,HELD,EVIDENCE INSUFFICIENT; NO-BIND STATE ACTIVE; ACTION HELD; HUMAN AUTHORITY REQUIRED,True,False
IRLT,IRLT and Radiopharmaceutical Assurance Track,FIRST-TIER,IRLT_03_recovery_success,REHASH_VERIFIED,True,True,True,True,True,INACTIVE,ADMISSIBLE,ACTION ADMISSIBLE; SOURCE-SYSTEM EXECUTION REQUIRED,True,False
COMPOUNDING,Compounding Pharmacy Assurance Track,FIRST-TIER,COMPOUNDING_01_success_before_tamper,REHASH_VERIFIED,True,True,True,True,True,INACTIVE,ADMISSIBLE,ACTION ADMISSIBLE; SOURCE-SYSTEM EXECUTION REQUIRED,True,False
COMPOUNDING,Compounding Pharmacy Assurance Track,FIRST-TIER,COMPOUNDING_02_tamper_failure,REHASH_MISMATCH,True,True,False,True,True,ACTIVE,HELD,EVIDENCE INSUFFICIENT; NO-BIND STATE ACTIVE; ACTION HELD; HUMAN AUTHORITY REQUIRED,True,False
COMPOUNDING,Compounding Pharmacy Assurance Track,FIRST-TIER,COMPOUNDING_03_recovery_success,REHASH_VERIFIED,True,True,True,True,True,INACTIVE,ADMISSIBLE,ACTION ADMISSIBLE; SOURCE-SYSTEM EXECUTION REQUIRED,True,False
DSCSA,DSCSA and Pharmaceutical Supply-Chain Assurance Track,FIRST-TIER,DSCSA_01_success_before_tamper,REHASH_VERIFIED,True,True,True,True,True,INACTIVE,ADMISSIBLE,ACTION ADMISSIBLE; SOURCE-SYSTEM EXECUTION REQUIRED,True,False
DSCSA,DSCSA and Pharmaceutical Supply-Chain Assurance Track,FIRST-TIER,DSCSA_02_tamper_failure,REHASH_MISMATCH,True,True,False,True,True,ACTIVE,HELD,EVIDENCE INSUFFICIENT; NO-BIND STATE ACTIVE; ACTION HELD; HUMAN AUTHORITY REQUIRED,True,False
DSCSA,DSCSA and Pharmaceutical Supply-Chain Assurance Track,FIRST-TIER,DSCSA_03_recovery_success,REHASH_VERIFIED,True,True,True,True,True,INACTIVE,ADMISSIBLE,ACTION ADMISSIBLE; SOURCE-SYSTEM EXECUTION REQUIRED,True,False
