"DisplayContractId","StageId","StageName","LifecyclePhase","PrimaryRegulatedObject","ProposedAction","ActionConsequenceLevel","DisplayMode","PrimaryView","ContextPrompt","RefreshPolicy","AllowedDisplayStates","IdentitySignal","EvidenceSignal","DependencySignal","AuthoritySignal","TimingSignal","AccountabilitySignal","NoBindSignal","OfficialSourceSystems","SourceSystemSignal","HumanAuthorityPrompt","AllowedDisplayFields","ProhibitedControls","RedactionRule","DisplayExpiryRule","OfflineRule","NoBindPreviewRule","DisplayAuthorityBoundary","DecisionBoundary","ExecutionBoundary","SourceOfTruthBoundary","DataBoundary","DisplayContractStatus","ReviewStatus","Step158Readiness"
"RAMAT-A17-01","A17-01","Target Discovery and Unmet-Need Definition","DISCOVERY","AURORA-17 discovery program","Authorize progression from disease hypothesis to governed discovery program.","MODERATE","RESEARCH AND DISCOVERY ASSURANCE MODE","Research provenance, candidate identity, AI-use governance, evidence integrity, scientific accountability, and progression readiness.","Review the governed evidence and accountable scientific authority before lifecycle progression.","REFRESH ON NEW EVIDENCE, MODEL VERSION, OR REVIEW STATE","EVIDENCE INSUFFICIENT; HUMAN AUTHORITY REQUIRED; ACTION HELD; ACTION ADMISSIBLE","DISPLAY CANONICAL OBJECT IDENTITY, SOURCE BINDING, VERIFICATION STATE, AND CONFLICT STATE","EVIDENCE INSUFFICIENT - DISPLAY MISSING, STALE, CONFLICTED, UNSEALED, OR REHASH-FAILED EVIDENCE","DISPLAY WORKFLOW DEPENDENCY AGREEMENT, UNKNOWN STATE, MISMATCH, HOLD, AND DELAY STATUS","AUTHORITY DEFICIENCY ACTIVE - DISPLAY REQUIRED ROLE, CURRENT AUTHORITY STATE, SCOPE, VALIDITY, AND ESCALATION","DISPLAY CURRENT TIME, EVIDENCE CURRENCY, AUTHORITY VALIDITY, EXECUTION WINDOW, AND EXPIRY STATE","HUMAN REVIEW REQUIRED - DISPLAY ACCOUNTABLE ROLE, APPROVER AVAILABILITY, RESPONSE WINDOW, AND ESCALATION ROUTE","NO-BIND OR HOLD STATE MAY BE DISPLAYED. DISPLAY REASON, ACTIVATION TIME, REQUIRED RESOLUTION, ESCALATION, AND HUMAN AUTHORITY PROMPT.","Research repository, ELN, document-management system, AI use-case registry, and governance repository.","DISPLAY GOVERNED SOURCE-SYSTEM NAME, RECORD REFERENCE, RECORD VERSION, OBSERVED STATE, AND LAST-VERIFIED TIME. DO NOT DISPLAY RAMAT VISION AS THE SOURCE OF TRUTH.","STOP: GOVERNANCE HOLD ACTIVE. REVIEW THE DISPLAYED REASON, VERIFY EVIDENCE AND AUTHORITY, USE THE GOVERNED ESCALATION ROUTE, AND DO NOT PROCEED UNTIL AUTHORIZED RESOLUTION IS RECORDED.","display_contract_id; stage_id; stage_name; lifecycle_phase; primary_regulated_object; action_consequence_level; identity_state; evidence_state; integrity_state; dependency_state; authority_state; approver_state; escalation_state; timing_state; accountability_state; no_bind_state; admissibility_state; source_system_reference; rationale_summary; generated_at_utc; expires_at_utc","approve; release; override; resolve_no_bind; execute_action; submit_regulatory_package; administer_dose; dispense; transfer_custody; sign_record; merge_identity; retire_identity; edit_source_record; dismiss_hold_without_reason; create_binding_authority","DISPLAY ONLY THE MINIMUM AUTHORIZED INFORMATION. MASK OR OMIT PERSONAL, CONFIDENTIAL, PROPRIETARY, SECURITY-SENSITIVE, OR REGULATED DATA NOT REQUIRED FOR THE CURRENT ASSURANCE DECISION.","THE DISPLAY CONTRACT EXPIRES WHEN ITS DECLARED EXPIRY TIME IS REACHED, WHEN SOURCE STATE CHANGES, WHEN AUTHORITY CHANGES, WHEN A NEW EVALUATION IS ISSUED, OR WHEN THE DISPLAY SESSION ENDS.","OFFLINE OR DISCONNECTED DISPLAY STATE MUST BE MARKED STALE OR UNKNOWN. CACHED STATE MUST NOT BE PRESENTED AS CURRENT AUTHORITY OR CURRENT APPROVAL.","RAMAT VISION MAY DISPLAY AUTHORITY ABSENT, NO-BIND STATE ACTIVE, ACTION HELD, ESCALATION REQUIRED, DOCUMENTED PAUSE CREATED, APPROVER UNAVAILABLE, HUMAN AUTHORITY REQUIRED, AND RELATED PLATFORM B1 EVALUATED STATES. RAMAT VISION MAY NOT RESOLVE THE HOLD.","DISPLAY / WITNESS ONLY. RAMAT VISION, THREAD D, THREAD D2, GLASSES, WEARABLES, DASHBOARDS, AND DEVICE WITNESSES HAVE NO ASSURANCE-DECISION, APPROVAL, RELEASE, OVERRIDE, RESOLUTION, EXECUTION, OR BINDING AUTHORITY.","PLATFORM B AND PLATFORM B1 MAY EVALUATE ASSURANCE STATE. QUALIFIED HUMANS AND AUTHORIZED ORGANIZATIONAL ROLES MAKE BINDING DECISIONS.","ACTION ADMISSIBILITY IS NOT EXECUTION. OFFICIAL EXECUTION OCCURS ONLY THROUGH THE AUTHORIZED HUMAN PROCESS AND GOVERNED SOURCE SYSTEM.","OFFICIAL RECORDS REMAIN IN GOVERNED SOURCE SYSTEMS. RAMAT VISION DISPLAYS REFERENCES AND EVALUATED STATE ONLY.","FICTIONAL AURORA-17 DATA, SYNTHETIC RECORDS, MOCK IDENTITIES, NO PHI, NO COMPANY PRODUCTION DATA, AND NO REAL REGULATED PRODUCTION INTEGRATION.","DESIGN-ONLY RAMAT LIFECYCLE DISPLAY CONTRACT","HUMAN DISPLAY-CONTRACT REVIEW REQUIRED","READY AFTER STEP 157 RAMAT LIFECYCLE DISPLAY MAP REVIEW"
"RAMAT-A17-02","A17-02","AI-Assisted Candidate and Ligand Design","DISCOVERY","AURORA-17 candidate design and AI recommendation set","Select the fictional AURORA-17 radioligand candidate for experimental evaluation.","HIGH","RESEARCH AND DISCOVERY ASSURANCE MODE","Research provenance, candidate identity, AI-use governance, evidence integrity, scientific accountability, and progression readiness.","Review the governed evidence and accountable scientific authority before lifecycle progression.","REFRESH ON NEW EVIDENCE, MODEL VERSION, OR REVIEW STATE","AUTHORITY ABSENT; EVIDENCE INSUFFICIENT; HUMAN ACCOUNTABILITY MISSING; NO-BIND STATE ACTIVE; ACTION ADMISSIBLE","DISPLAY CANONICAL OBJECT IDENTITY, SOURCE BINDING, VERIFICATION STATE, AND CONFLICT STATE","EVIDENCE INSUFFICIENT - DISPLAY MISSING, STALE, CONFLICTED, UNSEALED, OR REHASH-FAILED EVIDENCE","DISPLAY WORKFLOW DEPENDENCY AGREEMENT, UNKNOWN STATE, MISMATCH, HOLD, AND DELAY STATUS","AUTHORITY DEFICIENCY ACTIVE - DISPLAY REQUIRED ROLE, CURRENT AUTHORITY STATE, SCOPE, VALIDITY, AND ESCALATION","DISPLAY CURRENT TIME, EVIDENCE CURRENCY, AUTHORITY VALIDITY, EXECUTION WINDOW, AND EXPIRY STATE","HUMAN REVIEW REQUIRED - DISPLAY ACCOUNTABLE ROLE, APPROVER AVAILABILITY, RESPONSE WINDOW, AND ESCALATION ROUTE","NO-BIND OR HOLD STATE MAY BE DISPLAYED. DISPLAY REASON, ACTIVATION TIME, REQUIRED RESOLUTION, ESCALATION, AND HUMAN AUTHORITY PROMPT.","Model registry, ELN, computational chemistry platform, controlled file repository, and governance system.","DISPLAY GOVERNED SOURCE-SYSTEM NAME, RECORD REFERENCE, RECORD VERSION, OBSERVED STATE, AND LAST-VERIFIED TIME. DO NOT DISPLAY RAMAT VISION AS THE SOURCE OF TRUTH.","STOP: GOVERNANCE HOLD ACTIVE. REVIEW THE DISPLAYED REASON, VERIFY EVIDENCE AND AUTHORITY, USE THE GOVERNED ESCALATION ROUTE, AND DO NOT PROCEED UNTIL AUTHORIZED RESOLUTION IS RECORDED.","display_contract_id; stage_id; stage_name; lifecycle_phase; primary_regulated_object; action_consequence_level; identity_state; evidence_state; integrity_state; dependency_state; authority_state; approver_state; escalation_state; timing_state; accountability_state; no_bind_state; admissibility_state; source_system_reference; rationale_summary; generated_at_utc; expires_at_utc","approve; release; override; resolve_no_bind; execute_action; submit_regulatory_package; administer_dose; dispense; transfer_custody; sign_record; merge_identity; retire_identity; edit_source_record; dismiss_hold_without_reason; create_binding_authority","DISPLAY ONLY THE MINIMUM AUTHORIZED INFORMATION. MASK OR OMIT PERSONAL, CONFIDENTIAL, PROPRIETARY, SECURITY-SENSITIVE, OR REGULATED DATA NOT REQUIRED FOR THE CURRENT ASSURANCE DECISION.","THE DISPLAY CONTRACT EXPIRES WHEN ITS DECLARED EXPIRY TIME IS REACHED, WHEN SOURCE STATE CHANGES, WHEN AUTHORITY CHANGES, WHEN A NEW EVALUATION IS ISSUED, OR WHEN THE DISPLAY SESSION ENDS.","OFFLINE OR DISCONNECTED DISPLAY STATE MUST BE MARKED STALE OR UNKNOWN. CACHED STATE MUST NOT BE PRESENTED AS CURRENT AUTHORITY OR CURRENT APPROVAL.","RAMAT VISION MAY DISPLAY AUTHORITY ABSENT, NO-BIND STATE ACTIVE, ACTION HELD, ESCALATION REQUIRED, DOCUMENTED PAUSE CREATED, APPROVER UNAVAILABLE, HUMAN AUTHORITY REQUIRED, AND RELATED PLATFORM B1 EVALUATED STATES. RAMAT VISION MAY NOT RESOLVE THE HOLD.","DISPLAY / WITNESS ONLY. RAMAT VISION, THREAD D, THREAD D2, GLASSES, WEARABLES, DASHBOARDS, AND DEVICE WITNESSES HAVE NO ASSURANCE-DECISION, APPROVAL, RELEASE, OVERRIDE, RESOLUTION, EXECUTION, OR BINDING AUTHORITY.","PLATFORM B AND PLATFORM B1 MAY EVALUATE ASSURANCE STATE. QUALIFIED HUMANS AND AUTHORIZED ORGANIZATIONAL ROLES MAKE BINDING DECISIONS.","ACTION ADMISSIBILITY IS NOT EXECUTION. OFFICIAL EXECUTION OCCURS ONLY THROUGH THE AUTHORIZED HUMAN PROCESS AND GOVERNED SOURCE SYSTEM.","OFFICIAL RECORDS REMAIN IN GOVERNED SOURCE SYSTEMS. RAMAT VISION DISPLAYS REFERENCES AND EVALUATED STATE ONLY.","FICTIONAL AURORA-17 DATA, SYNTHETIC RECORDS, MOCK IDENTITIES, NO PHI, NO COMPANY PRODUCTION DATA, AND NO REAL REGULATED PRODUCTION INTEGRATION.","DESIGN-ONLY RAMAT LIFECYCLE DISPLAY CONTRACT","HUMAN DISPLAY-CONTRACT REVIEW REQUIRED","READY AFTER STEP 157 RAMAT LIFECYCLE DISPLAY MAP REVIEW"
"RAMAT-A17-03","A17-03","Preclinical Characterization and Translational Evidence","PRECLINICAL","AURORA-17 preclinical evidence package","Authorize progression to regulated clinical-development preparation.","HIGH","RESEARCH AND DISCOVERY ASSURANCE MODE","Research provenance, candidate identity, AI-use governance, evidence integrity, scientific accountability, and progression readiness.","Review the governed evidence and accountable scientific authority before lifecycle progression.","REFRESH ON NEW EVIDENCE, MODEL VERSION, OR REVIEW STATE","EVIDENCE INSUFFICIENT; TIMING INVALID; ACTION HELD; ESCALATION REQUIRED; ACTION ADMISSIBLE","DISPLAY CANONICAL OBJECT IDENTITY, SOURCE BINDING, VERIFICATION STATE, AND CONFLICT STATE","EVIDENCE INSUFFICIENT - DISPLAY MISSING, STALE, CONFLICTED, UNSEALED, OR REHASH-FAILED EVIDENCE","DISPLAY WORKFLOW DEPENDENCY AGREEMENT, UNKNOWN STATE, MISMATCH, HOLD, AND DELAY STATUS","DISPLAY AUTHORITY PRESENT, VALID, CURRENT, DELEGATED, IN-SCOPE, AND ACCOUNTABLE-HUMAN STATE","TIMING INVALID - DISPLAY DEADLINE, VALIDITY WINDOW, DECAY WINDOW, EXPIRY, AND TIME-CRITICAL RISK","DISPLAY ACCOUNTABLE HUMAN OR ROLE, ASSIGNMENT STATE, CURRENT ELIGIBILITY, AND REVIEW STATUS","NO-BIND OR HOLD STATE MAY BE DISPLAYED. DISPLAY REASON, ACTIVATION TIME, REQUIRED RESOLUTION, ESCALATION, AND HUMAN AUTHORITY PROMPT.","ELN, LIMS, instrument systems, SDMS, study-management platform, eQMS, and document repository.","DISPLAY GOVERNED SOURCE-SYSTEM NAME, RECORD REFERENCE, RECORD VERSION, OBSERVED STATE, AND LAST-VERIFIED TIME. DO NOT DISPLAY RAMAT VISION AS THE SOURCE OF TRUTH.","STOP: GOVERNANCE HOLD ACTIVE. REVIEW THE DISPLAYED REASON, VERIFY EVIDENCE AND AUTHORITY, USE THE GOVERNED ESCALATION ROUTE, AND DO NOT PROCEED UNTIL AUTHORIZED RESOLUTION IS RECORDED.","display_contract_id; stage_id; stage_name; lifecycle_phase; primary_regulated_object; action_consequence_level; identity_state; evidence_state; integrity_state; dependency_state; authority_state; approver_state; escalation_state; timing_state; accountability_state; no_bind_state; admissibility_state; source_system_reference; rationale_summary; generated_at_utc; expires_at_utc","approve; release; override; resolve_no_bind; execute_action; submit_regulatory_package; administer_dose; dispense; transfer_custody; sign_record; merge_identity; retire_identity; edit_source_record; dismiss_hold_without_reason; create_binding_authority","DISPLAY ONLY THE MINIMUM AUTHORIZED INFORMATION. MASK OR OMIT PERSONAL, CONFIDENTIAL, PROPRIETARY, SECURITY-SENSITIVE, OR REGULATED DATA NOT REQUIRED FOR THE CURRENT ASSURANCE DECISION.","THE DISPLAY CONTRACT EXPIRES WHEN ITS DECLARED EXPIRY TIME IS REACHED, WHEN SOURCE STATE CHANGES, WHEN AUTHORITY CHANGES, WHEN A NEW EVALUATION IS ISSUED, OR WHEN THE DISPLAY SESSION ENDS.","OFFLINE OR DISCONNECTED DISPLAY STATE MUST BE MARKED STALE OR UNKNOWN. CACHED STATE MUST NOT BE PRESENTED AS CURRENT AUTHORITY OR CURRENT APPROVAL.","RAMAT VISION MAY DISPLAY AUTHORITY ABSENT, NO-BIND STATE ACTIVE, ACTION HELD, ESCALATION REQUIRED, DOCUMENTED PAUSE CREATED, APPROVER UNAVAILABLE, HUMAN AUTHORITY REQUIRED, AND RELATED PLATFORM B1 EVALUATED STATES. RAMAT VISION MAY NOT RESOLVE THE HOLD.","DISPLAY / WITNESS ONLY. RAMAT VISION, THREAD D, THREAD D2, GLASSES, WEARABLES, DASHBOARDS, AND DEVICE WITNESSES HAVE NO ASSURANCE-DECISION, APPROVAL, RELEASE, OVERRIDE, RESOLUTION, EXECUTION, OR BINDING AUTHORITY.","PLATFORM B AND PLATFORM B1 MAY EVALUATE ASSURANCE STATE. QUALIFIED HUMANS AND AUTHORIZED ORGANIZATIONAL ROLES MAKE BINDING DECISIONS.","ACTION ADMISSIBILITY IS NOT EXECUTION. OFFICIAL EXECUTION OCCURS ONLY THROUGH THE AUTHORIZED HUMAN PROCESS AND GOVERNED SOURCE SYSTEM.","OFFICIAL RECORDS REMAIN IN GOVERNED SOURCE SYSTEMS. RAMAT VISION DISPLAYS REFERENCES AND EVALUATED STATE ONLY.","FICTIONAL AURORA-17 DATA, SYNTHETIC RECORDS, MOCK IDENTITIES, NO PHI, NO COMPANY PRODUCTION DATA, AND NO REAL REGULATED PRODUCTION INTEGRATION.","DESIGN-ONLY RAMAT LIFECYCLE DISPLAY CONTRACT","HUMAN DISPLAY-CONTRACT REVIEW REQUIRED","READY AFTER STEP 157 RAMAT LIFECYCLE DISPLAY MAP REVIEW"
"RAMAT-A17-04","A17-04","Clinical-Supply and Investigational Manufacturing Readiness","CLINICAL SUPPLY","AURORA-17 investigational clinical-supply batch","Authorize manufacture of investigational AURORA-17 clinical supply.","CRITICAL","CLINICAL-SUPPLY MANUFACTURING READINESS MODE","Material, equipment, operator, recipe, facility, change-control, and Quality approval dependencies.","Do not begin manufacturing while any required readiness dependency is unknown, held, mismatched, or unapproved.","REFRESH ON MATERIAL, EQUIPMENT, TRAINING, OR QUALITY STATE CHANGE","NO-BIND STATE ACTIVE; ACTION HELD; APPROVER UNAVAILABLE; DOCUMENTED PAUSE CREATED; HUMAN AUTHORITY REQUIRED","DISPLAY CANONICAL OBJECT IDENTITY, SOURCE BINDING, VERIFICATION STATE, AND CONFLICT STATE","DISPLAY EVIDENCE PRESENCE, PROVENANCE, HASH, REHASH, CURRENCY, AND SUFFICIENCY STATE","DISPLAY WORKFLOW DEPENDENCY AGREEMENT, UNKNOWN STATE, MISMATCH, HOLD, AND DELAY STATUS","AUTHORITY DEFICIENCY ACTIVE - DISPLAY REQUIRED ROLE, CURRENT AUTHORITY STATE, SCOPE, VALIDITY, AND ESCALATION","DISPLAY CURRENT TIME, EVIDENCE CURRENCY, AUTHORITY VALIDITY, EXECUTION WINDOW, AND EXPIRY STATE","HUMAN REVIEW REQUIRED - DISPLAY ACCOUNTABLE ROLE, APPROVER AVAILABILITY, RESPONSE WINDOW, AND ESCALATION ROUTE","NO-BIND OR HOLD STATE MAY BE DISPLAYED. DISPLAY REASON, ACTIVATION TIME, REQUIRED RESOLUTION, ESCALATION, AND HUMAN AUTHORITY PROMPT.","MES, ERP, LIMS, eQMS, training system, equipment system, BMS/EMS, and document repository.","DISPLAY GOVERNED SOURCE-SYSTEM NAME, RECORD REFERENCE, RECORD VERSION, OBSERVED STATE, AND LAST-VERIFIED TIME. DO NOT DISPLAY RAMAT VISION AS THE SOURCE OF TRUTH.","STOP: GOVERNANCE HOLD ACTIVE. REVIEW THE DISPLAYED REASON, VERIFY EVIDENCE AND AUTHORITY, USE THE GOVERNED ESCALATION ROUTE, AND DO NOT PROCEED UNTIL AUTHORIZED RESOLUTION IS RECORDED.","display_contract_id; stage_id; stage_name; lifecycle_phase; primary_regulated_object; action_consequence_level; identity_state; evidence_state; integrity_state; dependency_state; authority_state; approver_state; escalation_state; timing_state; accountability_state; no_bind_state; admissibility_state; source_system_reference; rationale_summary; generated_at_utc; expires_at_utc","approve; release; override; resolve_no_bind; execute_action; submit_regulatory_package; administer_dose; dispense; transfer_custody; sign_record; merge_identity; retire_identity; edit_source_record; dismiss_hold_without_reason; create_binding_authority","DISPLAY ONLY THE MINIMUM AUTHORIZED INFORMATION. MASK OR OMIT PERSONAL, CONFIDENTIAL, PROPRIETARY, SECURITY-SENSITIVE, OR REGULATED DATA NOT REQUIRED FOR THE CURRENT ASSURANCE DECISION.","THE DISPLAY CONTRACT EXPIRES WHEN ITS DECLARED EXPIRY TIME IS REACHED, WHEN SOURCE STATE CHANGES, WHEN AUTHORITY CHANGES, WHEN A NEW EVALUATION IS ISSUED, OR WHEN THE DISPLAY SESSION ENDS.","OFFLINE OR DISCONNECTED DISPLAY STATE MUST BE MARKED STALE OR UNKNOWN. CACHED STATE MUST NOT BE PRESENTED AS CURRENT AUTHORITY OR CURRENT APPROVAL.","RAMAT VISION MAY DISPLAY AUTHORITY ABSENT, NO-BIND STATE ACTIVE, ACTION HELD, ESCALATION REQUIRED, DOCUMENTED PAUSE CREATED, APPROVER UNAVAILABLE, HUMAN AUTHORITY REQUIRED, AND RELATED PLATFORM B1 EVALUATED STATES. RAMAT VISION MAY NOT RESOLVE THE HOLD.","DISPLAY / WITNESS ONLY. RAMAT VISION, THREAD D, THREAD D2, GLASSES, WEARABLES, DASHBOARDS, AND DEVICE WITNESSES HAVE NO ASSURANCE-DECISION, APPROVAL, RELEASE, OVERRIDE, RESOLUTION, EXECUTION, OR BINDING AUTHORITY.","PLATFORM B AND PLATFORM B1 MAY EVALUATE ASSURANCE STATE. QUALIFIED HUMANS AND AUTHORIZED ORGANIZATIONAL ROLES MAKE BINDING DECISIONS.","ACTION ADMISSIBILITY IS NOT EXECUTION. OFFICIAL EXECUTION OCCURS ONLY THROUGH THE AUTHORIZED HUMAN PROCESS AND GOVERNED SOURCE SYSTEM.","OFFICIAL RECORDS REMAIN IN GOVERNED SOURCE SYSTEMS. RAMAT VISION DISPLAYS REFERENCES AND EVALUATED STATE ONLY.","FICTIONAL AURORA-17 DATA, SYNTHETIC RECORDS, MOCK IDENTITIES, NO PHI, NO COMPANY PRODUCTION DATA, AND NO REAL REGULATED PRODUCTION INTEGRATION.","DESIGN-ONLY RAMAT LIFECYCLE DISPLAY CONTRACT","HUMAN DISPLAY-CONTRACT REVIEW REQUIRED","READY AFTER STEP 157 RAMAT LIFECYCLE DISPLAY MAP REVIEW"
"RAMAT-A17-05","A17-05","IND or CTA Readiness and Submission Authorization","REGULATORY ENTRY","AURORA-17 investigational regulatory submission package","Authorize submission of the fictional AURORA-17 IND or CTA package.","CRITICAL","AGENTIC SUBMISSION ASSURANCE MODE","Claim-to-proof traceability, document provenance, signatory authority, AI-generated content review, and submission admissibility.","Submission remains held until evidence, signatory authority, and source-document agreement are positively verified.","REFRESH ON DOCUMENT, CLAIM, APPROVAL, OR SIGNATORY STATE CHANGE","AUTHORITY ABSENT; EVIDENCE INSUFFICIENT; NO-BIND STATE ACTIVE; ESCALATION REQUIRED; SOURCE-SYSTEM EXECUTION REQUIRED","DISPLAY CANONICAL OBJECT IDENTITY, SOURCE BINDING, VERIFICATION STATE, AND CONFLICT STATE","EVIDENCE INSUFFICIENT - DISPLAY MISSING, STALE, CONFLICTED, UNSEALED, OR REHASH-FAILED EVIDENCE","DISPLAY WORKFLOW DEPENDENCY AGREEMENT, UNKNOWN STATE, MISMATCH, HOLD, AND DELAY STATUS","AUTHORITY DEFICIENCY ACTIVE - DISPLAY REQUIRED ROLE, CURRENT AUTHORITY STATE, SCOPE, VALIDITY, AND ESCALATION","DISPLAY CURRENT TIME, EVIDENCE CURRENCY, AUTHORITY VALIDITY, EXECUTION WINDOW, AND EXPIRY STATE","DISPLAY ACCOUNTABLE HUMAN OR ROLE, ASSIGNMENT STATE, CURRENT ELIGIBILITY, AND REVIEW STATUS","NO-BIND OR HOLD STATE MAY BE DISPLAYED. DISPLAY REASON, ACTIVATION TIME, REQUIRED RESOLUTION, ESCALATION, AND HUMAN AUTHORITY PROMPT.","RIM, document-management system, eQMS, clinical repository, LIMS, ELN, and submission gateway.","DISPLAY GOVERNED SOURCE-SYSTEM NAME, RECORD REFERENCE, RECORD VERSION, OBSERVED STATE, AND LAST-VERIFIED TIME. DO NOT DISPLAY RAMAT VISION AS THE SOURCE OF TRUTH.","STOP: GOVERNANCE HOLD ACTIVE. REVIEW THE DISPLAYED REASON, VERIFY EVIDENCE AND AUTHORITY, USE THE GOVERNED ESCALATION ROUTE, AND DO NOT PROCEED UNTIL AUTHORIZED RESOLUTION IS RECORDED.","display_contract_id; stage_id; stage_name; lifecycle_phase; primary_regulated_object; action_consequence_level; identity_state; evidence_state; integrity_state; dependency_state; authority_state; approver_state; escalation_state; timing_state; accountability_state; no_bind_state; admissibility_state; source_system_reference; rationale_summary; generated_at_utc; expires_at_utc","approve; release; override; resolve_no_bind; execute_action; submit_regulatory_package; administer_dose; dispense; transfer_custody; sign_record; merge_identity; retire_identity; edit_source_record; dismiss_hold_without_reason; create_binding_authority","DISPLAY ONLY THE MINIMUM AUTHORIZED INFORMATION. MASK OR OMIT PERSONAL, CONFIDENTIAL, PROPRIETARY, SECURITY-SENSITIVE, OR REGULATED DATA NOT REQUIRED FOR THE CURRENT ASSURANCE DECISION.","THE DISPLAY CONTRACT EXPIRES WHEN ITS DECLARED EXPIRY TIME IS REACHED, WHEN SOURCE STATE CHANGES, WHEN AUTHORITY CHANGES, WHEN A NEW EVALUATION IS ISSUED, OR WHEN THE DISPLAY SESSION ENDS.","OFFLINE OR DISCONNECTED DISPLAY STATE MUST BE MARKED STALE OR UNKNOWN. CACHED STATE MUST NOT BE PRESENTED AS CURRENT AUTHORITY OR CURRENT APPROVAL.","RAMAT VISION MAY DISPLAY AUTHORITY ABSENT, NO-BIND STATE ACTIVE, ACTION HELD, ESCALATION REQUIRED, DOCUMENTED PAUSE CREATED, APPROVER UNAVAILABLE, HUMAN AUTHORITY REQUIRED, AND RELATED PLATFORM B1 EVALUATED STATES. RAMAT VISION MAY NOT RESOLVE THE HOLD.","DISPLAY / WITNESS ONLY. RAMAT VISION, THREAD D, THREAD D2, GLASSES, WEARABLES, DASHBOARDS, AND DEVICE WITNESSES HAVE NO ASSURANCE-DECISION, APPROVAL, RELEASE, OVERRIDE, RESOLUTION, EXECUTION, OR BINDING AUTHORITY.","PLATFORM B AND PLATFORM B1 MAY EVALUATE ASSURANCE STATE. QUALIFIED HUMANS AND AUTHORIZED ORGANIZATIONAL ROLES MAKE BINDING DECISIONS.","ACTION ADMISSIBILITY IS NOT EXECUTION. OFFICIAL EXECUTION OCCURS ONLY THROUGH THE AUTHORIZED HUMAN PROCESS AND GOVERNED SOURCE SYSTEM.","OFFICIAL RECORDS REMAIN IN GOVERNED SOURCE SYSTEMS. RAMAT VISION DISPLAYS REFERENCES AND EVALUATED STATE ONLY.","FICTIONAL AURORA-17 DATA, SYNTHETIC RECORDS, MOCK IDENTITIES, NO PHI, NO COMPANY PRODUCTION DATA, AND NO REAL REGULATED PRODUCTION INTEGRATION.","DESIGN-ONLY RAMAT LIFECYCLE DISPLAY CONTRACT","HUMAN DISPLAY-CONTRACT REVIEW REQUIRED","READY AFTER STEP 157 RAMAT LIFECYCLE DISPLAY MAP REVIEW"
"RAMAT-A17-06","A17-06","Phase I First-in-Human Readiness","CLINICAL PHASE I","AURORA-17 Phase I protocol and first-patient readiness state","Authorize first-patient enrollment and dosing readiness.","CRITICAL","CLINICAL TRIAL ASSURANCE MODE","Participant identity, consent, delegation, site readiness, data review, safety, laboratory, imaging, and accountable clinical authority.","Clinical progression requires current identity, consent, evidence, safety review, and qualified human authority.","REFRESH ON SUBJECT, SITE, SAFETY, DATA, OR REVIEW STATE CHANGE","HUMAN ACCOUNTABILITY MISSING; APPROVER UNAVAILABLE; NO-BIND STATE ACTIVE; ACTION HELD; HUMAN AUTHORITY REQUIRED","DISPLAY CANONICAL OBJECT IDENTITY, SOURCE BINDING, VERIFICATION STATE, AND CONFLICT STATE","DISPLAY EVIDENCE PRESENCE, PROVENANCE, HASH, REHASH, CURRENCY, AND SUFFICIENCY STATE","DISPLAY WORKFLOW DEPENDENCY AGREEMENT, UNKNOWN STATE, MISMATCH, HOLD, AND DELAY STATUS","AUTHORITY DEFICIENCY ACTIVE - DISPLAY REQUIRED ROLE, CURRENT AUTHORITY STATE, SCOPE, VALIDITY, AND ESCALATION","DISPLAY CURRENT TIME, EVIDENCE CURRENCY, AUTHORITY VALIDITY, EXECUTION WINDOW, AND EXPIRY STATE","HUMAN REVIEW REQUIRED - DISPLAY ACCOUNTABLE ROLE, APPROVER AVAILABILITY, RESPONSE WINDOW, AND ESCALATION ROUTE","NO-BIND OR HOLD STATE MAY BE DISPLAYED. DISPLAY REASON, ACTIVATION TIME, REQUIRED RESOLUTION, ESCALATION, AND HUMAN AUTHORITY PROMPT.","CTMS, EDC, eTMF, IRT/RTSM, pharmacy system, EHR, safety system, and document repository.","DISPLAY GOVERNED SOURCE-SYSTEM NAME, RECORD REFERENCE, RECORD VERSION, OBSERVED STATE, AND LAST-VERIFIED TIME. DO NOT DISPLAY RAMAT VISION AS THE SOURCE OF TRUTH.","STOP: GOVERNANCE HOLD ACTIVE. REVIEW THE DISPLAYED REASON, VERIFY EVIDENCE AND AUTHORITY, USE THE GOVERNED ESCALATION ROUTE, AND DO NOT PROCEED UNTIL AUTHORIZED RESOLUTION IS RECORDED.","display_contract_id; stage_id; stage_name; lifecycle_phase; primary_regulated_object; action_consequence_level; identity_state; evidence_state; integrity_state; dependency_state; authority_state; approver_state; escalation_state; timing_state; accountability_state; no_bind_state; admissibility_state; source_system_reference; rationale_summary; generated_at_utc; expires_at_utc","approve; release; override; resolve_no_bind; execute_action; submit_regulatory_package; administer_dose; dispense; transfer_custody; sign_record; merge_identity; retire_identity; edit_source_record; dismiss_hold_without_reason; create_binding_authority","DISPLAY ONLY THE MINIMUM AUTHORIZED INFORMATION. MASK OR OMIT PERSONAL, CONFIDENTIAL, PROPRIETARY, SECURITY-SENSITIVE, OR REGULATED DATA NOT REQUIRED FOR THE CURRENT ASSURANCE DECISION.","THE DISPLAY CONTRACT EXPIRES WHEN ITS DECLARED EXPIRY TIME IS REACHED, WHEN SOURCE STATE CHANGES, WHEN AUTHORITY CHANGES, WHEN A NEW EVALUATION IS ISSUED, OR WHEN THE DISPLAY SESSION ENDS.","OFFLINE OR DISCONNECTED DISPLAY STATE MUST BE MARKED STALE OR UNKNOWN. CACHED STATE MUST NOT BE PRESENTED AS CURRENT AUTHORITY OR CURRENT APPROVAL.","RAMAT VISION MAY DISPLAY AUTHORITY ABSENT, NO-BIND STATE ACTIVE, ACTION HELD, ESCALATION REQUIRED, DOCUMENTED PAUSE CREATED, APPROVER UNAVAILABLE, HUMAN AUTHORITY REQUIRED, AND RELATED PLATFORM B1 EVALUATED STATES. RAMAT VISION MAY NOT RESOLVE THE HOLD.","DISPLAY / WITNESS ONLY. RAMAT VISION, THREAD D, THREAD D2, GLASSES, WEARABLES, DASHBOARDS, AND DEVICE WITNESSES HAVE NO ASSURANCE-DECISION, APPROVAL, RELEASE, OVERRIDE, RESOLUTION, EXECUTION, OR BINDING AUTHORITY.","PLATFORM B AND PLATFORM B1 MAY EVALUATE ASSURANCE STATE. QUALIFIED HUMANS AND AUTHORIZED ORGANIZATIONAL ROLES MAKE BINDING DECISIONS.","ACTION ADMISSIBILITY IS NOT EXECUTION. OFFICIAL EXECUTION OCCURS ONLY THROUGH THE AUTHORIZED HUMAN PROCESS AND GOVERNED SOURCE SYSTEM.","OFFICIAL RECORDS REMAIN IN GOVERNED SOURCE SYSTEMS. RAMAT VISION DISPLAYS REFERENCES AND EVALUATED STATE ONLY.","FICTIONAL AURORA-17 DATA, SYNTHETIC RECORDS, MOCK IDENTITIES, NO PHI, NO COMPANY PRODUCTION DATA, AND NO REAL REGULATED PRODUCTION INTEGRATION.","DESIGN-ONLY RAMAT LIFECYCLE DISPLAY CONTRACT","HUMAN DISPLAY-CONTRACT REVIEW REQUIRED","READY AFTER STEP 157 RAMAT LIFECYCLE DISPLAY MAP REVIEW"
"RAMAT-A17-07","A17-07","Phase II Dose and Efficacy Progression","CLINICAL PHASE II","AURORA-17 Phase II dose and efficacy evidence package","Authorize progression of the selected dose and trial strategy.","CRITICAL","CLINICAL TRIAL ASSURANCE MODE","Participant identity, consent, delegation, site readiness, data review, safety, laboratory, imaging, and accountable clinical authority.","Clinical progression requires current identity, consent, evidence, safety review, and qualified human authority.","REFRESH ON SUBJECT, SITE, SAFETY, DATA, OR REVIEW STATE CHANGE","EVIDENCE INSUFFICIENT; ESCALATION REQUIRED; ACTION INADMISSIBLE; NO-BIND STATE ACTIVE; ACTION ADMISSIBLE","DISPLAY CANONICAL OBJECT IDENTITY, SOURCE BINDING, VERIFICATION STATE, AND CONFLICT STATE","EVIDENCE INSUFFICIENT - DISPLAY MISSING, STALE, CONFLICTED, UNSEALED, OR REHASH-FAILED EVIDENCE","DISPLAY WORKFLOW DEPENDENCY AGREEMENT, UNKNOWN STATE, MISMATCH, HOLD, AND DELAY STATUS","DISPLAY AUTHORITY PRESENT, VALID, CURRENT, DELEGATED, IN-SCOPE, AND ACCOUNTABLE-HUMAN STATE","DISPLAY CURRENT TIME, EVIDENCE CURRENCY, AUTHORITY VALIDITY, EXECUTION WINDOW, AND EXPIRY STATE","DISPLAY ACCOUNTABLE HUMAN OR ROLE, ASSIGNMENT STATE, CURRENT ELIGIBILITY, AND REVIEW STATUS","NO-BIND OR HOLD STATE MAY BE DISPLAYED. DISPLAY REASON, ACTIVATION TIME, REQUIRED RESOLUTION, ESCALATION, AND HUMAN AUTHORITY PROMPT.","EDC, CTMS, eTMF, imaging repository, LIMS, safety system, statistical platform, and model registry.","DISPLAY GOVERNED SOURCE-SYSTEM NAME, RECORD REFERENCE, RECORD VERSION, OBSERVED STATE, AND LAST-VERIFIED TIME. DO NOT DISPLAY RAMAT VISION AS THE SOURCE OF TRUTH.","STOP: GOVERNANCE HOLD ACTIVE. REVIEW THE DISPLAYED REASON, VERIFY EVIDENCE AND AUTHORITY, USE THE GOVERNED ESCALATION ROUTE, AND DO NOT PROCEED UNTIL AUTHORIZED RESOLUTION IS RECORDED.","display_contract_id; stage_id; stage_name; lifecycle_phase; primary_regulated_object; action_consequence_level; identity_state; evidence_state; integrity_state; dependency_state; authority_state; approver_state; escalation_state; timing_state; accountability_state; no_bind_state; admissibility_state; source_system_reference; rationale_summary; generated_at_utc; expires_at_utc","approve; release; override; resolve_no_bind; execute_action; submit_regulatory_package; administer_dose; dispense; transfer_custody; sign_record; merge_identity; retire_identity; edit_source_record; dismiss_hold_without_reason; create_binding_authority","DISPLAY ONLY THE MINIMUM AUTHORIZED INFORMATION. MASK OR OMIT PERSONAL, CONFIDENTIAL, PROPRIETARY, SECURITY-SENSITIVE, OR REGULATED DATA NOT REQUIRED FOR THE CURRENT ASSURANCE DECISION.","THE DISPLAY CONTRACT EXPIRES WHEN ITS DECLARED EXPIRY TIME IS REACHED, WHEN SOURCE STATE CHANGES, WHEN AUTHORITY CHANGES, WHEN A NEW EVALUATION IS ISSUED, OR WHEN THE DISPLAY SESSION ENDS.","OFFLINE OR DISCONNECTED DISPLAY STATE MUST BE MARKED STALE OR UNKNOWN. CACHED STATE MUST NOT BE PRESENTED AS CURRENT AUTHORITY OR CURRENT APPROVAL.","RAMAT VISION MAY DISPLAY AUTHORITY ABSENT, NO-BIND STATE ACTIVE, ACTION HELD, ESCALATION REQUIRED, DOCUMENTED PAUSE CREATED, APPROVER UNAVAILABLE, HUMAN AUTHORITY REQUIRED, AND RELATED PLATFORM B1 EVALUATED STATES. RAMAT VISION MAY NOT RESOLVE THE HOLD.","DISPLAY / WITNESS ONLY. RAMAT VISION, THREAD D, THREAD D2, GLASSES, WEARABLES, DASHBOARDS, AND DEVICE WITNESSES HAVE NO ASSURANCE-DECISION, APPROVAL, RELEASE, OVERRIDE, RESOLUTION, EXECUTION, OR BINDING AUTHORITY.","PLATFORM B AND PLATFORM B1 MAY EVALUATE ASSURANCE STATE. QUALIFIED HUMANS AND AUTHORIZED ORGANIZATIONAL ROLES MAKE BINDING DECISIONS.","ACTION ADMISSIBILITY IS NOT EXECUTION. OFFICIAL EXECUTION OCCURS ONLY THROUGH THE AUTHORIZED HUMAN PROCESS AND GOVERNED SOURCE SYSTEM.","OFFICIAL RECORDS REMAIN IN GOVERNED SOURCE SYSTEMS. RAMAT VISION DISPLAYS REFERENCES AND EVALUATED STATE ONLY.","FICTIONAL AURORA-17 DATA, SYNTHETIC RECORDS, MOCK IDENTITIES, NO PHI, NO COMPANY PRODUCTION DATA, AND NO REAL REGULATED PRODUCTION INTEGRATION.","DESIGN-ONLY RAMAT LIFECYCLE DISPLAY CONTRACT","HUMAN DISPLAY-CONTRACT REVIEW REQUIRED","READY AFTER STEP 157 RAMAT LIFECYCLE DISPLAY MAP REVIEW"
"RAMAT-A17-08","A17-08","Phase III Confirmatory Evidence and Data-Lock Readiness","CLINICAL PHASE III","AURORA-17 pivotal-trial evidence package","Authorize pivotal-trial data lock and regulatory-evidence finalization.","CRITICAL","CLINICAL TRIAL ASSURANCE MODE","Participant identity, consent, delegation, site readiness, data review, safety, laboratory, imaging, and accountable clinical authority.","Clinical progression requires current identity, consent, evidence, safety review, and qualified human authority.","REFRESH ON SUBJECT, SITE, SAFETY, DATA, OR REVIEW STATE CHANGE","ACTION HELD; DOCUMENTED PAUSE CREATED; APPROVER UNAVAILABLE; ESCALATION REQUIRED; ACTION ADMISSIBLE","DISPLAY CANONICAL OBJECT IDENTITY, SOURCE BINDING, VERIFICATION STATE, AND CONFLICT STATE","DISPLAY EVIDENCE PRESENCE, PROVENANCE, HASH, REHASH, CURRENCY, AND SUFFICIENCY STATE","DISPLAY WORKFLOW DEPENDENCY AGREEMENT, UNKNOWN STATE, MISMATCH, HOLD, AND DELAY STATUS","DISPLAY AUTHORITY PRESENT, VALID, CURRENT, DELEGATED, IN-SCOPE, AND ACCOUNTABLE-HUMAN STATE","DISPLAY CURRENT TIME, EVIDENCE CURRENCY, AUTHORITY VALIDITY, EXECUTION WINDOW, AND EXPIRY STATE","HUMAN REVIEW REQUIRED - DISPLAY ACCOUNTABLE ROLE, APPROVER AVAILABILITY, RESPONSE WINDOW, AND ESCALATION ROUTE","NO-BIND OR HOLD STATE MAY BE DISPLAYED. DISPLAY REASON, ACTIVATION TIME, REQUIRED RESOLUTION, ESCALATION, AND HUMAN AUTHORITY PROMPT.","EDC, CTMS, eTMF, safety system, coding platform, statistical system, and quality repository.","DISPLAY GOVERNED SOURCE-SYSTEM NAME, RECORD REFERENCE, RECORD VERSION, OBSERVED STATE, AND LAST-VERIFIED TIME. DO NOT DISPLAY RAMAT VISION AS THE SOURCE OF TRUTH.","STOP: GOVERNANCE HOLD ACTIVE. REVIEW THE DISPLAYED REASON, VERIFY EVIDENCE AND AUTHORITY, USE THE GOVERNED ESCALATION ROUTE, AND DO NOT PROCEED UNTIL AUTHORIZED RESOLUTION IS RECORDED.","display_contract_id; stage_id; stage_name; lifecycle_phase; primary_regulated_object; action_consequence_level; identity_state; evidence_state; integrity_state; dependency_state; authority_state; approver_state; escalation_state; timing_state; accountability_state; no_bind_state; admissibility_state; source_system_reference; rationale_summary; generated_at_utc; expires_at_utc","approve; release; override; resolve_no_bind; execute_action; submit_regulatory_package; administer_dose; dispense; transfer_custody; sign_record; merge_identity; retire_identity; edit_source_record; dismiss_hold_without_reason; create_binding_authority","DISPLAY ONLY THE MINIMUM AUTHORIZED INFORMATION. MASK OR OMIT PERSONAL, CONFIDENTIAL, PROPRIETARY, SECURITY-SENSITIVE, OR REGULATED DATA NOT REQUIRED FOR THE CURRENT ASSURANCE DECISION.","THE DISPLAY CONTRACT EXPIRES WHEN ITS DECLARED EXPIRY TIME IS REACHED, WHEN SOURCE STATE CHANGES, WHEN AUTHORITY CHANGES, WHEN A NEW EVALUATION IS ISSUED, OR WHEN THE DISPLAY SESSION ENDS.","OFFLINE OR DISCONNECTED DISPLAY STATE MUST BE MARKED STALE OR UNKNOWN. CACHED STATE MUST NOT BE PRESENTED AS CURRENT AUTHORITY OR CURRENT APPROVAL.","RAMAT VISION MAY DISPLAY AUTHORITY ABSENT, NO-BIND STATE ACTIVE, ACTION HELD, ESCALATION REQUIRED, DOCUMENTED PAUSE CREATED, APPROVER UNAVAILABLE, HUMAN AUTHORITY REQUIRED, AND RELATED PLATFORM B1 EVALUATED STATES. RAMAT VISION MAY NOT RESOLVE THE HOLD.","DISPLAY / WITNESS ONLY. RAMAT VISION, THREAD D, THREAD D2, GLASSES, WEARABLES, DASHBOARDS, AND DEVICE WITNESSES HAVE NO ASSURANCE-DECISION, APPROVAL, RELEASE, OVERRIDE, RESOLUTION, EXECUTION, OR BINDING AUTHORITY.","PLATFORM B AND PLATFORM B1 MAY EVALUATE ASSURANCE STATE. QUALIFIED HUMANS AND AUTHORIZED ORGANIZATIONAL ROLES MAKE BINDING DECISIONS.","ACTION ADMISSIBILITY IS NOT EXECUTION. OFFICIAL EXECUTION OCCURS ONLY THROUGH THE AUTHORIZED HUMAN PROCESS AND GOVERNED SOURCE SYSTEM.","OFFICIAL RECORDS REMAIN IN GOVERNED SOURCE SYSTEMS. RAMAT VISION DISPLAYS REFERENCES AND EVALUATED STATE ONLY.","FICTIONAL AURORA-17 DATA, SYNTHETIC RECORDS, MOCK IDENTITIES, NO PHI, NO COMPANY PRODUCTION DATA, AND NO REAL REGULATED PRODUCTION INTEGRATION.","DESIGN-ONLY RAMAT LIFECYCLE DISPLAY CONTRACT","HUMAN DISPLAY-CONTRACT REVIEW REQUIRED","READY AFTER STEP 157 RAMAT LIFECYCLE DISPLAY MAP REVIEW"
"RAMAT-A17-09","A17-09","Marketing Application and AI-Native Inspection Passport","REGULATORY SUBMISSION","AURORA-17 marketing application and inspection passport","Authorize marketing-application submission and inspection-readiness state.","CRITICAL","REGULATOR AI READINESS AND INSPECTION PASSPORT MODE","Connected submission evidence, integrity seals, rehash status, claim-to-proof links, unresolved gaps, and inspection reconstruction.","Display the current inspection passport and all unresolved evidence, integrity, authority, or consistency gaps.","REFRESH ON EVIDENCE, REHASH, CLAIM, APPROVAL, OR PASSPORT CHANGE","EVIDENCE INSUFFICIENT; AUTHORITY ABSENT; NO-BIND STATE ACTIVE; ACTION HELD; SOURCE-SYSTEM EXECUTION REQUIRED","DISPLAY CANONICAL OBJECT IDENTITY, SOURCE BINDING, VERIFICATION STATE, AND CONFLICT STATE","EVIDENCE INSUFFICIENT - DISPLAY MISSING, STALE, CONFLICTED, UNSEALED, OR REHASH-FAILED EVIDENCE","DISPLAY WORKFLOW DEPENDENCY AGREEMENT, UNKNOWN STATE, MISMATCH, HOLD, AND DELAY STATUS","AUTHORITY DEFICIENCY ACTIVE - DISPLAY REQUIRED ROLE, CURRENT AUTHORITY STATE, SCOPE, VALIDITY, AND ESCALATION","DISPLAY CURRENT TIME, EVIDENCE CURRENCY, AUTHORITY VALIDITY, EXECUTION WINDOW, AND EXPIRY STATE","DISPLAY ACCOUNTABLE HUMAN OR ROLE, ASSIGNMENT STATE, CURRENT ELIGIBILITY, AND REVIEW STATUS","NO-BIND OR HOLD STATE MAY BE DISPLAYED. DISPLAY REASON, ACTIVATION TIME, REQUIRED RESOLUTION, ESCALATION, AND HUMAN AUTHORITY PROMPT.","RIM, document-management system, eQMS, clinical systems, LIMS, MES, safety system, and submission gateway.","DISPLAY GOVERNED SOURCE-SYSTEM NAME, RECORD REFERENCE, RECORD VERSION, OBSERVED STATE, AND LAST-VERIFIED TIME. DO NOT DISPLAY RAMAT VISION AS THE SOURCE OF TRUTH.","STOP: GOVERNANCE HOLD ACTIVE. REVIEW THE DISPLAYED REASON, VERIFY EVIDENCE AND AUTHORITY, USE THE GOVERNED ESCALATION ROUTE, AND DO NOT PROCEED UNTIL AUTHORIZED RESOLUTION IS RECORDED.","display_contract_id; stage_id; stage_name; lifecycle_phase; primary_regulated_object; action_consequence_level; identity_state; evidence_state; integrity_state; dependency_state; authority_state; approver_state; escalation_state; timing_state; accountability_state; no_bind_state; admissibility_state; source_system_reference; rationale_summary; generated_at_utc; expires_at_utc","approve; release; override; resolve_no_bind; execute_action; submit_regulatory_package; administer_dose; dispense; transfer_custody; sign_record; merge_identity; retire_identity; edit_source_record; dismiss_hold_without_reason; create_binding_authority","DISPLAY ONLY THE MINIMUM AUTHORIZED INFORMATION. MASK OR OMIT PERSONAL, CONFIDENTIAL, PROPRIETARY, SECURITY-SENSITIVE, OR REGULATED DATA NOT REQUIRED FOR THE CURRENT ASSURANCE DECISION.","THE DISPLAY CONTRACT EXPIRES WHEN ITS DECLARED EXPIRY TIME IS REACHED, WHEN SOURCE STATE CHANGES, WHEN AUTHORITY CHANGES, WHEN A NEW EVALUATION IS ISSUED, OR WHEN THE DISPLAY SESSION ENDS.","OFFLINE OR DISCONNECTED DISPLAY STATE MUST BE MARKED STALE OR UNKNOWN. CACHED STATE MUST NOT BE PRESENTED AS CURRENT AUTHORITY OR CURRENT APPROVAL.","RAMAT VISION MAY DISPLAY AUTHORITY ABSENT, NO-BIND STATE ACTIVE, ACTION HELD, ESCALATION REQUIRED, DOCUMENTED PAUSE CREATED, APPROVER UNAVAILABLE, HUMAN AUTHORITY REQUIRED, AND RELATED PLATFORM B1 EVALUATED STATES. RAMAT VISION MAY NOT RESOLVE THE HOLD.","DISPLAY / WITNESS ONLY. RAMAT VISION, THREAD D, THREAD D2, GLASSES, WEARABLES, DASHBOARDS, AND DEVICE WITNESSES HAVE NO ASSURANCE-DECISION, APPROVAL, RELEASE, OVERRIDE, RESOLUTION, EXECUTION, OR BINDING AUTHORITY.","PLATFORM B AND PLATFORM B1 MAY EVALUATE ASSURANCE STATE. QUALIFIED HUMANS AND AUTHORIZED ORGANIZATIONAL ROLES MAKE BINDING DECISIONS.","ACTION ADMISSIBILITY IS NOT EXECUTION. OFFICIAL EXECUTION OCCURS ONLY THROUGH THE AUTHORIZED HUMAN PROCESS AND GOVERNED SOURCE SYSTEM.","OFFICIAL RECORDS REMAIN IN GOVERNED SOURCE SYSTEMS. RAMAT VISION DISPLAYS REFERENCES AND EVALUATED STATE ONLY.","FICTIONAL AURORA-17 DATA, SYNTHETIC RECORDS, MOCK IDENTITIES, NO PHI, NO COMPANY PRODUCTION DATA, AND NO REAL REGULATED PRODUCTION INTEGRATION.","DESIGN-ONLY RAMAT LIFECYCLE DISPLAY CONTRACT","HUMAN DISPLAY-CONTRACT REVIEW REQUIRED","READY AFTER STEP 157 RAMAT LIFECYCLE DISPLAY MAP REVIEW"
"RAMAT-A17-10","A17-10","Approval, Label, and Commercial Authorization Baseline","APPROVAL","AURORA-17 approved product and label baseline","Register the approved commercial baseline and authorized conditions of use.","CRITICAL","APPROVED PRODUCT BASELINE MODE","Approved label, product identity, site scope, specifications, regulatory commitments, and authorized commercial baseline.","Confirm the displayed baseline against the official regulatory and product-master source records.","REFRESH ON APPROVAL, LABEL, SITE, SPECIFICATION, OR COMMITMENT CHANGE","SOURCE-SYSTEM EXECUTION REQUIRED; AUTHORITY OUT OF SCOPE; ACTION HELD; ACTION ADMISSIBLE","DISPLAY CANONICAL OBJECT IDENTITY, SOURCE BINDING, VERIFICATION STATE, AND CONFLICT STATE","DISPLAY EVIDENCE PRESENCE, PROVENANCE, HASH, REHASH, CURRENCY, AND SUFFICIENCY STATE","DISPLAY WORKFLOW DEPENDENCY AGREEMENT, UNKNOWN STATE, MISMATCH, HOLD, AND DELAY STATUS","AUTHORITY DEFICIENCY ACTIVE - DISPLAY REQUIRED ROLE, CURRENT AUTHORITY STATE, SCOPE, VALIDITY, AND ESCALATION","DISPLAY CURRENT TIME, EVIDENCE CURRENCY, AUTHORITY VALIDITY, EXECUTION WINDOW, AND EXPIRY STATE","DISPLAY ACCOUNTABLE HUMAN OR ROLE, ASSIGNMENT STATE, CURRENT ELIGIBILITY, AND REVIEW STATUS","NO-BIND OR HOLD STATE MAY BE DISPLAYED. DISPLAY REASON, ACTIVATION TIME, REQUIRED RESOLUTION, ESCALATION, AND HUMAN AUTHORITY PROMPT.","RIM, document-management system, ERP, eQMS, product master system, and regulatory authority records.","DISPLAY GOVERNED SOURCE-SYSTEM NAME, RECORD REFERENCE, RECORD VERSION, OBSERVED STATE, AND LAST-VERIFIED TIME. DO NOT DISPLAY RAMAT VISION AS THE SOURCE OF TRUTH.","STOP: GOVERNANCE HOLD ACTIVE. REVIEW THE DISPLAYED REASON, VERIFY EVIDENCE AND AUTHORITY, USE THE GOVERNED ESCALATION ROUTE, AND DO NOT PROCEED UNTIL AUTHORIZED RESOLUTION IS RECORDED.","display_contract_id; stage_id; stage_name; lifecycle_phase; primary_regulated_object; action_consequence_level; identity_state; evidence_state; integrity_state; dependency_state; authority_state; approver_state; escalation_state; timing_state; accountability_state; no_bind_state; admissibility_state; source_system_reference; rationale_summary; generated_at_utc; expires_at_utc","approve; release; override; resolve_no_bind; execute_action; submit_regulatory_package; administer_dose; dispense; transfer_custody; sign_record; merge_identity; retire_identity; edit_source_record; dismiss_hold_without_reason; create_binding_authority","DISPLAY ONLY THE MINIMUM AUTHORIZED INFORMATION. MASK OR OMIT PERSONAL, CONFIDENTIAL, PROPRIETARY, SECURITY-SENSITIVE, OR REGULATED DATA NOT REQUIRED FOR THE CURRENT ASSURANCE DECISION.","THE DISPLAY CONTRACT EXPIRES WHEN ITS DECLARED EXPIRY TIME IS REACHED, WHEN SOURCE STATE CHANGES, WHEN AUTHORITY CHANGES, WHEN A NEW EVALUATION IS ISSUED, OR WHEN THE DISPLAY SESSION ENDS.","OFFLINE OR DISCONNECTED DISPLAY STATE MUST BE MARKED STALE OR UNKNOWN. CACHED STATE MUST NOT BE PRESENTED AS CURRENT AUTHORITY OR CURRENT APPROVAL.","RAMAT VISION MAY DISPLAY AUTHORITY ABSENT, NO-BIND STATE ACTIVE, ACTION HELD, ESCALATION REQUIRED, DOCUMENTED PAUSE CREATED, APPROVER UNAVAILABLE, HUMAN AUTHORITY REQUIRED, AND RELATED PLATFORM B1 EVALUATED STATES. RAMAT VISION MAY NOT RESOLVE THE HOLD.","DISPLAY / WITNESS ONLY. RAMAT VISION, THREAD D, THREAD D2, GLASSES, WEARABLES, DASHBOARDS, AND DEVICE WITNESSES HAVE NO ASSURANCE-DECISION, APPROVAL, RELEASE, OVERRIDE, RESOLUTION, EXECUTION, OR BINDING AUTHORITY.","PLATFORM B AND PLATFORM B1 MAY EVALUATE ASSURANCE STATE. QUALIFIED HUMANS AND AUTHORIZED ORGANIZATIONAL ROLES MAKE BINDING DECISIONS.","ACTION ADMISSIBILITY IS NOT EXECUTION. OFFICIAL EXECUTION OCCURS ONLY THROUGH THE AUTHORIZED HUMAN PROCESS AND GOVERNED SOURCE SYSTEM.","OFFICIAL RECORDS REMAIN IN GOVERNED SOURCE SYSTEMS. RAMAT VISION DISPLAYS REFERENCES AND EVALUATED STATE ONLY.","FICTIONAL AURORA-17 DATA, SYNTHETIC RECORDS, MOCK IDENTITIES, NO PHI, NO COMPANY PRODUCTION DATA, AND NO REAL REGULATED PRODUCTION INTEGRATION.","DESIGN-ONLY RAMAT LIFECYCLE DISPLAY CONTRACT","HUMAN DISPLAY-CONTRACT REVIEW REQUIRED","READY AFTER STEP 157 RAMAT LIFECYCLE DISPLAY MAP REVIEW"
"RAMAT-A17-11","A17-11","Technology Transfer and Site Readiness","TECHNOLOGY TRANSFER","AURORA-17 commercial process and receiving-site transfer package","Authorize transfer acceptance and commercial-site readiness.","HIGH","TECHNOLOGY TRANSFER DEPENDENCY MODE","Sending-site and receiving-site agreement, equipment mapping, method transfer, training, validation, change control, and acceptance readiness.","Transfer acceptance remains held until all mandatory receiving-site dependencies are positively satisfied.","REFRESH ON TRANSFER, METHOD, EQUIPMENT, TRAINING, OR VALIDATION CHANGE","DEPENDENCY UNSATISFIED; ACTION HELD; ESCALATION REQUIRED; DOCUMENTED PAUSE CREATED; ACTION ADMISSIBLE","DISPLAY CANONICAL OBJECT IDENTITY, SOURCE BINDING, VERIFICATION STATE, AND CONFLICT STATE","DISPLAY EVIDENCE PRESENCE, PROVENANCE, HASH, REHASH, CURRENCY, AND SUFFICIENCY STATE","DEPENDENCY UNSATISFIED - DISPLAY REQUIRED STATE, OBSERVED STATE, SOURCE, OWNER, AND RESOLUTION ROUTE","DISPLAY AUTHORITY PRESENT, VALID, CURRENT, DELEGATED, IN-SCOPE, AND ACCOUNTABLE-HUMAN STATE","DISPLAY CURRENT TIME, EVIDENCE CURRENCY, AUTHORITY VALIDITY, EXECUTION WINDOW, AND EXPIRY STATE","DISPLAY ACCOUNTABLE HUMAN OR ROLE, ASSIGNMENT STATE, CURRENT ELIGIBILITY, AND REVIEW STATUS","NO-BIND OR HOLD STATE MAY BE DISPLAYED. DISPLAY REASON, ACTIVATION TIME, REQUIRED RESOLUTION, ESCALATION, AND HUMAN AUTHORITY PROMPT.","Document-management system, eQMS, LIMS, MES design repository, training system, and validation repository.","DISPLAY GOVERNED SOURCE-SYSTEM NAME, RECORD REFERENCE, RECORD VERSION, OBSERVED STATE, AND LAST-VERIFIED TIME. DO NOT DISPLAY RAMAT VISION AS THE SOURCE OF TRUTH.","STOP: GOVERNANCE HOLD ACTIVE. REVIEW THE DISPLAYED REASON, VERIFY EVIDENCE AND AUTHORITY, USE THE GOVERNED ESCALATION ROUTE, AND DO NOT PROCEED UNTIL AUTHORIZED RESOLUTION IS RECORDED.","display_contract_id; stage_id; stage_name; lifecycle_phase; primary_regulated_object; action_consequence_level; identity_state; evidence_state; integrity_state; dependency_state; authority_state; approver_state; escalation_state; timing_state; accountability_state; no_bind_state; admissibility_state; source_system_reference; rationale_summary; generated_at_utc; expires_at_utc","approve; release; override; resolve_no_bind; execute_action; submit_regulatory_package; administer_dose; dispense; transfer_custody; sign_record; merge_identity; retire_identity; edit_source_record; dismiss_hold_without_reason; create_binding_authority","DISPLAY ONLY THE MINIMUM AUTHORIZED INFORMATION. MASK OR OMIT PERSONAL, CONFIDENTIAL, PROPRIETARY, SECURITY-SENSITIVE, OR REGULATED DATA NOT REQUIRED FOR THE CURRENT ASSURANCE DECISION.","THE DISPLAY CONTRACT EXPIRES WHEN ITS DECLARED EXPIRY TIME IS REACHED, WHEN SOURCE STATE CHANGES, WHEN AUTHORITY CHANGES, WHEN A NEW EVALUATION IS ISSUED, OR WHEN THE DISPLAY SESSION ENDS.","OFFLINE OR DISCONNECTED DISPLAY STATE MUST BE MARKED STALE OR UNKNOWN. CACHED STATE MUST NOT BE PRESENTED AS CURRENT AUTHORITY OR CURRENT APPROVAL.","RAMAT VISION MAY DISPLAY AUTHORITY ABSENT, NO-BIND STATE ACTIVE, ACTION HELD, ESCALATION REQUIRED, DOCUMENTED PAUSE CREATED, APPROVER UNAVAILABLE, HUMAN AUTHORITY REQUIRED, AND RELATED PLATFORM B1 EVALUATED STATES. RAMAT VISION MAY NOT RESOLVE THE HOLD.","DISPLAY / WITNESS ONLY. RAMAT VISION, THREAD D, THREAD D2, GLASSES, WEARABLES, DASHBOARDS, AND DEVICE WITNESSES HAVE NO ASSURANCE-DECISION, APPROVAL, RELEASE, OVERRIDE, RESOLUTION, EXECUTION, OR BINDING AUTHORITY.","PLATFORM B AND PLATFORM B1 MAY EVALUATE ASSURANCE STATE. QUALIFIED HUMANS AND AUTHORIZED ORGANIZATIONAL ROLES MAKE BINDING DECISIONS.","ACTION ADMISSIBILITY IS NOT EXECUTION. OFFICIAL EXECUTION OCCURS ONLY THROUGH THE AUTHORIZED HUMAN PROCESS AND GOVERNED SOURCE SYSTEM.","OFFICIAL RECORDS REMAIN IN GOVERNED SOURCE SYSTEMS. RAMAT VISION DISPLAYS REFERENCES AND EVALUATED STATE ONLY.","FICTIONAL AURORA-17 DATA, SYNTHETIC RECORDS, MOCK IDENTITIES, NO PHI, NO COMPANY PRODUCTION DATA, AND NO REAL REGULATED PRODUCTION INTEGRATION.","DESIGN-ONLY RAMAT LIFECYCLE DISPLAY CONTRACT","HUMAN DISPLAY-CONTRACT REVIEW REQUIRED","READY AFTER STEP 157 RAMAT LIFECYCLE DISPLAY MAP REVIEW"
"RAMAT-A17-12","A17-12","Commercial Radiopharmaceutical Manufacturing Execution","COMMERCIAL MANUFACTURING","AURORA-17 commercial radiopharmaceutical batch","Authorize execution of the commercial manufacturing batch.","CRITICAL","IRLT MANUFACTURING EXECUTION ASSURANCE MODE","Radionuclide identity, decay timing, material genealogy, recipe, equipment, operator, environmental, automation, and execution readiness.","Do not proceed when identity, timing, material, equipment, environmental, automation, or authority conditions are unresolved.","EVENT-DRIVEN REFRESH FOR TIME-CRITICAL MANUFACTURING STATE","NO-BIND STATE ACTIVE; ACTION HELD; TIMING INVALID; HUMAN AUTHORITY REQUIRED; DOCUMENTED PAUSE CREATED","DISPLAY CANONICAL OBJECT IDENTITY, SOURCE BINDING, VERIFICATION STATE, AND CONFLICT STATE","DISPLAY EVIDENCE PRESENCE, PROVENANCE, HASH, REHASH, CURRENCY, AND SUFFICIENCY STATE","DISPLAY WORKFLOW DEPENDENCY AGREEMENT, UNKNOWN STATE, MISMATCH, HOLD, AND DELAY STATUS","AUTHORITY DEFICIENCY ACTIVE - DISPLAY REQUIRED ROLE, CURRENT AUTHORITY STATE, SCOPE, VALIDITY, AND ESCALATION","TIMING INVALID - DISPLAY DEADLINE, VALIDITY WINDOW, DECAY WINDOW, EXPIRY, AND TIME-CRITICAL RISK","HUMAN REVIEW REQUIRED - DISPLAY ACCOUNTABLE ROLE, APPROVER AVAILABILITY, RESPONSE WINDOW, AND ESCALATION ROUTE","NO-BIND OR HOLD STATE MAY BE DISPLAYED. DISPLAY REASON, ACTIVATION TIME, REQUIRED RESOLUTION, ESCALATION, AND HUMAN AUTHORITY PROMPT.","MES, ERP, LIMS, BMS/EMS, historian, equipment system, access system, and eQMS.","DISPLAY GOVERNED SOURCE-SYSTEM NAME, RECORD REFERENCE, RECORD VERSION, OBSERVED STATE, AND LAST-VERIFIED TIME. DO NOT DISPLAY RAMAT VISION AS THE SOURCE OF TRUTH.","STOP: GOVERNANCE HOLD ACTIVE. REVIEW THE DISPLAYED REASON, VERIFY EVIDENCE AND AUTHORITY, USE THE GOVERNED ESCALATION ROUTE, AND DO NOT PROCEED UNTIL AUTHORIZED RESOLUTION IS RECORDED.","display_contract_id; stage_id; stage_name; lifecycle_phase; primary_regulated_object; action_consequence_level; identity_state; evidence_state; integrity_state; dependency_state; authority_state; approver_state; escalation_state; timing_state; accountability_state; no_bind_state; admissibility_state; source_system_reference; rationale_summary; generated_at_utc; expires_at_utc","approve; release; override; resolve_no_bind; execute_action; submit_regulatory_package; administer_dose; dispense; transfer_custody; sign_record; merge_identity; retire_identity; edit_source_record; dismiss_hold_without_reason; create_binding_authority","DISPLAY ONLY THE MINIMUM AUTHORIZED INFORMATION. MASK OR OMIT PERSONAL, CONFIDENTIAL, PROPRIETARY, SECURITY-SENSITIVE, OR REGULATED DATA NOT REQUIRED FOR THE CURRENT ASSURANCE DECISION.","THE DISPLAY CONTRACT EXPIRES WHEN ITS DECLARED EXPIRY TIME IS REACHED, WHEN SOURCE STATE CHANGES, WHEN AUTHORITY CHANGES, WHEN A NEW EVALUATION IS ISSUED, OR WHEN THE DISPLAY SESSION ENDS.","OFFLINE OR DISCONNECTED DISPLAY STATE MUST BE MARKED STALE OR UNKNOWN. CACHED STATE MUST NOT BE PRESENTED AS CURRENT AUTHORITY OR CURRENT APPROVAL.","RAMAT VISION MAY DISPLAY AUTHORITY ABSENT, NO-BIND STATE ACTIVE, ACTION HELD, ESCALATION REQUIRED, DOCUMENTED PAUSE CREATED, APPROVER UNAVAILABLE, HUMAN AUTHORITY REQUIRED, AND RELATED PLATFORM B1 EVALUATED STATES. RAMAT VISION MAY NOT RESOLVE THE HOLD.","DISPLAY / WITNESS ONLY. RAMAT VISION, THREAD D, THREAD D2, GLASSES, WEARABLES, DASHBOARDS, AND DEVICE WITNESSES HAVE NO ASSURANCE-DECISION, APPROVAL, RELEASE, OVERRIDE, RESOLUTION, EXECUTION, OR BINDING AUTHORITY.","PLATFORM B AND PLATFORM B1 MAY EVALUATE ASSURANCE STATE. QUALIFIED HUMANS AND AUTHORIZED ORGANIZATIONAL ROLES MAKE BINDING DECISIONS.","ACTION ADMISSIBILITY IS NOT EXECUTION. OFFICIAL EXECUTION OCCURS ONLY THROUGH THE AUTHORIZED HUMAN PROCESS AND GOVERNED SOURCE SYSTEM.","OFFICIAL RECORDS REMAIN IN GOVERNED SOURCE SYSTEMS. RAMAT VISION DISPLAYS REFERENCES AND EVALUATED STATE ONLY.","FICTIONAL AURORA-17 DATA, SYNTHETIC RECORDS, MOCK IDENTITIES, NO PHI, NO COMPANY PRODUCTION DATA, AND NO REAL REGULATED PRODUCTION INTEGRATION.","DESIGN-ONLY RAMAT LIFECYCLE DISPLAY CONTRACT","HUMAN DISPLAY-CONTRACT REVIEW REQUIRED","READY AFTER STEP 157 RAMAT LIFECYCLE DISPLAY MAP REVIEW"
"RAMAT-A17-13","A17-13","QC Completion and Human Batch Release","QUALITY CONTROL AND RELEASE","AURORA-17 finished batch and release decision","Determine whether the commercial batch is admissible for authorized human release.","CRITICAL","QC AND HUMAN BATCH-RELEASE ASSURANCE MODE","Sample identity, laboratory-source agreement, raw-data integrity, deviation disposition, release authority, timing, and admissibility.","Platform admissibility does not release the batch. Authorized human release and official source-system execution are required.","REFRESH ON RESULT, REVIEW, DEVIATION, AUTHORITY, OR TIMING CHANGE","EVIDENCE INSUFFICIENT; AUTHORITY EXPIRED; NO-BIND STATE ACTIVE; ACTION INADMISSIBLE; ACTION ADMISSIBLE","DISPLAY CANONICAL OBJECT IDENTITY, SOURCE BINDING, VERIFICATION STATE, AND CONFLICT STATE","EVIDENCE INSUFFICIENT - DISPLAY MISSING, STALE, CONFLICTED, UNSEALED, OR REHASH-FAILED EVIDENCE","DISPLAY WORKFLOW DEPENDENCY AGREEMENT, UNKNOWN STATE, MISMATCH, HOLD, AND DELAY STATUS","AUTHORITY DEFICIENCY ACTIVE - DISPLAY REQUIRED ROLE, CURRENT AUTHORITY STATE, SCOPE, VALIDITY, AND ESCALATION","DISPLAY CURRENT TIME, EVIDENCE CURRENCY, AUTHORITY VALIDITY, EXECUTION WINDOW, AND EXPIRY STATE","DISPLAY ACCOUNTABLE HUMAN OR ROLE, ASSIGNMENT STATE, CURRENT ELIGIBILITY, AND REVIEW STATUS","NO-BIND OR HOLD STATE MAY BE DISPLAYED. DISPLAY REASON, ACTIVATION TIME, REQUIRED RESOLUTION, ESCALATION, AND HUMAN AUTHORITY PROMPT.","LIMS, laboratory middleware, instrument systems, MES, eQMS, historian, and release repository.","DISPLAY GOVERNED SOURCE-SYSTEM NAME, RECORD REFERENCE, RECORD VERSION, OBSERVED STATE, AND LAST-VERIFIED TIME. DO NOT DISPLAY RAMAT VISION AS THE SOURCE OF TRUTH.","STOP: GOVERNANCE HOLD ACTIVE. REVIEW THE DISPLAYED REASON, VERIFY EVIDENCE AND AUTHORITY, USE THE GOVERNED ESCALATION ROUTE, AND DO NOT PROCEED UNTIL AUTHORIZED RESOLUTION IS RECORDED.","display_contract_id; stage_id; stage_name; lifecycle_phase; primary_regulated_object; action_consequence_level; identity_state; evidence_state; integrity_state; dependency_state; authority_state; approver_state; escalation_state; timing_state; accountability_state; no_bind_state; admissibility_state; source_system_reference; rationale_summary; generated_at_utc; expires_at_utc","approve; release; override; resolve_no_bind; execute_action; submit_regulatory_package; administer_dose; dispense; transfer_custody; sign_record; merge_identity; retire_identity; edit_source_record; dismiss_hold_without_reason; create_binding_authority","DISPLAY ONLY THE MINIMUM AUTHORIZED INFORMATION. MASK OR OMIT PERSONAL, CONFIDENTIAL, PROPRIETARY, SECURITY-SENSITIVE, OR REGULATED DATA NOT REQUIRED FOR THE CURRENT ASSURANCE DECISION.","THE DISPLAY CONTRACT EXPIRES WHEN ITS DECLARED EXPIRY TIME IS REACHED, WHEN SOURCE STATE CHANGES, WHEN AUTHORITY CHANGES, WHEN A NEW EVALUATION IS ISSUED, OR WHEN THE DISPLAY SESSION ENDS.","OFFLINE OR DISCONNECTED DISPLAY STATE MUST BE MARKED STALE OR UNKNOWN. CACHED STATE MUST NOT BE PRESENTED AS CURRENT AUTHORITY OR CURRENT APPROVAL.","RAMAT VISION MAY DISPLAY AUTHORITY ABSENT, NO-BIND STATE ACTIVE, ACTION HELD, ESCALATION REQUIRED, DOCUMENTED PAUSE CREATED, APPROVER UNAVAILABLE, HUMAN AUTHORITY REQUIRED, AND RELATED PLATFORM B1 EVALUATED STATES. RAMAT VISION MAY NOT RESOLVE THE HOLD.","DISPLAY / WITNESS ONLY. RAMAT VISION, THREAD D, THREAD D2, GLASSES, WEARABLES, DASHBOARDS, AND DEVICE WITNESSES HAVE NO ASSURANCE-DECISION, APPROVAL, RELEASE, OVERRIDE, RESOLUTION, EXECUTION, OR BINDING AUTHORITY.","PLATFORM B AND PLATFORM B1 MAY EVALUATE ASSURANCE STATE. QUALIFIED HUMANS AND AUTHORIZED ORGANIZATIONAL ROLES MAKE BINDING DECISIONS.","ACTION ADMISSIBILITY IS NOT EXECUTION. OFFICIAL EXECUTION OCCURS ONLY THROUGH THE AUTHORIZED HUMAN PROCESS AND GOVERNED SOURCE SYSTEM.","OFFICIAL RECORDS REMAIN IN GOVERNED SOURCE SYSTEMS. RAMAT VISION DISPLAYS REFERENCES AND EVALUATED STATE ONLY.","FICTIONAL AURORA-17 DATA, SYNTHETIC RECORDS, MOCK IDENTITIES, NO PHI, NO COMPANY PRODUCTION DATA, AND NO REAL REGULATED PRODUCTION INTEGRATION.","DESIGN-ONLY RAMAT LIFECYCLE DISPLAY CONTRACT","HUMAN DISPLAY-CONTRACT REVIEW REQUIRED","READY AFTER STEP 157 RAMAT LIFECYCLE DISPLAY MAP REVIEW"
"RAMAT-A17-14","A17-14","Serialization, DSCSA, and Trading-Partner Readiness","SERIALIZATION AND SUPPLY CHAIN","AURORA-17 serialized commercial product and transaction package","Authorize product transfer into the governed pharmaceutical supply chain.","HIGH","DSCSA SERIALIZATION AND TRADING-PARTNER MODE","Product identifier, serial, lot, expiration, EPCIS state, aggregation, trading-partner authority, transaction evidence, and suspect-product state.","Hold transfer when serialization, trading-partner, transaction, or suspect-product conditions are incomplete or conflicted.","REFRESH ON SERIALIZATION, EPCIS, PARTNER, OR TRANSACTION CHANGE","AUTHORITY OUT OF SCOPE; EVIDENCE INSUFFICIENT; ACTION HELD; ESCALATION REQUIRED; ACTION ADMISSIBLE","DISPLAY CANONICAL OBJECT IDENTITY, SOURCE BINDING, VERIFICATION STATE, AND CONFLICT STATE","EVIDENCE INSUFFICIENT - DISPLAY MISSING, STALE, CONFLICTED, UNSEALED, OR REHASH-FAILED EVIDENCE","DISPLAY WORKFLOW DEPENDENCY AGREEMENT, UNKNOWN STATE, MISMATCH, HOLD, AND DELAY STATUS","AUTHORITY DEFICIENCY ACTIVE - DISPLAY REQUIRED ROLE, CURRENT AUTHORITY STATE, SCOPE, VALIDITY, AND ESCALATION","DISPLAY CURRENT TIME, EVIDENCE CURRENCY, AUTHORITY VALIDITY, EXECUTION WINDOW, AND EXPIRY STATE","DISPLAY ACCOUNTABLE HUMAN OR ROLE, ASSIGNMENT STATE, CURRENT ELIGIBILITY, AND REVIEW STATUS","NO-BIND OR HOLD STATE MAY BE DISPLAYED. DISPLAY REASON, ACTIVATION TIME, REQUIRED RESOLUTION, ESCALATION, AND HUMAN AUTHORITY PROMPT.","Serialization platform, EPCIS repository, ERP, WMS, partner gateway, verification router, and eQMS.","DISPLAY GOVERNED SOURCE-SYSTEM NAME, RECORD REFERENCE, RECORD VERSION, OBSERVED STATE, AND LAST-VERIFIED TIME. DO NOT DISPLAY RAMAT VISION AS THE SOURCE OF TRUTH.","STOP: GOVERNANCE HOLD ACTIVE. REVIEW THE DISPLAYED REASON, VERIFY EVIDENCE AND AUTHORITY, USE THE GOVERNED ESCALATION ROUTE, AND DO NOT PROCEED UNTIL AUTHORIZED RESOLUTION IS RECORDED.","display_contract_id; stage_id; stage_name; lifecycle_phase; primary_regulated_object; action_consequence_level; identity_state; evidence_state; integrity_state; dependency_state; authority_state; approver_state; escalation_state; timing_state; accountability_state; no_bind_state; admissibility_state; source_system_reference; rationale_summary; generated_at_utc; expires_at_utc","approve; release; override; resolve_no_bind; execute_action; submit_regulatory_package; administer_dose; dispense; transfer_custody; sign_record; merge_identity; retire_identity; edit_source_record; dismiss_hold_without_reason; create_binding_authority","DISPLAY ONLY THE MINIMUM AUTHORIZED INFORMATION. MASK OR OMIT PERSONAL, CONFIDENTIAL, PROPRIETARY, SECURITY-SENSITIVE, OR REGULATED DATA NOT REQUIRED FOR THE CURRENT ASSURANCE DECISION.","THE DISPLAY CONTRACT EXPIRES WHEN ITS DECLARED EXPIRY TIME IS REACHED, WHEN SOURCE STATE CHANGES, WHEN AUTHORITY CHANGES, WHEN A NEW EVALUATION IS ISSUED, OR WHEN THE DISPLAY SESSION ENDS.","OFFLINE OR DISCONNECTED DISPLAY STATE MUST BE MARKED STALE OR UNKNOWN. CACHED STATE MUST NOT BE PRESENTED AS CURRENT AUTHORITY OR CURRENT APPROVAL.","RAMAT VISION MAY DISPLAY AUTHORITY ABSENT, NO-BIND STATE ACTIVE, ACTION HELD, ESCALATION REQUIRED, DOCUMENTED PAUSE CREATED, APPROVER UNAVAILABLE, HUMAN AUTHORITY REQUIRED, AND RELATED PLATFORM B1 EVALUATED STATES. RAMAT VISION MAY NOT RESOLVE THE HOLD.","DISPLAY / WITNESS ONLY. RAMAT VISION, THREAD D, THREAD D2, GLASSES, WEARABLES, DASHBOARDS, AND DEVICE WITNESSES HAVE NO ASSURANCE-DECISION, APPROVAL, RELEASE, OVERRIDE, RESOLUTION, EXECUTION, OR BINDING AUTHORITY.","PLATFORM B AND PLATFORM B1 MAY EVALUATE ASSURANCE STATE. QUALIFIED HUMANS AND AUTHORIZED ORGANIZATIONAL ROLES MAKE BINDING DECISIONS.","ACTION ADMISSIBILITY IS NOT EXECUTION. OFFICIAL EXECUTION OCCURS ONLY THROUGH THE AUTHORIZED HUMAN PROCESS AND GOVERNED SOURCE SYSTEM.","OFFICIAL RECORDS REMAIN IN GOVERNED SOURCE SYSTEMS. RAMAT VISION DISPLAYS REFERENCES AND EVALUATED STATE ONLY.","FICTIONAL AURORA-17 DATA, SYNTHETIC RECORDS, MOCK IDENTITIES, NO PHI, NO COMPANY PRODUCTION DATA, AND NO REAL REGULATED PRODUCTION INTEGRATION.","DESIGN-ONLY RAMAT LIFECYCLE DISPLAY CONTRACT","HUMAN DISPLAY-CONTRACT REVIEW REQUIRED","READY AFTER STEP 157 RAMAT LIFECYCLE DISPLAY MAP REVIEW"
"RAMAT-A17-15","A17-15","Cold-Chain Distribution and Custody Transfer","DISTRIBUTION","AURORA-17 shipment and custody chain","Authorize custody transfer and delivery to the treatment or pharmacy site.","CRITICAL","CHAIN-OF-CUSTODY AND COLD-CHAIN MODE","Shipment identity, custody sequence, temperature, carrier authority, location, delivery readiness, and time-critical decay window.","Do not transfer custody when product identity, condition, carrier, timing, or receiving authority is unresolved.","EVENT-DRIVEN REFRESH FOR LOCATION, CONDITION, CUSTODY, AND TIMING","TIMING INVALID; APPROVER UNAVAILABLE; ACTION HELD; DOCUMENTED PAUSE CREATED; ESCALATION REQUIRED","DISPLAY CANONICAL OBJECT IDENTITY, SOURCE BINDING, VERIFICATION STATE, AND CONFLICT STATE","DISPLAY EVIDENCE PRESENCE, PROVENANCE, HASH, REHASH, CURRENCY, AND SUFFICIENCY STATE","DISPLAY WORKFLOW DEPENDENCY AGREEMENT, UNKNOWN STATE, MISMATCH, HOLD, AND DELAY STATUS","DISPLAY AUTHORITY PRESENT, VALID, CURRENT, DELEGATED, IN-SCOPE, AND ACCOUNTABLE-HUMAN STATE","TIMING INVALID - DISPLAY DEADLINE, VALIDITY WINDOW, DECAY WINDOW, EXPIRY, AND TIME-CRITICAL RISK","HUMAN REVIEW REQUIRED - DISPLAY ACCOUNTABLE ROLE, APPROVER AVAILABILITY, RESPONSE WINDOW, AND ESCALATION ROUTE","NO-BIND OR HOLD STATE MAY BE DISPLAYED. DISPLAY REASON, ACTIVATION TIME, REQUIRED RESOLUTION, ESCALATION, AND HUMAN AUTHORITY PROMPT.","TMS, WMS, ERP, IoT platform, logistics portal, receiving system, and eQMS.","DISPLAY GOVERNED SOURCE-SYSTEM NAME, RECORD REFERENCE, RECORD VERSION, OBSERVED STATE, AND LAST-VERIFIED TIME. DO NOT DISPLAY RAMAT VISION AS THE SOURCE OF TRUTH.","STOP: GOVERNANCE HOLD ACTIVE. REVIEW THE DISPLAYED REASON, VERIFY EVIDENCE AND AUTHORITY, USE THE GOVERNED ESCALATION ROUTE, AND DO NOT PROCEED UNTIL AUTHORIZED RESOLUTION IS RECORDED.","display_contract_id; stage_id; stage_name; lifecycle_phase; primary_regulated_object; action_consequence_level; identity_state; evidence_state; integrity_state; dependency_state; authority_state; approver_state; escalation_state; timing_state; accountability_state; no_bind_state; admissibility_state; source_system_reference; rationale_summary; generated_at_utc; expires_at_utc","approve; release; override; resolve_no_bind; execute_action; submit_regulatory_package; administer_dose; dispense; transfer_custody; sign_record; merge_identity; retire_identity; edit_source_record; dismiss_hold_without_reason; create_binding_authority","DISPLAY ONLY THE MINIMUM AUTHORIZED INFORMATION. MASK OR OMIT PERSONAL, CONFIDENTIAL, PROPRIETARY, SECURITY-SENSITIVE, OR REGULATED DATA NOT REQUIRED FOR THE CURRENT ASSURANCE DECISION.","THE DISPLAY CONTRACT EXPIRES WHEN ITS DECLARED EXPIRY TIME IS REACHED, WHEN SOURCE STATE CHANGES, WHEN AUTHORITY CHANGES, WHEN A NEW EVALUATION IS ISSUED, OR WHEN THE DISPLAY SESSION ENDS.","OFFLINE OR DISCONNECTED DISPLAY STATE MUST BE MARKED STALE OR UNKNOWN. CACHED STATE MUST NOT BE PRESENTED AS CURRENT AUTHORITY OR CURRENT APPROVAL.","RAMAT VISION MAY DISPLAY AUTHORITY ABSENT, NO-BIND STATE ACTIVE, ACTION HELD, ESCALATION REQUIRED, DOCUMENTED PAUSE CREATED, APPROVER UNAVAILABLE, HUMAN AUTHORITY REQUIRED, AND RELATED PLATFORM B1 EVALUATED STATES. RAMAT VISION MAY NOT RESOLVE THE HOLD.","DISPLAY / WITNESS ONLY. RAMAT VISION, THREAD D, THREAD D2, GLASSES, WEARABLES, DASHBOARDS, AND DEVICE WITNESSES HAVE NO ASSURANCE-DECISION, APPROVAL, RELEASE, OVERRIDE, RESOLUTION, EXECUTION, OR BINDING AUTHORITY.","PLATFORM B AND PLATFORM B1 MAY EVALUATE ASSURANCE STATE. QUALIFIED HUMANS AND AUTHORIZED ORGANIZATIONAL ROLES MAKE BINDING DECISIONS.","ACTION ADMISSIBILITY IS NOT EXECUTION. OFFICIAL EXECUTION OCCURS ONLY THROUGH THE AUTHORIZED HUMAN PROCESS AND GOVERNED SOURCE SYSTEM.","OFFICIAL RECORDS REMAIN IN GOVERNED SOURCE SYSTEMS. RAMAT VISION DISPLAYS REFERENCES AND EVALUATED STATE ONLY.","FICTIONAL AURORA-17 DATA, SYNTHETIC RECORDS, MOCK IDENTITIES, NO PHI, NO COMPANY PRODUCTION DATA, AND NO REAL REGULATED PRODUCTION INTEGRATION.","DESIGN-ONLY RAMAT LIFECYCLE DISPLAY CONTRACT","HUMAN DISPLAY-CONTRACT REVIEW REQUIRED","READY AFTER STEP 157 RAMAT LIFECYCLE DISPLAY MAP REVIEW"
"RAMAT-A17-16","A17-16","Pharmacy Preparation, Patient-Specific Dose, and Administration Readiness","PHARMACY AND PATIENT USE","AURORA-17 patient-specific prepared dose","Determine whether the patient-specific dose is admissible for authorized administration.","CRITICAL","PATIENT-SPECIFIC DOSE AND COMPOUNDING ASSURANCE MODE","Mock patient identity, order, product, lot, dose calculation, preparation, label, pharmacist authority, administration window, and clinical readiness.","Identity, dose, label, pharmacist authority, and timing must agree before an authorized clinician may proceed.","EVENT-DRIVEN REFRESH FOR IDENTITY, DOSE, LABEL, AUTHORITY, AND TIMING","IDENTITY CONFLICT; NO-BIND STATE ACTIVE; ACTION HELD; HUMAN AUTHORITY REQUIRED; SOURCE-SYSTEM EXECUTION REQUIRED","IDENTITY CONFLICT ACTIVE - VERIFY CANONICAL OBJECT, SOURCE BINDING, ALIASES, AND PHYSICAL-DIGITAL BINDING","DISPLAY EVIDENCE PRESENCE, PROVENANCE, HASH, REHASH, CURRENCY, AND SUFFICIENCY STATE","DISPLAY WORKFLOW DEPENDENCY AGREEMENT, UNKNOWN STATE, MISMATCH, HOLD, AND DELAY STATUS","AUTHORITY DEFICIENCY ACTIVE - DISPLAY REQUIRED ROLE, CURRENT AUTHORITY STATE, SCOPE, VALIDITY, AND ESCALATION","DISPLAY CURRENT TIME, EVIDENCE CURRENCY, AUTHORITY VALIDITY, EXECUTION WINDOW, AND EXPIRY STATE","HUMAN REVIEW REQUIRED - DISPLAY ACCOUNTABLE ROLE, APPROVER AVAILABILITY, RESPONSE WINDOW, AND ESCALATION ROUTE","NO-BIND OR HOLD STATE MAY BE DISPLAYED. DISPLAY REASON, ACTIVATION TIME, REQUIRED RESOLUTION, ESCALATION, AND HUMAN AUTHORITY PROMPT.","Pharmacy management system, compounding or dose-preparation system, EHR, dose-management system, inventory system, and clinical administration record.","DISPLAY GOVERNED SOURCE-SYSTEM NAME, RECORD REFERENCE, RECORD VERSION, OBSERVED STATE, AND LAST-VERIFIED TIME. DO NOT DISPLAY RAMAT VISION AS THE SOURCE OF TRUTH.","STOP: GOVERNANCE HOLD ACTIVE. REVIEW THE DISPLAYED REASON, VERIFY EVIDENCE AND AUTHORITY, USE THE GOVERNED ESCALATION ROUTE, AND DO NOT PROCEED UNTIL AUTHORIZED RESOLUTION IS RECORDED.","display_contract_id; stage_id; stage_name; lifecycle_phase; primary_regulated_object; action_consequence_level; identity_state; evidence_state; integrity_state; dependency_state; authority_state; approver_state; escalation_state; timing_state; accountability_state; no_bind_state; admissibility_state; source_system_reference; rationale_summary; generated_at_utc; expires_at_utc","approve; release; override; resolve_no_bind; execute_action; submit_regulatory_package; administer_dose; dispense; transfer_custody; sign_record; merge_identity; retire_identity; edit_source_record; dismiss_hold_without_reason; create_binding_authority","DISPLAY ONLY THE MINIMUM AUTHORIZED INFORMATION. MASK OR OMIT PERSONAL, CONFIDENTIAL, PROPRIETARY, SECURITY-SENSITIVE, OR REGULATED DATA NOT REQUIRED FOR THE CURRENT ASSURANCE DECISION.","THE DISPLAY CONTRACT EXPIRES WHEN ITS DECLARED EXPIRY TIME IS REACHED, WHEN SOURCE STATE CHANGES, WHEN AUTHORITY CHANGES, WHEN A NEW EVALUATION IS ISSUED, OR WHEN THE DISPLAY SESSION ENDS.","OFFLINE OR DISCONNECTED DISPLAY STATE MUST BE MARKED STALE OR UNKNOWN. CACHED STATE MUST NOT BE PRESENTED AS CURRENT AUTHORITY OR CURRENT APPROVAL.","RAMAT VISION MAY DISPLAY AUTHORITY ABSENT, NO-BIND STATE ACTIVE, ACTION HELD, ESCALATION REQUIRED, DOCUMENTED PAUSE CREATED, APPROVER UNAVAILABLE, HUMAN AUTHORITY REQUIRED, AND RELATED PLATFORM B1 EVALUATED STATES. RAMAT VISION MAY NOT RESOLVE THE HOLD.","DISPLAY / WITNESS ONLY. RAMAT VISION, THREAD D, THREAD D2, GLASSES, WEARABLES, DASHBOARDS, AND DEVICE WITNESSES HAVE NO ASSURANCE-DECISION, APPROVAL, RELEASE, OVERRIDE, RESOLUTION, EXECUTION, OR BINDING AUTHORITY.","PLATFORM B AND PLATFORM B1 MAY EVALUATE ASSURANCE STATE. QUALIFIED HUMANS AND AUTHORIZED ORGANIZATIONAL ROLES MAKE BINDING DECISIONS.","ACTION ADMISSIBILITY IS NOT EXECUTION. OFFICIAL EXECUTION OCCURS ONLY THROUGH THE AUTHORIZED HUMAN PROCESS AND GOVERNED SOURCE SYSTEM.","OFFICIAL RECORDS REMAIN IN GOVERNED SOURCE SYSTEMS. RAMAT VISION DISPLAYS REFERENCES AND EVALUATED STATE ONLY.","FICTIONAL AURORA-17 DATA, SYNTHETIC RECORDS, MOCK IDENTITIES, NO PHI, NO COMPANY PRODUCTION DATA, AND NO REAL REGULATED PRODUCTION INTEGRATION.","DESIGN-ONLY RAMAT LIFECYCLE DISPLAY CONTRACT","HUMAN DISPLAY-CONTRACT REVIEW REQUIRED","READY AFTER STEP 157 RAMAT LIFECYCLE DISPLAY MAP REVIEW"
"RAMAT-A17-17","A17-17","Post-Market Safety, Complaint, Recall, and Lifecycle Reconstruction","POST-MARKET","AURORA-17 post-market evidence and product-lifecycle record","Authorize governed safety action, corrective action, field communication, or recall escalation.","CRITICAL","POST-MARKET SAFETY, CAPA, AND RECALL MODE","Safety signal, complaint, product identity, lot and serial traceability, investigation, CAPA, distribution history, escalation, and recall authority.","Critical safety or recall action requires identifiable authority, complete traceability, explicit escalation, and governed source-system execution.","REFRESH ON SAFETY, COMPLAINT, INVESTIGATION, CAPA, OR RECALL CHANGE","ESCALATION REQUIRED; HUMAN AUTHORITY REQUIRED; NO-BIND STATE ACTIVE; ACTION HELD; ACTION ADMISSIBLE","DISPLAY CANONICAL OBJECT IDENTITY, SOURCE BINDING, VERIFICATION STATE, AND CONFLICT STATE","DISPLAY EVIDENCE PRESENCE, PROVENANCE, HASH, REHASH, CURRENCY, AND SUFFICIENCY STATE","DISPLAY WORKFLOW DEPENDENCY AGREEMENT, UNKNOWN STATE, MISMATCH, HOLD, AND DELAY STATUS","AUTHORITY DEFICIENCY ACTIVE - DISPLAY REQUIRED ROLE, CURRENT AUTHORITY STATE, SCOPE, VALIDITY, AND ESCALATION","DISPLAY CURRENT TIME, EVIDENCE CURRENCY, AUTHORITY VALIDITY, EXECUTION WINDOW, AND EXPIRY STATE","HUMAN REVIEW REQUIRED - DISPLAY ACCOUNTABLE ROLE, APPROVER AVAILABILITY, RESPONSE WINDOW, AND ESCALATION ROUTE","NO-BIND OR HOLD STATE MAY BE DISPLAYED. DISPLAY REASON, ACTIVATION TIME, REQUIRED RESOLUTION, ESCALATION, AND HUMAN AUTHORITY PROMPT.","Safety system, complaint system, eQMS, serialization platform, ERP, EHR references, regulatory system, and recall repository.","DISPLAY GOVERNED SOURCE-SYSTEM NAME, RECORD REFERENCE, RECORD VERSION, OBSERVED STATE, AND LAST-VERIFIED TIME. DO NOT DISPLAY RAMAT VISION AS THE SOURCE OF TRUTH.","STOP: GOVERNANCE HOLD ACTIVE. REVIEW THE DISPLAYED REASON, VERIFY EVIDENCE AND AUTHORITY, USE THE GOVERNED ESCALATION ROUTE, AND DO NOT PROCEED UNTIL AUTHORIZED RESOLUTION IS RECORDED.","display_contract_id; stage_id; stage_name; lifecycle_phase; primary_regulated_object; action_consequence_level; identity_state; evidence_state; integrity_state; dependency_state; authority_state; approver_state; escalation_state; timing_state; accountability_state; no_bind_state; admissibility_state; source_system_reference; rationale_summary; generated_at_utc; expires_at_utc","approve; release; override; resolve_no_bind; execute_action; submit_regulatory_package; administer_dose; dispense; transfer_custody; sign_record; merge_identity; retire_identity; edit_source_record; dismiss_hold_without_reason; create_binding_authority","DISPLAY ONLY THE MINIMUM AUTHORIZED INFORMATION. MASK OR OMIT PERSONAL, CONFIDENTIAL, PROPRIETARY, SECURITY-SENSITIVE, OR REGULATED DATA NOT REQUIRED FOR THE CURRENT ASSURANCE DECISION.","THE DISPLAY CONTRACT EXPIRES WHEN ITS DECLARED EXPIRY TIME IS REACHED, WHEN SOURCE STATE CHANGES, WHEN AUTHORITY CHANGES, WHEN A NEW EVALUATION IS ISSUED, OR WHEN THE DISPLAY SESSION ENDS.","OFFLINE OR DISCONNECTED DISPLAY STATE MUST BE MARKED STALE OR UNKNOWN. CACHED STATE MUST NOT BE PRESENTED AS CURRENT AUTHORITY OR CURRENT APPROVAL.","RAMAT VISION MAY DISPLAY AUTHORITY ABSENT, NO-BIND STATE ACTIVE, ACTION HELD, ESCALATION REQUIRED, DOCUMENTED PAUSE CREATED, APPROVER UNAVAILABLE, HUMAN AUTHORITY REQUIRED, AND RELATED PLATFORM B1 EVALUATED STATES. RAMAT VISION MAY NOT RESOLVE THE HOLD.","DISPLAY / WITNESS ONLY. RAMAT VISION, THREAD D, THREAD D2, GLASSES, WEARABLES, DASHBOARDS, AND DEVICE WITNESSES HAVE NO ASSURANCE-DECISION, APPROVAL, RELEASE, OVERRIDE, RESOLUTION, EXECUTION, OR BINDING AUTHORITY.","PLATFORM B AND PLATFORM B1 MAY EVALUATE ASSURANCE STATE. QUALIFIED HUMANS AND AUTHORIZED ORGANIZATIONAL ROLES MAKE BINDING DECISIONS.","ACTION ADMISSIBILITY IS NOT EXECUTION. OFFICIAL EXECUTION OCCURS ONLY THROUGH THE AUTHORIZED HUMAN PROCESS AND GOVERNED SOURCE SYSTEM.","OFFICIAL RECORDS REMAIN IN GOVERNED SOURCE SYSTEMS. RAMAT VISION DISPLAYS REFERENCES AND EVALUATED STATE ONLY.","FICTIONAL AURORA-17 DATA, SYNTHETIC RECORDS, MOCK IDENTITIES, NO PHI, NO COMPANY PRODUCTION DATA, AND NO REAL REGULATED PRODUCTION INTEGRATION.","DESIGN-ONLY RAMAT LIFECYCLE DISPLAY CONTRACT","HUMAN DISPLAY-CONTRACT REVIEW REQUIRED","READY AFTER STEP 157 RAMAT LIFECYCLE DISPLAY MAP REVIEW"
