"PackId","PackName","IndustryDomain","StrategicPriority","PrimaryAssuranceProblem","RegulatedOrCriticalObjects","CriticalDependencies","EvidenceSources","OfficialSourceSystems","HumanAuthority","AssurancePatterns","RepresentativeUseCases","LifeSciencesCoreReference","PlatformAApplication","PlatformBv1Application","PlatformB1Application","ThreadCApplication","ThreadDv1Application","ThreadD2Application","AssuranceOSApplication","DecisionBoundary","DisplayBoundary","SourceOfTruthBoundary","DataBoundary","PackStatus","MaturityStatement","Step152ReviewStatus","Step153Readiness"
"PACK-001","AI Governance and Autonomous Systems Assurance Pack","ENTERPRISE AI GOVERNANCE","PRIORITY CROSS-INDUSTRY EXTENSION","AI systems and autonomous agents may recommend, initiate, or coordinate actions without sufficient identity, approved purpose, evidence, authority, tool-call accountability, escalation, or human oversight.","AI model; agent identity; approved use case; prompt; policy; tool call; recommendation; action request; authority record; evidence package; human review; escalation; and outcome.","Model registration; agent identity; approved purpose; data provenance; tool permissions; authority scope; action consequence; approver availability; escalation route; pre-authorization; evidence sufficiency; and monitoring.","Model registry records; agent logs; prompt and response evidence; tool-call logs; policy evaluations; approval records; identity records; escalation records; monitoring evidence; and incident records.","AI registries, identity platforms, workflow systems, security platforms, ticketing systems, governance repositories, and approved business systems.","AI system owner, model owner, process owner, risk owner, security authority, legal or compliance authority, governance board, and authorized approver.","Agent identity; authority before execution; No-Bind Governance; tool-call evidence; human accountability map; evidence at time of action; agent risk passport; and action-admissibility assurance.","Autonomous-agent action hold; unavailable approver; unauthorized tool call; model outside approved use; agent-to-agent delegation; silent alert; and AI action reconstruction.","Derived from reusable Assurance Engineering patterns established in the Step 151 Life-Sciences Assurance Environment Register. The life-sciences core remains preserved and is not replaced.","Registers the use case, critical objects, stakeholders, risk context, system inventory, and governance ownership.","Uses only the frozen six-capability Platform B v1 core where applicable: AI Use Case Registry, Assurance Check API, Evidence Upload, Operational Trust Score, Action Admissibility Record, and Wearable Endpoint Simulator.","Evaluates advanced assurance conditions including evidence integrity, identity, workflow dependencies, source agreement, authority, No-Bind state, chain of custody, reconstruction, and inspection or audit readiness.","Translates verified cross-industry lessons into Assurance Engineering doctrine, research, publications, teaching material, and case studies.","May display or witness Platform B v1 assurance state through the locked Thread D v1 connector. It has no decision or execution authority.","May display Platform B1 evaluated state through RAMAT Vision or another authorized interface. It remains preview-only and DISPLAY / WITNESS ONLY.","Uses shared evidence integrity, hashing, rehashing, provenance, identity, authority, chain-of-custody, dependency, No-Bind, and governance schemas.","Platform B or Platform B1 may evaluate assurance state. Qualified humans and authorized organizational roles make binding decisions.","Thread D, Thread D2, RAMAT Vision, glasses, wearables, dashboards, and device witnesses may display or witness state but may not approve, release, override, resolve, or execute critical actions.","Official records remain in governed source systems. COBIT-Chain may reference, hash, seal, evaluate, reconstruct, or display evidence but does not replace the official record.","Simulator-first, mock-data-first, and local-validation-first. No PHI, classified data, company production data, payment-card data, customer secrets, or real critical-production integration is authorized by this register.","REGISTERED CROSS-INDUSTRY ASSURANCE PACK BASELINE","Pack registration is not implementation proof, production readiness, regulatory validation, certification, or operational release.","HUMAN PACK REVIEW REQUIRED","READY AFTER STEP 152 CROSS-INDUSTRY PACK REGISTER REVIEW"
"PACK-002","Healthcare Delivery and Patient Safety Assurance Pack","HEALTHCARE DELIVERY","PRIORITY CROSS-INDUSTRY EXTENSION","Clinical and patient-support workflows may influence care while identity, clinical context, evidence, authorization, escalation, and human accountability remain incomplete or inconsistent.","Patient identity; encounter; order; result; medication; recommendation; clinical alert; care plan; review; escalation; and documented decision.","Patient matching; clinician identity; order status; result status; approved use; clinical context; alert routing; escalation; review; documentation; and follow-up.","Clinical records; order records; result records; medication records; decision-support logs; alert evidence; clinician review; escalation records; and patient-safety records.","EHR, LIS, RIS, PACS, pharmacy systems, clinical decision-support systems, patient-support platforms, and patient-safety systems.","Licensed clinician, pharmacist, medical authority, patient-safety personnel, clinical operations, privacy authority, and authorized healthcare organization.","Patient identity integrity; workflow dependency assurance; source agreement; authority-before-action; No-Bind state; clinical review accountability; and defensible decision reconstruction.","Result verified but held; patient mismatch; medication-order conflict; AI recommendation requiring clinician review; alert escalation failure; and patient-safety event reconstruction.","Derived from reusable Assurance Engineering patterns established in the Step 151 Life-Sciences Assurance Environment Register. The life-sciences core remains preserved and is not replaced.","Registers the use case, critical objects, stakeholders, risk context, system inventory, and governance ownership.","Uses only the frozen six-capability Platform B v1 core where applicable: AI Use Case Registry, Assurance Check API, Evidence Upload, Operational Trust Score, Action Admissibility Record, and Wearable Endpoint Simulator.","Evaluates advanced assurance conditions including evidence integrity, identity, workflow dependencies, source agreement, authority, No-Bind state, chain of custody, reconstruction, and inspection or audit readiness.","Translates verified cross-industry lessons into Assurance Engineering doctrine, research, publications, teaching material, and case studies.","May display or witness Platform B v1 assurance state through the locked Thread D v1 connector. It has no decision or execution authority.","May display Platform B1 evaluated state through RAMAT Vision or another authorized interface. It remains preview-only and DISPLAY / WITNESS ONLY.","Uses shared evidence integrity, hashing, rehashing, provenance, identity, authority, chain-of-custody, dependency, No-Bind, and governance schemas.","Platform B or Platform B1 may evaluate assurance state. Qualified humans and authorized organizational roles make binding decisions.","Thread D, Thread D2, RAMAT Vision, glasses, wearables, dashboards, and device witnesses may display or witness state but may not approve, release, override, resolve, or execute critical actions.","Official records remain in governed source systems. COBIT-Chain may reference, hash, seal, evaluate, reconstruct, or display evidence but does not replace the official record.","Simulator-first, mock-data-first, and local-validation-first. No PHI, classified data, company production data, payment-card data, customer secrets, or real critical-production integration is authorized by this register.","REGISTERED CROSS-INDUSTRY ASSURANCE PACK BASELINE","Pack registration is not implementation proof, production readiness, regulatory validation, certification, or operational release.","HUMAN PACK REVIEW REQUIRED","READY AFTER STEP 152 CROSS-INDUSTRY PACK REGISTER REVIEW"
"PACK-003","Medical Device and Diagnostic Assurance Pack","MEDICAL DEVICES AND DIAGNOSTICS","PRIORITY CROSS-INDUSTRY EXTENSION","Device, diagnostic, and software-enabled decisions depend on configuration, calibration, software version, cybersecurity, patient identity, result integrity, human review, and post-market evidence.","Device identity; software version; configuration; calibration; patient association; sample; diagnostic result; alarm; service record; complaint; and corrective action.","Device registration; qualification; calibration; maintenance; software integrity; cybersecurity state; patient or sample identity; interface state; review; complaint handling; and field-action governance.","Device logs; service records; calibration evidence; software records; diagnostic data; interface logs; complaint records; post-market surveillance; cybersecurity evidence; and corrective-action records.","Device-management systems, diagnostic systems, LIMS, EHR, service platforms, quality systems, complaint systems, and regulatory repositories.","Clinician, laboratory professional, biomedical engineer, device owner, manufacturer quality personnel, cybersecurity authority, and regulatory authority.","Device identity assurance; configuration integrity; calibration dependency; result provenance; cybersecurity hold; chain-of-custody truth; and complaint-to-CAPA traceability.","Device software mismatch; overdue calibration; diagnostic result mismatch; cybersecurity vulnerability hold; complaint reconstruction; and field-correction evidence.","Derived from reusable Assurance Engineering patterns established in the Step 151 Life-Sciences Assurance Environment Register. The life-sciences core remains preserved and is not replaced.","Registers the use case, critical objects, stakeholders, risk context, system inventory, and governance ownership.","Uses only the frozen six-capability Platform B v1 core where applicable: AI Use Case Registry, Assurance Check API, Evidence Upload, Operational Trust Score, Action Admissibility Record, and Wearable Endpoint Simulator.","Evaluates advanced assurance conditions including evidence integrity, identity, workflow dependencies, source agreement, authority, No-Bind state, chain of custody, reconstruction, and inspection or audit readiness.","Translates verified cross-industry lessons into Assurance Engineering doctrine, research, publications, teaching material, and case studies.","May display or witness Platform B v1 assurance state through the locked Thread D v1 connector. It has no decision or execution authority.","May display Platform B1 evaluated state through RAMAT Vision or another authorized interface. It remains preview-only and DISPLAY / WITNESS ONLY.","Uses shared evidence integrity, hashing, rehashing, provenance, identity, authority, chain-of-custody, dependency, No-Bind, and governance schemas.","Platform B or Platform B1 may evaluate assurance state. Qualified humans and authorized organizational roles make binding decisions.","Thread D, Thread D2, RAMAT Vision, glasses, wearables, dashboards, and device witnesses may display or witness state but may not approve, release, override, resolve, or execute critical actions.","Official records remain in governed source systems. COBIT-Chain may reference, hash, seal, evaluate, reconstruct, or display evidence but does not replace the official record.","Simulator-first, mock-data-first, and local-validation-first. No PHI, classified data, company production data, payment-card data, customer secrets, or real critical-production integration is authorized by this register.","REGISTERED CROSS-INDUSTRY ASSURANCE PACK BASELINE","Pack registration is not implementation proof, production readiness, regulatory validation, certification, or operational release.","HUMAN PACK REVIEW REQUIRED","READY AFTER STEP 152 CROSS-INDUSTRY PACK REGISTER REVIEW"
"PACK-004","Financial Services and Payments Assurance Pack","FINANCIAL SERVICES","CONTROLLED CROSS-INDUSTRY EXTENSION","Financial decisions and transactions may execute while customer identity, authority, limits, fraud signals, model governance, approvals, settlement, or audit evidence remain incomplete.","Customer; account; transaction; payment; beneficiary; model decision; limit; approval; fraud alert; settlement record; and regulatory report.","Identity verification; authentication; account status; transaction limits; sanctions screening; fraud monitoring; approval authority; segregation of duties; settlement state; reconciliation; and reporting.","Transaction logs; authentication records; screening results; fraud alerts; approval records; model evidence; reconciliation records; settlement evidence; case records; and audit trails.","Core banking systems, payment platforms, fraud systems, AML systems, identity platforms, general ledger, case management, and regulatory reporting systems.","Account owner, operations authority, fraud investigator, compliance officer, risk owner, finance authority, and authorized transaction approver.","Identity assurance; transaction admissibility; authority verification; segregation-of-duties assurance; No-Bind hold; evidence integrity; and transaction reconstruction.","High-risk payment hold; unavailable approver; beneficiary mismatch; fraud alert conflict; model-driven credit decision review; and settlement reconciliation failure.","Derived from reusable Assurance Engineering patterns established in the Step 151 Life-Sciences Assurance Environment Register. The life-sciences core remains preserved and is not replaced.","Registers the use case, critical objects, stakeholders, risk context, system inventory, and governance ownership.","Uses only the frozen six-capability Platform B v1 core where applicable: AI Use Case Registry, Assurance Check API, Evidence Upload, Operational Trust Score, Action Admissibility Record, and Wearable Endpoint Simulator.","Evaluates advanced assurance conditions including evidence integrity, identity, workflow dependencies, source agreement, authority, No-Bind state, chain of custody, reconstruction, and inspection or audit readiness.","Translates verified cross-industry lessons into Assurance Engineering doctrine, research, publications, teaching material, and case studies.","May display or witness Platform B v1 assurance state through the locked Thread D v1 connector. It has no decision or execution authority.","May display Platform B1 evaluated state through RAMAT Vision or another authorized interface. It remains preview-only and DISPLAY / WITNESS ONLY.","Uses shared evidence integrity, hashing, rehashing, provenance, identity, authority, chain-of-custody, dependency, No-Bind, and governance schemas.","Platform B or Platform B1 may evaluate assurance state. Qualified humans and authorized organizational roles make binding decisions.","Thread D, Thread D2, RAMAT Vision, glasses, wearables, dashboards, and device witnesses may display or witness state but may not approve, release, override, resolve, or execute critical actions.","Official records remain in governed source systems. COBIT-Chain may reference, hash, seal, evaluate, reconstruct, or display evidence but does not replace the official record.","Simulator-first, mock-data-first, and local-validation-first. No PHI, classified data, company production data, payment-card data, customer secrets, or real critical-production integration is authorized by this register.","REGISTERED CROSS-INDUSTRY ASSURANCE PACK BASELINE","Pack registration is not implementation proof, production readiness, regulatory validation, certification, or operational release.","HUMAN PACK REVIEW REQUIRED","READY AFTER STEP 152 CROSS-INDUSTRY PACK REGISTER REVIEW"
"PACK-005","Public Sector and Critical Government Services Assurance Pack","PUBLIC SECTOR","CONTROLLED CROSS-INDUSTRY EXTENSION","Government decisions and public services require defensible identity, eligibility, authority, evidence, fairness, review, appeal, security, and public accountability.","Citizen or resident identity; application; benefit; license; permit; case; decision; eligibility rule; evidence; appeal; and public record.","Identity; eligibility; statutory authority; evidence sufficiency; decision rule; caseworker review; segregation of duties; appeal route; privacy; security; records retention; and public accountability.","Application records; identity evidence; eligibility records; policy evaluations; caseworker actions; decision notices; appeal records; audit logs; security evidence; and public-record evidence.","Case-management systems, identity systems, benefit systems, licensing systems, document repositories, records-management systems, and public-sector audit platforms.","Authorized public official, caseworker, program owner, legal authority, privacy authority, appeals authority, inspector, and accountable agency.","Identity integrity; statutory-authority verification; eligibility evidence; fairness and accountability traceability; No-Bind governance; appeal readiness; and public-decision reconstruction.","Benefit eligibility decision; permit approval; automated decision review; missing statutory authority; unavailable approver; appeal reconstruction; and public-record consistency.","Derived from reusable Assurance Engineering patterns established in the Step 151 Life-Sciences Assurance Environment Register. The life-sciences core remains preserved and is not replaced.","Registers the use case, critical objects, stakeholders, risk context, system inventory, and governance ownership.","Uses only the frozen six-capability Platform B v1 core where applicable: AI Use Case Registry, Assurance Check API, Evidence Upload, Operational Trust Score, Action Admissibility Record, and Wearable Endpoint Simulator.","Evaluates advanced assurance conditions including evidence integrity, identity, workflow dependencies, source agreement, authority, No-Bind state, chain of custody, reconstruction, and inspection or audit readiness.","Translates verified cross-industry lessons into Assurance Engineering doctrine, research, publications, teaching material, and case studies.","May display or witness Platform B v1 assurance state through the locked Thread D v1 connector. It has no decision or execution authority.","May display Platform B1 evaluated state through RAMAT Vision or another authorized interface. It remains preview-only and DISPLAY / WITNESS ONLY.","Uses shared evidence integrity, hashing, rehashing, provenance, identity, authority, chain-of-custody, dependency, No-Bind, and governance schemas.","Platform B or Platform B1 may evaluate assurance state. Qualified humans and authorized organizational roles make binding decisions.","Thread D, Thread D2, RAMAT Vision, glasses, wearables, dashboards, and device witnesses may display or witness state but may not approve, release, override, resolve, or execute critical actions.","Official records remain in governed source systems. COBIT-Chain may reference, hash, seal, evaluate, reconstruct, or display evidence but does not replace the official record.","Simulator-first, mock-data-first, and local-validation-first. No PHI, classified data, company production data, payment-card data, customer secrets, or real critical-production integration is authorized by this register.","REGISTERED CROSS-INDUSTRY ASSURANCE PACK BASELINE","Pack registration is not implementation proof, production readiness, regulatory validation, certification, or operational release.","HUMAN PACK REVIEW REQUIRED","READY AFTER STEP 152 CROSS-INDUSTRY PACK REGISTER REVIEW"
"PACK-006","Aerospace, Aviation, and Defense Assurance Pack","AEROSPACE AND AVIATION","CONTROLLED CROSS-INDUSTRY EXTENSION","Safety-critical missions and operations depend on configuration, maintenance, airworthiness, authorization, software integrity, parts genealogy, human review, and operational evidence.","Aircraft or platform; component; software load; configuration; work order; maintenance action; inspection; mission authorization; flight release; and incident.","Asset identity; approved configuration; parts traceability; maintenance status; inspection; software version; personnel qualification; weather or mission state; authorization; release; and incident escalation.","Maintenance records; parts records; configuration evidence; software records; inspection evidence; qualification records; mission logs; flight records; authorization records; and incident evidence.","Maintenance systems, configuration-management systems, logistics systems, flight-operation systems, mission systems, safety systems, and approved repositories.","Licensed engineer, maintenance authority, flight authority, safety authority, mission commander, quality authority, and authorized release personnel.","Configuration integrity; parts genealogy; maintenance dependency assurance; authority-before-release; evidence integrity; No-Bind hold; and mission or flight reconstruction.","Unapproved software load; maintenance incomplete; counterfeit-part concern; expired qualification; flight-release hold; mission-authority gap; and incident reconstruction.","Derived from reusable Assurance Engineering patterns established in the Step 151 Life-Sciences Assurance Environment Register. The life-sciences core remains preserved and is not replaced.","Registers the use case, critical objects, stakeholders, risk context, system inventory, and governance ownership.","Uses only the frozen six-capability Platform B v1 core where applicable: AI Use Case Registry, Assurance Check API, Evidence Upload, Operational Trust Score, Action Admissibility Record, and Wearable Endpoint Simulator.","Evaluates advanced assurance conditions including evidence integrity, identity, workflow dependencies, source agreement, authority, No-Bind state, chain of custody, reconstruction, and inspection or audit readiness.","Translates verified cross-industry lessons into Assurance Engineering doctrine, research, publications, teaching material, and case studies.","May display or witness Platform B v1 assurance state through the locked Thread D v1 connector. It has no decision or execution authority.","May display Platform B1 evaluated state through RAMAT Vision or another authorized interface. It remains preview-only and DISPLAY / WITNESS ONLY.","Uses shared evidence integrity, hashing, rehashing, provenance, identity, authority, chain-of-custody, dependency, No-Bind, and governance schemas.","Platform B or Platform B1 may evaluate assurance state. Qualified humans and authorized organizational roles make binding decisions.","Thread D, Thread D2, RAMAT Vision, glasses, wearables, dashboards, and device witnesses may display or witness state but may not approve, release, override, resolve, or execute critical actions.","Official records remain in governed source systems. COBIT-Chain may reference, hash, seal, evaluate, reconstruct, or display evidence but does not replace the official record.","Simulator-first, mock-data-first, and local-validation-first. No PHI, classified data, company production data, payment-card data, customer secrets, or real critical-production integration is authorized by this register.","REGISTERED CROSS-INDUSTRY ASSURANCE PACK BASELINE","Pack registration is not implementation proof, production readiness, regulatory validation, certification, or operational release.","HUMAN PACK REVIEW REQUIRED","READY AFTER STEP 152 CROSS-INDUSTRY PACK REGISTER REVIEW"
"PACK-007","Energy, Utilities, and Critical Infrastructure Assurance Pack","ENERGY AND UTILITIES","CONTROLLED CROSS-INDUSTRY EXTENSION","Critical infrastructure operations depend on equipment state, grid or process state, maintenance, cybersecurity, alarms, operator authority, environmental conditions, and emergency escalation.","Plant; grid asset; control system; equipment; sensor; alarm; work order; dispatch instruction; operator action; incident; and restoration record.","Asset identity; operational state; maintenance; calibration; network state; cybersecurity status; alarm state; operator qualification; dispatch authority; emergency procedure; and restoration approval.","SCADA events; historian records; maintenance records; alarm histories; operator actions; network logs; cybersecurity evidence; dispatch records; incident records; and restoration evidence.","SCADA, EMS, DMS, historians, asset-management systems, maintenance systems, security platforms, outage systems, and regulatory repositories.","Control-room operator, grid authority, plant authority, maintenance authority, cybersecurity authority, safety authority, and emergency-management authority.","Operational-state assurance; equipment dependency assurance; historian truth; cybersecurity hold; operator authority; chain-of-event reconstruction; and restoration admissibility.","Grid dispatch conflict; alarm not acknowledged; equipment maintenance hold; cybersecurity compromise; sensor mismatch; emergency override; and outage restoration verification.","Derived from reusable Assurance Engineering patterns established in the Step 151 Life-Sciences Assurance Environment Register. The life-sciences core remains preserved and is not replaced.","Registers the use case, critical objects, stakeholders, risk context, system inventory, and governance ownership.","Uses only the frozen six-capability Platform B v1 core where applicable: AI Use Case Registry, Assurance Check API, Evidence Upload, Operational Trust Score, Action Admissibility Record, and Wearable Endpoint Simulator.","Evaluates advanced assurance conditions including evidence integrity, identity, workflow dependencies, source agreement, authority, No-Bind state, chain of custody, reconstruction, and inspection or audit readiness.","Translates verified cross-industry lessons into Assurance Engineering doctrine, research, publications, teaching material, and case studies.","May display or witness Platform B v1 assurance state through the locked Thread D v1 connector. It has no decision or execution authority.","May display Platform B1 evaluated state through RAMAT Vision or another authorized interface. It remains preview-only and DISPLAY / WITNESS ONLY.","Uses shared evidence integrity, hashing, rehashing, provenance, identity, authority, chain-of-custody, dependency, No-Bind, and governance schemas.","Platform B or Platform B1 may evaluate assurance state. Qualified humans and authorized organizational roles make binding decisions.","Thread D, Thread D2, RAMAT Vision, glasses, wearables, dashboards, and device witnesses may display or witness state but may not approve, release, override, resolve, or execute critical actions.","Official records remain in governed source systems. COBIT-Chain may reference, hash, seal, evaluate, reconstruct, or display evidence but does not replace the official record.","Simulator-first, mock-data-first, and local-validation-first. No PHI, classified data, company production data, payment-card data, customer secrets, or real critical-production integration is authorized by this register.","REGISTERED CROSS-INDUSTRY ASSURANCE PACK BASELINE","Pack registration is not implementation proof, production readiness, regulatory validation, certification, or operational release.","HUMAN PACK REVIEW REQUIRED","READY AFTER STEP 152 CROSS-INDUSTRY PACK REGISTER REVIEW"
"PACK-008","Automotive, Mobility, and Transportation Assurance Pack","AUTOMOTIVE AND TRANSPORTATION","CONTROLLED CROSS-INDUSTRY EXTENSION","Connected and autonomous transportation depends on vehicle identity, software version, sensor state, maintenance, operator authority, route context, safety controls, and incident evidence.","Vehicle; component; software version; sensor; driver or operator; route; maintenance action; autonomous decision; safety event; and recall.","Vehicle identity; approved software; sensor integrity; maintenance status; driver qualification; operating domain; connectivity; cybersecurity; fallback state; emergency escalation; and recall status.","Vehicle logs; software records; sensor evidence; maintenance records; driver records; telematics; cybersecurity evidence; incident records; recall records; and investigation evidence.","Vehicle platforms, fleet systems, telematics systems, maintenance systems, software-management systems, safety systems, and recall repositories.","Driver or operator, fleet owner, safety authority, maintenance authority, manufacturer engineering, cybersecurity authority, and transportation regulator.","Vehicle identity; software configuration integrity; sensor truth; operating-domain assurance; autonomous-action admissibility; No-Bind fallback; and incident reconstruction.","Autonomous feature outside approved domain; sensor disagreement; unapproved software update; maintenance overdue; driver handoff failure; cybersecurity hold; and recall traceability.","Derived from reusable Assurance Engineering patterns established in the Step 151 Life-Sciences Assurance Environment Register. The life-sciences core remains preserved and is not replaced.","Registers the use case, critical objects, stakeholders, risk context, system inventory, and governance ownership.","Uses only the frozen six-capability Platform B v1 core where applicable: AI Use Case Registry, Assurance Check API, Evidence Upload, Operational Trust Score, Action Admissibility Record, and Wearable Endpoint Simulator.","Evaluates advanced assurance conditions including evidence integrity, identity, workflow dependencies, source agreement, authority, No-Bind state, chain of custody, reconstruction, and inspection or audit readiness.","Translates verified cross-industry lessons into Assurance Engineering doctrine, research, publications, teaching material, and case studies.","May display or witness Platform B v1 assurance state through the locked Thread D v1 connector. It has no decision or execution authority.","May display Platform B1 evaluated state through RAMAT Vision or another authorized interface. It remains preview-only and DISPLAY / WITNESS ONLY.","Uses shared evidence integrity, hashing, rehashing, provenance, identity, authority, chain-of-custody, dependency, No-Bind, and governance schemas.","Platform B or Platform B1 may evaluate assurance state. Qualified humans and authorized organizational roles make binding decisions.","Thread D, Thread D2, RAMAT Vision, glasses, wearables, dashboards, and device witnesses may display or witness state but may not approve, release, override, resolve, or execute critical actions.","Official records remain in governed source systems. COBIT-Chain may reference, hash, seal, evaluate, reconstruct, or display evidence but does not replace the official record.","Simulator-first, mock-data-first, and local-validation-first. No PHI, classified data, company production data, payment-card data, customer secrets, or real critical-production integration is authorized by this register.","REGISTERED CROSS-INDUSTRY ASSURANCE PACK BASELINE","Pack registration is not implementation proof, production readiness, regulatory validation, certification, or operational release.","HUMAN PACK REVIEW REQUIRED","READY AFTER STEP 152 CROSS-INDUSTRY PACK REGISTER REVIEW"
"PACK-009","Food, Agriculture, and Cold-Chain Assurance Pack","FOOD AND AGRICULTURE","CONTROLLED CROSS-INDUSTRY EXTENSION","Food and agricultural products require traceable identity, origin, handling, temperature, processing, testing, custody, release, and recall evidence.","Farm or supplier; ingredient; lot; shipment; processing batch; test result; temperature record; custody event; finished product; and recall.","Supplier authorization; lot identity; origin; processing state; sanitation; temperature; laboratory result; storage; transport; custody; release; and recall readiness.","Supplier records; lot records; production records; laboratory evidence; temperature logs; transport records; custody events; sanitation records; release evidence; and recall records.","ERP, warehouse systems, manufacturing systems, laboratory systems, cold-chain platforms, logistics systems, quality systems, and traceability repositories.","Food-safety authority, quality authority, production owner, laboratory reviewer, warehouse authority, logistics authority, and recall coordinator.","Lot genealogy; cold-chain integrity; chain-of-custody truth; supplier assurance; test-result provenance; release dependency assurance; and recall reconstruction.","Temperature excursion; supplier-status conflict; lot mismatch; laboratory hold; sanitation evidence gap; shipment custody break; and recall reconstruction.","Derived from reusable Assurance Engineering patterns established in the Step 151 Life-Sciences Assurance Environment Register. The life-sciences core remains preserved and is not replaced.","Registers the use case, critical objects, stakeholders, risk context, system inventory, and governance ownership.","Uses only the frozen six-capability Platform B v1 core where applicable: AI Use Case Registry, Assurance Check API, Evidence Upload, Operational Trust Score, Action Admissibility Record, and Wearable Endpoint Simulator.","Evaluates advanced assurance conditions including evidence integrity, identity, workflow dependencies, source agreement, authority, No-Bind state, chain of custody, reconstruction, and inspection or audit readiness.","Translates verified cross-industry lessons into Assurance Engineering doctrine, research, publications, teaching material, and case studies.","May display or witness Platform B v1 assurance state through the locked Thread D v1 connector. It has no decision or execution authority.","May display Platform B1 evaluated state through RAMAT Vision or another authorized interface. It remains preview-only and DISPLAY / WITNESS ONLY.","Uses shared evidence integrity, hashing, rehashing, provenance, identity, authority, chain-of-custody, dependency, No-Bind, and governance schemas.","Platform B or Platform B1 may evaluate assurance state. Qualified humans and authorized organizational roles make binding decisions.","Thread D, Thread D2, RAMAT Vision, glasses, wearables, dashboards, and device witnesses may display or witness state but may not approve, release, override, resolve, or execute critical actions.","Official records remain in governed source systems. COBIT-Chain may reference, hash, seal, evaluate, reconstruct, or display evidence but does not replace the official record.","Simulator-first, mock-data-first, and local-validation-first. No PHI, classified data, company production data, payment-card data, customer secrets, or real critical-production integration is authorized by this register.","REGISTERED CROSS-INDUSTRY ASSURANCE PACK BASELINE","Pack registration is not implementation proof, production readiness, regulatory validation, certification, or operational release.","HUMAN PACK REVIEW REQUIRED","READY AFTER STEP 152 CROSS-INDUSTRY PACK REGISTER REVIEW"
"PACK-010","Global Supply Chain and Logistics Assurance Pack","SUPPLY CHAIN AND LOGISTICS","PRIORITY CROSS-INDUSTRY EXTENSION","Global supply chains require defensible identity, ownership, custody, condition, authorization, location, transfer, exception, and delivery evidence across partners.","Supplier; trading partner; item; lot; serial number; shipment; container; custody event; condition record; delivery; exception; and recall.","Partner identity; item identity; origin; authorization; shipment state; custody transfer; environmental condition; customs status; delivery confirmation; exception handling; and recall.","Purchase records; serialization records; shipment records; IoT evidence; custody records; customs evidence; partner records; condition logs; delivery evidence; and exception records.","ERP, WMS, TMS, serialization systems, partner gateways, IoT platforms, customs systems, quality systems, and logistics repositories.","Supply-chain owner, logistics authority, customs authority, quality authority, trading-partner authority, investigator, and recall coordinator.","Object identity; trading-partner assurance; chain-of-custody truth; condition integrity; transfer admissibility; exception governance; and end-to-end reconstruction.","Unauthorized supplier; custody break; location mismatch; temperature excursion; counterfeit concern; customs hold; delivery dispute; and recall traceability.","Derived from reusable Assurance Engineering patterns established in the Step 151 Life-Sciences Assurance Environment Register. The life-sciences core remains preserved and is not replaced.","Registers the use case, critical objects, stakeholders, risk context, system inventory, and governance ownership.","Uses only the frozen six-capability Platform B v1 core where applicable: AI Use Case Registry, Assurance Check API, Evidence Upload, Operational Trust Score, Action Admissibility Record, and Wearable Endpoint Simulator.","Evaluates advanced assurance conditions including evidence integrity, identity, workflow dependencies, source agreement, authority, No-Bind state, chain of custody, reconstruction, and inspection or audit readiness.","Translates verified cross-industry lessons into Assurance Engineering doctrine, research, publications, teaching material, and case studies.","May display or witness Platform B v1 assurance state through the locked Thread D v1 connector. It has no decision or execution authority.","May display Platform B1 evaluated state through RAMAT Vision or another authorized interface. It remains preview-only and DISPLAY / WITNESS ONLY.","Uses shared evidence integrity, hashing, rehashing, provenance, identity, authority, chain-of-custody, dependency, No-Bind, and governance schemas.","Platform B or Platform B1 may evaluate assurance state. Qualified humans and authorized organizational roles make binding decisions.","Thread D, Thread D2, RAMAT Vision, glasses, wearables, dashboards, and device witnesses may display or witness state but may not approve, release, override, resolve, or execute critical actions.","Official records remain in governed source systems. COBIT-Chain may reference, hash, seal, evaluate, reconstruct, or display evidence but does not replace the official record.","Simulator-first, mock-data-first, and local-validation-first. No PHI, classified data, company production data, payment-card data, customer secrets, or real critical-production integration is authorized by this register.","REGISTERED CROSS-INDUSTRY ASSURANCE PACK BASELINE","Pack registration is not implementation proof, production readiness, regulatory validation, certification, or operational release.","HUMAN PACK REVIEW REQUIRED","READY AFTER STEP 152 CROSS-INDUSTRY PACK REGISTER REVIEW"
"PACK-011","Cybersecurity, Cloud, and Digital Operations Assurance Pack","CYBERSECURITY AND CLOUD OPERATIONS","PRIORITY CROSS-INDUSTRY EXTENSION","Digital services may remain available while identity, privilege, security, configuration, vulnerability, change, recovery, or incident dependencies are unresolved.","User identity; service identity; privileged account; application; cloud resource; configuration; vulnerability; security alert; change; incident; backup; and recovery.","Identity assurance; least privilege; privileged access; configuration state; security monitoring; vulnerability status; change approval; network policy; backup integrity; recovery readiness; and incident escalation.","Identity logs; privileged-session records; configuration evidence; security alerts; vulnerability evidence; network logs; change records; incident records; backup evidence; and recovery tests.","Identity platforms, PAM systems, SIEM, cloud-management systems, CMDB, ticketing systems, vulnerability platforms, backup systems, and security repositories.","System owner, service owner, security authority, identity authority, change authority, incident commander, risk owner, and business owner.","Identity and service assurance; privileged-action evidence; configuration integrity; security-state assurance; No-Bind security hold; change dependency assurance; and incident reconstruction.","Privileged access without approval; compromised identity; configuration drift; critical vulnerability; failed backup; unauthorized change; incident escalation failure; and recovery readiness.","Derived from reusable Assurance Engineering patterns established in the Step 151 Life-Sciences Assurance Environment Register. The life-sciences core remains preserved and is not replaced.","Registers the use case, critical objects, stakeholders, risk context, system inventory, and governance ownership.","Uses only the frozen six-capability Platform B v1 core where applicable: AI Use Case Registry, Assurance Check API, Evidence Upload, Operational Trust Score, Action Admissibility Record, and Wearable Endpoint Simulator.","Evaluates advanced assurance conditions including evidence integrity, identity, workflow dependencies, source agreement, authority, No-Bind state, chain of custody, reconstruction, and inspection or audit readiness.","Translates verified cross-industry lessons into Assurance Engineering doctrine, research, publications, teaching material, and case studies.","May display or witness Platform B v1 assurance state through the locked Thread D v1 connector. It has no decision or execution authority.","May display Platform B1 evaluated state through RAMAT Vision or another authorized interface. It remains preview-only and DISPLAY / WITNESS ONLY.","Uses shared evidence integrity, hashing, rehashing, provenance, identity, authority, chain-of-custody, dependency, No-Bind, and governance schemas.","Platform B or Platform B1 may evaluate assurance state. Qualified humans and authorized organizational roles make binding decisions.","Thread D, Thread D2, RAMAT Vision, glasses, wearables, dashboards, and device witnesses may display or witness state but may not approve, release, override, resolve, or execute critical actions.","Official records remain in governed source systems. COBIT-Chain may reference, hash, seal, evaluate, reconstruct, or display evidence but does not replace the official record.","Simulator-first, mock-data-first, and local-validation-first. No PHI, classified data, company production data, payment-card data, customer secrets, or real critical-production integration is authorized by this register.","REGISTERED CROSS-INDUSTRY ASSURANCE PACK BASELINE","Pack registration is not implementation proof, production readiness, regulatory validation, certification, or operational release.","HUMAN PACK REVIEW REQUIRED","READY AFTER STEP 152 CROSS-INDUSTRY PACK REGISTER REVIEW"
"PACK-012","Research, Higher Education, and Grant Assurance Pack","RESEARCH AND HIGHER EDUCATION","CONTROLLED CROSS-INDUSTRY EXTENSION","Research and grant workflows require defensible agreement across researcher identity, protocol, ethics approval, funding terms, data provenance, analysis, authorship, disclosure, publication, and retention.","Researcher; protocol; ethics approval; grant; dataset; analysis; model; result; manuscript; authorship record; disclosure; and publication.","Researcher identity; ethics approval; protocol version; funding authorization; data provenance; access approval; analysis version; conflict disclosure; authorship agreement; review; retention; and publication approval.","Protocol records; ethics approvals; grant records; data-management plans; dataset evidence; analysis records; model records; authorship records; disclosures; review evidence; and publication records.","IRB systems, grant systems, research repositories, ELN, data platforms, institutional repositories, disclosure systems, and publication systems.","Principal investigator, ethics board, research integrity officer, grant authority, data steward, department authority, and authorized publisher.","Protocol-to-evidence traceability; ethics-authority verification; data provenance; authorship accountability; model-use assurance; conflict disclosure; and research reconstruction.","Research outside approved protocol; expired ethics approval; data-provenance gap; AI-generated research content; undisclosed conflict; authorship dispute; and grant-compliance reconstruction.","Derived from reusable Assurance Engineering patterns established in the Step 151 Life-Sciences Assurance Environment Register. The life-sciences core remains preserved and is not replaced.","Registers the use case, critical objects, stakeholders, risk context, system inventory, and governance ownership.","Uses only the frozen six-capability Platform B v1 core where applicable: AI Use Case Registry, Assurance Check API, Evidence Upload, Operational Trust Score, Action Admissibility Record, and Wearable Endpoint Simulator.","Evaluates advanced assurance conditions including evidence integrity, identity, workflow dependencies, source agreement, authority, No-Bind state, chain of custody, reconstruction, and inspection or audit readiness.","Translates verified cross-industry lessons into Assurance Engineering doctrine, research, publications, teaching material, and case studies.","May display or witness Platform B v1 assurance state through the locked Thread D v1 connector. It has no decision or execution authority.","May display Platform B1 evaluated state through RAMAT Vision or another authorized interface. It remains preview-only and DISPLAY / WITNESS ONLY.","Uses shared evidence integrity, hashing, rehashing, provenance, identity, authority, chain-of-custody, dependency, No-Bind, and governance schemas.","Platform B or Platform B1 may evaluate assurance state. Qualified humans and authorized organizational roles make binding decisions.","Thread D, Thread D2, RAMAT Vision, glasses, wearables, dashboards, and device witnesses may display or witness state but may not approve, release, override, resolve, or execute critical actions.","Official records remain in governed source systems. COBIT-Chain may reference, hash, seal, evaluate, reconstruct, or display evidence but does not replace the official record.","Simulator-first, mock-data-first, and local-validation-first. No PHI, classified data, company production data, payment-card data, customer secrets, or real critical-production integration is authorized by this register.","REGISTERED CROSS-INDUSTRY ASSURANCE PACK BASELINE","Pack registration is not implementation proof, production readiness, regulatory validation, certification, or operational release.","HUMAN PACK REVIEW REQUIRED","READY AFTER STEP 152 CROSS-INDUSTRY PACK REGISTER REVIEW"
