"ControlId","ControlName","ControlDomain","AppliesTo","Purpose","PreventiveControls","DetectiveControls","FailClosedBehavior","CompromiseState","RecoveryRequirements","EvidenceArtifacts","HumanAuthority","Step160Dependency","NoBindRule","AuthorityBoundary","HumanAccountabilityRule","SourceOfTruthRule","DisplayBoundary","ArchitectureBoundary","DataBoundary","ImplementationStatus","ReviewStatus"
"SEC-001","User, Service, and Token Compromise Control","IDENTITY SECURITY","Platform A, Platform B1, Thread D2, Azure services, administrative users, service principals, managed identities, and wearable sessions.","Prevent compromised identities, stolen tokens, disabled users, stale roles, or unauthorized sessions from creating trusted assurance state.","Entra authentication; short-lived tokens; explicit audience validation; Conditional Access readiness; least privilege; managed identity; role separation; session expiry; device and user binding.","Risky sign-in alerts; impossible-travel readiness; anomalous token use; disabled-account use; role-change monitoring; session telemetry; audit review.","REVOKE OR REJECT THE SESSION; MARK IDENTITY STATE UNKNOWN OR COMPROMISED; EXPIRE DISPLAY CONTRACTS; ACTIVATE SECURITY HOLD WHEN MATERIAL.","IDENTITY_OR_TOKEN_COMPROMISED","Revoke sessions and tokens; disable affected identity; rotate credentials; review role assignments; investigate actions; reauthenticate; obtain authorized return-to-service approval.","Sign-in logs; token-revocation records; role history; session logs; incident record; investigation evidence; recovery approval.","Identity authority, cybersecurity incident commander, system owner, and business or process owner.","The first implementation slice must support mock identity state and explicit compromised-session rejection.","WHEN TRUST, IDENTITY, INTEGRITY, AUTHORITY, CONNECTIVITY, SECURITY TELEMETRY, OR SOURCE-STATE ASSURANCE IS MATERIALLY UNKNOWN OR COMPROMISED, PLATFORM B1 MUST ACTIVATE OR PRESERVE A GOVERNED HOLD OR NO-BIND STATE.","THIS CONTROL DOES NOT CREATE OR EXERCISE INDEPENDENT APPROVAL, RELEASE, OVERRIDE, NO-BIND RESOLUTION, EXECUTION, OR BINDING AUTHORITY.","QUALIFIED HUMANS AND AUTHORIZED ORGANIZATIONAL ROLES REMAIN ACCOUNTABLE FOR INCIDENT DECLARATION, CONTAINMENT, EXCEPTION APPROVAL, RECOVERY ACCEPTANCE, AND RETURN-TO-SERVICE DECISIONS.","OFFICIAL SECURITY, IDENTITY, OPERATIONAL, QUALITY, CLINICAL, MANUFACTURING, AND EXECUTION RECORDS REMAIN IN THEIR GOVERNED SOURCE SYSTEMS.","THREAD D, THREAD D2, RAMAT VISION, GLASSES, WEARABLES, DASHBOARDS, AND DEVICE WITNESSES MAY DISPLAY SECURITY AND COMPROMISE STATE BUT MAY NOT CONTAIN, RECOVER, APPROVE, OVERRIDE, RESOLVE, OR RETURN A SERVICE TO OPERATION.","PLATFORM B v1 AND THREAD D v1 REMAIN ARCHITECTURE LOCKED. STEP 159 DEFINES SECURITY AND RESILIENCE GOVERNANCE FOR THE PLANNED PLATFORM B1 AND THREAD D2 WORKSTREAMS.","PLAN-ONLY, SYNTHETIC-DATA-ONLY, MOCK-IDENTITY-ONLY, NON-PRODUCTION, AND LOCAL-VALIDATION-FIRST. NO PHI, COMPANY PRODUCTION DATA, CLASSIFIED DATA, PAYMENT-CARD DATA, OR REAL REGULATED PRODUCTION INTEGRATION IS AUTHORIZED.","SECURITY AND RESILIENCE CONTROL DESIGN ONLY - NOT IMPLEMENTED","HUMAN SECURITY-CONTROL REVIEW REQUIRED"
"SEC-002","Privileged Access and Break-Glass Governance","PRIVILEGED ACCESS","Azure administration, Key Vault administration, data-store administration, connector administration, security operations, and recovery operations.","Prevent standing or emergency privilege from silently bypassing evidence, authority, No-Bind, logging, or human-accountability controls.","PIM readiness; time-bound elevation; approval workflow; role separation; break-glass account isolation; hardware-backed MFA readiness; named accountability.","Privileged activation logs; unusual elevation; emergency-account use; privileged configuration change; session review; post-use reconciliation.","DENY UNAUTHORIZED PRIVILEGE; HOLD MATERIAL CHANGES; REQUIRE EXPLICIT EMERGENCY DECLARATION AND POST-EVENT REVIEW.","PRIVILEGED_ACCESS_COMPROMISED_OR_UNGOVERNED","Remove elevation; rotate emergency credentials; review all actions; restore approved configuration; document exception; obtain accountable human approval.","PIM activation record; approval record; privileged-session log; change history; emergency declaration; post-event review.","Cybersecurity authority, platform owner, identity authority, and accountable executive or service owner.","The first implementation slice must not require or create standing administrative privilege.","WHEN TRUST, IDENTITY, INTEGRITY, AUTHORITY, CONNECTIVITY, SECURITY TELEMETRY, OR SOURCE-STATE ASSURANCE IS MATERIALLY UNKNOWN OR COMPROMISED, PLATFORM B1 MUST ACTIVATE OR PRESERVE A GOVERNED HOLD OR NO-BIND STATE.","THIS CONTROL DOES NOT CREATE OR EXERCISE INDEPENDENT APPROVAL, RELEASE, OVERRIDE, NO-BIND RESOLUTION, EXECUTION, OR BINDING AUTHORITY.","QUALIFIED HUMANS AND AUTHORIZED ORGANIZATIONAL ROLES REMAIN ACCOUNTABLE FOR INCIDENT DECLARATION, CONTAINMENT, EXCEPTION APPROVAL, RECOVERY ACCEPTANCE, AND RETURN-TO-SERVICE DECISIONS.","OFFICIAL SECURITY, IDENTITY, OPERATIONAL, QUALITY, CLINICAL, MANUFACTURING, AND EXECUTION RECORDS REMAIN IN THEIR GOVERNED SOURCE SYSTEMS.","THREAD D, THREAD D2, RAMAT VISION, GLASSES, WEARABLES, DASHBOARDS, AND DEVICE WITNESSES MAY DISPLAY SECURITY AND COMPROMISE STATE BUT MAY NOT CONTAIN, RECOVER, APPROVE, OVERRIDE, RESOLVE, OR RETURN A SERVICE TO OPERATION.","PLATFORM B v1 AND THREAD D v1 REMAIN ARCHITECTURE LOCKED. STEP 159 DEFINES SECURITY AND RESILIENCE GOVERNANCE FOR THE PLANNED PLATFORM B1 AND THREAD D2 WORKSTREAMS.","PLAN-ONLY, SYNTHETIC-DATA-ONLY, MOCK-IDENTITY-ONLY, NON-PRODUCTION, AND LOCAL-VALIDATION-FIRST. NO PHI, COMPANY PRODUCTION DATA, CLASSIFIED DATA, PAYMENT-CARD DATA, OR REAL REGULATED PRODUCTION INTEGRATION IS AUTHORIZED.","SECURITY AND RESILIENCE CONTROL DESIGN ONLY - NOT IMPLEMENTED","HUMAN SECURITY-CONTROL REVIEW REQUIRED"
"SEC-003","Managed Identity, Secret, and Credential Protection","SECRET MANAGEMENT","Azure Functions, storage, databases, AI services, eventing, APIs, connectors, and deployment tooling.","Prevent credentials, keys, connection strings, function keys, or source-system secrets from being embedded, logged, exposed to browsers, or shared across services.","Managed identities; Key Vault; server-side secret retrieval; secret scanning; environment separation; no secrets in client code; scoped service credentials.","Repository secret scans; Key Vault access logs; unusual secret retrieval; credential-age monitoring; leaked-secret alert readiness.","REJECT SERVICE STARTUP OR CONNECTIVITY WHEN REQUIRED SECRET OR IDENTITY CANNOT BE SECURELY RESOLVED. DO NOT FALL BACK TO HARDCODED CREDENTIALS.","SECRET_OR_CREDENTIAL_COMPROMISED","Revoke and rotate affected secret; identify exposure scope; remove leaked material; review access logs; redeploy trusted configuration; revalidate dependent services.","Secret-scan report; Key Vault audit log; rotation record; incident report; deployment evidence; post-rotation verification.","Security authority, secret owner, application owner, and platform owner.","The implementation slice must use environment-safe configuration and contain no browser-exposed secrets.","WHEN TRUST, IDENTITY, INTEGRITY, AUTHORITY, CONNECTIVITY, SECURITY TELEMETRY, OR SOURCE-STATE ASSURANCE IS MATERIALLY UNKNOWN OR COMPROMISED, PLATFORM B1 MUST ACTIVATE OR PRESERVE A GOVERNED HOLD OR NO-BIND STATE.","THIS CONTROL DOES NOT CREATE OR EXERCISE INDEPENDENT APPROVAL, RELEASE, OVERRIDE, NO-BIND RESOLUTION, EXECUTION, OR BINDING AUTHORITY.","QUALIFIED HUMANS AND AUTHORIZED ORGANIZATIONAL ROLES REMAIN ACCOUNTABLE FOR INCIDENT DECLARATION, CONTAINMENT, EXCEPTION APPROVAL, RECOVERY ACCEPTANCE, AND RETURN-TO-SERVICE DECISIONS.","OFFICIAL SECURITY, IDENTITY, OPERATIONAL, QUALITY, CLINICAL, MANUFACTURING, AND EXECUTION RECORDS REMAIN IN THEIR GOVERNED SOURCE SYSTEMS.","THREAD D, THREAD D2, RAMAT VISION, GLASSES, WEARABLES, DASHBOARDS, AND DEVICE WITNESSES MAY DISPLAY SECURITY AND COMPROMISE STATE BUT MAY NOT CONTAIN, RECOVER, APPROVE, OVERRIDE, RESOLVE, OR RETURN A SERVICE TO OPERATION.","PLATFORM B v1 AND THREAD D v1 REMAIN ARCHITECTURE LOCKED. STEP 159 DEFINES SECURITY AND RESILIENCE GOVERNANCE FOR THE PLANNED PLATFORM B1 AND THREAD D2 WORKSTREAMS.","PLAN-ONLY, SYNTHETIC-DATA-ONLY, MOCK-IDENTITY-ONLY, NON-PRODUCTION, AND LOCAL-VALIDATION-FIRST. NO PHI, COMPANY PRODUCTION DATA, CLASSIFIED DATA, PAYMENT-CARD DATA, OR REAL REGULATED PRODUCTION INTEGRATION IS AUTHORIZED.","SECURITY AND RESILIENCE CONTROL DESIGN ONLY - NOT IMPLEMENTED","HUMAN SECURITY-CONTROL REVIEW REQUIRED"
"SEC-004","Cryptographic Key Lifecycle and Key-Compromise Governance","KEY MANAGEMENT","Evidence hashing, identity seals, event signing, display-contract signing, offline packages, encrypted caches, API certificates, and device identities.","Govern key ownership, generation, storage, use, rotation, revocation, expiry, compromise response, and cryptographic evidence continuity.","Key Vault or governed key store; key separation by purpose; rotation readiness; algorithm declaration; restricted export; certificate lifecycle; key-version tracking.","Unexpected key use; failed signature verification; expired certificate; unusual key access; key-version mismatch; rehash or signature failure.","REJECT UNVERIFIABLE SIGNATURES OR SEALS; EXPIRE AFFECTED CONTRACTS; MARK EVIDENCE OR PACKAGE INTEGRITY UNKNOWN; ACTIVATE HOLD.","CRYPTOGRAPHIC_KEY_COMPROMISED","Revoke compromised key; issue new key version; identify all affected artifacts; re-sign only after governed verification; preserve historical verification evidence.","Key inventory; rotation record; key-access logs; affected-artifact list; revocation evidence; re-signing approval; integrity verification results.","Cryptographic key owner, cybersecurity authority, evidence owner, and platform owner.","The implementation slice must declare the hash algorithm and preserve hash-version metadata.","WHEN TRUST, IDENTITY, INTEGRITY, AUTHORITY, CONNECTIVITY, SECURITY TELEMETRY, OR SOURCE-STATE ASSURANCE IS MATERIALLY UNKNOWN OR COMPROMISED, PLATFORM B1 MUST ACTIVATE OR PRESERVE A GOVERNED HOLD OR NO-BIND STATE.","THIS CONTROL DOES NOT CREATE OR EXERCISE INDEPENDENT APPROVAL, RELEASE, OVERRIDE, NO-BIND RESOLUTION, EXECUTION, OR BINDING AUTHORITY.","QUALIFIED HUMANS AND AUTHORIZED ORGANIZATIONAL ROLES REMAIN ACCOUNTABLE FOR INCIDENT DECLARATION, CONTAINMENT, EXCEPTION APPROVAL, RECOVERY ACCEPTANCE, AND RETURN-TO-SERVICE DECISIONS.","OFFICIAL SECURITY, IDENTITY, OPERATIONAL, QUALITY, CLINICAL, MANUFACTURING, AND EXECUTION RECORDS REMAIN IN THEIR GOVERNED SOURCE SYSTEMS.","THREAD D, THREAD D2, RAMAT VISION, GLASSES, WEARABLES, DASHBOARDS, AND DEVICE WITNESSES MAY DISPLAY SECURITY AND COMPROMISE STATE BUT MAY NOT CONTAIN, RECOVER, APPROVE, OVERRIDE, RESOLVE, OR RETURN A SERVICE TO OPERATION.","PLATFORM B v1 AND THREAD D v1 REMAIN ARCHITECTURE LOCKED. STEP 159 DEFINES SECURITY AND RESILIENCE GOVERNANCE FOR THE PLANNED PLATFORM B1 AND THREAD D2 WORKSTREAMS.","PLAN-ONLY, SYNTHETIC-DATA-ONLY, MOCK-IDENTITY-ONLY, NON-PRODUCTION, AND LOCAL-VALIDATION-FIRST. NO PHI, COMPANY PRODUCTION DATA, CLASSIFIED DATA, PAYMENT-CARD DATA, OR REAL REGULATED PRODUCTION INTEGRATION IS AUTHORIZED.","SECURITY AND RESILIENCE CONTROL DESIGN ONLY - NOT IMPLEMENTED","HUMAN SECURITY-CONTROL REVIEW REQUIRED"
"SEC-005","Network Segmentation and Private Access Control","NETWORK SECURITY","Azure data plane, source connectors, event endpoints, AI services, administrative paths, edge gateways, and display-delivery services.","Reduce unauthorized lateral movement, direct data-store exposure, ambient trust, and uncontrolled source-system connectivity.","Private Link readiness; private endpoints; service firewalls; segmented networks; explicit allow lists; outbound-only edge pattern; no direct wearable-to-data-store access.","Flow logs; denied-connection monitoring; unexpected public exposure; route changes; firewall changes; private-endpoint health.","DENY UNAPPROVED NETWORK PATHS; MARK DEPENDENCY UNAVAILABLE; DO NOT FALL BACK TO PUBLIC OR UNCONTROLLED ACCESS.","NETWORK_BOUNDARY_COMPROMISED","Isolate affected segment; restore approved routes and rules; validate private connectivity; review connection history; reauthorize service communication.","Network diagram; firewall rules; route history; flow logs; incident record; connectivity verification; recovery approval.","Network security authority, platform owner, connector owner, and system owner.","The implementation slice must remain local-only or use approved same-origin and server-side paths.","WHEN TRUST, IDENTITY, INTEGRITY, AUTHORITY, CONNECTIVITY, SECURITY TELEMETRY, OR SOURCE-STATE ASSURANCE IS MATERIALLY UNKNOWN OR COMPROMISED, PLATFORM B1 MUST ACTIVATE OR PRESERVE A GOVERNED HOLD OR NO-BIND STATE.","THIS CONTROL DOES NOT CREATE OR EXERCISE INDEPENDENT APPROVAL, RELEASE, OVERRIDE, NO-BIND RESOLUTION, EXECUTION, OR BINDING AUTHORITY.","QUALIFIED HUMANS AND AUTHORIZED ORGANIZATIONAL ROLES REMAIN ACCOUNTABLE FOR INCIDENT DECLARATION, CONTAINMENT, EXCEPTION APPROVAL, RECOVERY ACCEPTANCE, AND RETURN-TO-SERVICE DECISIONS.","OFFICIAL SECURITY, IDENTITY, OPERATIONAL, QUALITY, CLINICAL, MANUFACTURING, AND EXECUTION RECORDS REMAIN IN THEIR GOVERNED SOURCE SYSTEMS.","THREAD D, THREAD D2, RAMAT VISION, GLASSES, WEARABLES, DASHBOARDS, AND DEVICE WITNESSES MAY DISPLAY SECURITY AND COMPROMISE STATE BUT MAY NOT CONTAIN, RECOVER, APPROVE, OVERRIDE, RESOLVE, OR RETURN A SERVICE TO OPERATION.","PLATFORM B v1 AND THREAD D v1 REMAIN ARCHITECTURE LOCKED. STEP 159 DEFINES SECURITY AND RESILIENCE GOVERNANCE FOR THE PLANNED PLATFORM B1 AND THREAD D2 WORKSTREAMS.","PLAN-ONLY, SYNTHETIC-DATA-ONLY, MOCK-IDENTITY-ONLY, NON-PRODUCTION, AND LOCAL-VALIDATION-FIRST. NO PHI, COMPANY PRODUCTION DATA, CLASSIFIED DATA, PAYMENT-CARD DATA, OR REAL REGULATED PRODUCTION INTEGRATION IS AUTHORIZED.","SECURITY AND RESILIENCE CONTROL DESIGN ONLY - NOT IMPLEMENTED","HUMAN SECURITY-CONTROL REVIEW REQUIRED"
"SEC-006","API Gateway, WAF, Input Validation, and Abuse Protection","APPLICATION EDGE SECURITY","Platform A APIs, Platform B1 APIs, Thread D2 delivery, connector endpoints, event receivers, and administrative APIs.","Prevent malformed requests, injection, unauthorized methods, excessive requests, payload abuse, and direct exposure of internal services.","API Management readiness; Front Door/WAF readiness; schema validation; size limits; method allow lists; authentication; authorization; rate limiting; CORS restriction.","WAF alerts; rejected-request logs; rate-limit events; anomalous payloads; authentication failures; API latency and error trends.","REJECT MALFORMED, UNAUTHORIZED, OVERSIZED, OR UNSUPPORTED REQUESTS. DO NOT PROCESS PARTIAL OR AMBIGUOUS SECURITY-CONTROL INPUT.","API_OR_INGRESS_COMPROMISED","Block offending route or client; isolate vulnerable endpoint; deploy trusted fix; review affected events; rotate exposed credentials; revalidate contracts.","WAF logs; API logs; rejected-payload evidence; rate-limit events; incident record; remediation change; retest results.","Application security authority, API owner, platform owner, and incident commander.","The implementation slice must strictly validate all request schemas and reject unknown fields where appropriate.","WHEN TRUST, IDENTITY, INTEGRITY, AUTHORITY, CONNECTIVITY, SECURITY TELEMETRY, OR SOURCE-STATE ASSURANCE IS MATERIALLY UNKNOWN OR COMPROMISED, PLATFORM B1 MUST ACTIVATE OR PRESERVE A GOVERNED HOLD OR NO-BIND STATE.","THIS CONTROL DOES NOT CREATE OR EXERCISE INDEPENDENT APPROVAL, RELEASE, OVERRIDE, NO-BIND RESOLUTION, EXECUTION, OR BINDING AUTHORITY.","QUALIFIED HUMANS AND AUTHORIZED ORGANIZATIONAL ROLES REMAIN ACCOUNTABLE FOR INCIDENT DECLARATION, CONTAINMENT, EXCEPTION APPROVAL, RECOVERY ACCEPTANCE, AND RETURN-TO-SERVICE DECISIONS.","OFFICIAL SECURITY, IDENTITY, OPERATIONAL, QUALITY, CLINICAL, MANUFACTURING, AND EXECUTION RECORDS REMAIN IN THEIR GOVERNED SOURCE SYSTEMS.","THREAD D, THREAD D2, RAMAT VISION, GLASSES, WEARABLES, DASHBOARDS, AND DEVICE WITNESSES MAY DISPLAY SECURITY AND COMPROMISE STATE BUT MAY NOT CONTAIN, RECOVER, APPROVE, OVERRIDE, RESOLVE, OR RETURN A SERVICE TO OPERATION.","PLATFORM B v1 AND THREAD D v1 REMAIN ARCHITECTURE LOCKED. STEP 159 DEFINES SECURITY AND RESILIENCE GOVERNANCE FOR THE PLANNED PLATFORM B1 AND THREAD D2 WORKSTREAMS.","PLAN-ONLY, SYNTHETIC-DATA-ONLY, MOCK-IDENTITY-ONLY, NON-PRODUCTION, AND LOCAL-VALIDATION-FIRST. NO PHI, COMPANY PRODUCTION DATA, CLASSIFIED DATA, PAYMENT-CARD DATA, OR REAL REGULATED PRODUCTION INTEGRATION IS AUTHORIZED.","SECURITY AND RESILIENCE CONTROL DESIGN ONLY - NOT IMPLEMENTED","HUMAN SECURITY-CONTROL REVIEW REQUIRED"
"SEC-007","Event Signing, Idempotency, Replay Protection, and Quarantine","EVENT SECURITY","Event Grid readiness, device events, connector events, evidence-change events, No-Bind events, and display-contract refresh events.","Prevent duplicate, replayed, reordered, poisoned, forged, or untrusted events from altering assurance state.","Event identity; correlation ID; sequence number; timestamp; publisher identity; signature readiness; idempotency key; schema version; bounded retry policy.","Duplicate-event detection; sequence gap; stale timestamp; signature failure; publisher mismatch; poison-event pattern; retry storm.","QUARANTINE UNVERIFIABLE OR POISON EVENTS; DO NOT ADVANCE ASSURANCE STATE; MARK RELATED DEPENDENCY UNKNOWN OR HELD.","EVENT_INTEGRITY_FAILED_OR_REPLAYED","Preserve quarantined event; validate publisher; correct ordering; reconcile source state; replay only authorized events; document recovery decision.","Event envelope; signature result; correlation history; sequence analysis; dead-letter record; quarantine evidence; authorized replay record.","Event-service owner, platform owner, cybersecurity authority, and source-system owner.","The implementation slice must include correlation IDs, event IDs, timestamps, and duplicate rejection.","WHEN TRUST, IDENTITY, INTEGRITY, AUTHORITY, CONNECTIVITY, SECURITY TELEMETRY, OR SOURCE-STATE ASSURANCE IS MATERIALLY UNKNOWN OR COMPROMISED, PLATFORM B1 MUST ACTIVATE OR PRESERVE A GOVERNED HOLD OR NO-BIND STATE.","THIS CONTROL DOES NOT CREATE OR EXERCISE INDEPENDENT APPROVAL, RELEASE, OVERRIDE, NO-BIND RESOLUTION, EXECUTION, OR BINDING AUTHORITY.","QUALIFIED HUMANS AND AUTHORIZED ORGANIZATIONAL ROLES REMAIN ACCOUNTABLE FOR INCIDENT DECLARATION, CONTAINMENT, EXCEPTION APPROVAL, RECOVERY ACCEPTANCE, AND RETURN-TO-SERVICE DECISIONS.","OFFICIAL SECURITY, IDENTITY, OPERATIONAL, QUALITY, CLINICAL, MANUFACTURING, AND EXECUTION RECORDS REMAIN IN THEIR GOVERNED SOURCE SYSTEMS.","THREAD D, THREAD D2, RAMAT VISION, GLASSES, WEARABLES, DASHBOARDS, AND DEVICE WITNESSES MAY DISPLAY SECURITY AND COMPROMISE STATE BUT MAY NOT CONTAIN, RECOVER, APPROVE, OVERRIDE, RESOLVE, OR RETURN A SERVICE TO OPERATION.","PLATFORM B v1 AND THREAD D v1 REMAIN ARCHITECTURE LOCKED. STEP 159 DEFINES SECURITY AND RESILIENCE GOVERNANCE FOR THE PLANNED PLATFORM B1 AND THREAD D2 WORKSTREAMS.","PLAN-ONLY, SYNTHETIC-DATA-ONLY, MOCK-IDENTITY-ONLY, NON-PRODUCTION, AND LOCAL-VALIDATION-FIRST. NO PHI, COMPANY PRODUCTION DATA, CLASSIFIED DATA, PAYMENT-CARD DATA, OR REAL REGULATED PRODUCTION INTEGRATION IS AUTHORIZED.","SECURITY AND RESILIENCE CONTROL DESIGN ONLY - NOT IMPLEMENTED","HUMAN SECURITY-CONTROL REVIEW REQUIRED"
"SEC-008","Evidence Tamper Detection and Preservation Control","EVIDENCE SECURITY","Evidence files, structured evidence records, hashes, rehash results, identity seals, reconstruction packages, and audit exports.","Detect unauthorized modification, deletion, replacement, truncation, or inconsistent reconstruction of assurance evidence.","Hashing; rehash verification; restricted write roles; versioning readiness; retention governance; immutable-retention readiness; separate evidence and metadata roles.","Hash mismatch; missing object; unexpected version change; deletion alert; content-length mismatch; provenance break; reconstruction inconsistency.","MARK EVIDENCE INTEGRITY FAILED; REMOVE IT FROM POSITIVE SUFFICIENCY; ACTIVATE HOLD OR NO-BIND FOR AFFECTED ACTIONS.","EVIDENCE_TAMPER_SUSPECTED_OR_CONFIRMED","Preserve affected copy; identify last trusted version; investigate access; restore from verified source; rehash; reassess all dependent evaluations.","Original hash; recalculated hash; access history; version history; deletion record; forensic copy; restored-evidence verification.","Evidence owner, Quality authority, cybersecurity authority, and assurance owner.","The implementation slice must calculate a hash, persist it, rehash, and demonstrate a mismatch hold.","WHEN TRUST, IDENTITY, INTEGRITY, AUTHORITY, CONNECTIVITY, SECURITY TELEMETRY, OR SOURCE-STATE ASSURANCE IS MATERIALLY UNKNOWN OR COMPROMISED, PLATFORM B1 MUST ACTIVATE OR PRESERVE A GOVERNED HOLD OR NO-BIND STATE.","THIS CONTROL DOES NOT CREATE OR EXERCISE INDEPENDENT APPROVAL, RELEASE, OVERRIDE, NO-BIND RESOLUTION, EXECUTION, OR BINDING AUTHORITY.","QUALIFIED HUMANS AND AUTHORIZED ORGANIZATIONAL ROLES REMAIN ACCOUNTABLE FOR INCIDENT DECLARATION, CONTAINMENT, EXCEPTION APPROVAL, RECOVERY ACCEPTANCE, AND RETURN-TO-SERVICE DECISIONS.","OFFICIAL SECURITY, IDENTITY, OPERATIONAL, QUALITY, CLINICAL, MANUFACTURING, AND EXECUTION RECORDS REMAIN IN THEIR GOVERNED SOURCE SYSTEMS.","THREAD D, THREAD D2, RAMAT VISION, GLASSES, WEARABLES, DASHBOARDS, AND DEVICE WITNESSES MAY DISPLAY SECURITY AND COMPROMISE STATE BUT MAY NOT CONTAIN, RECOVER, APPROVE, OVERRIDE, RESOLVE, OR RETURN A SERVICE TO OPERATION.","PLATFORM B v1 AND THREAD D v1 REMAIN ARCHITECTURE LOCKED. STEP 159 DEFINES SECURITY AND RESILIENCE GOVERNANCE FOR THE PLANNED PLATFORM B1 AND THREAD D2 WORKSTREAMS.","PLAN-ONLY, SYNTHETIC-DATA-ONLY, MOCK-IDENTITY-ONLY, NON-PRODUCTION, AND LOCAL-VALIDATION-FIRST. NO PHI, COMPANY PRODUCTION DATA, CLASSIFIED DATA, PAYMENT-CARD DATA, OR REAL REGULATED PRODUCTION INTEGRATION IS AUTHORIZED.","SECURITY AND RESILIENCE CONTROL DESIGN ONLY - NOT IMPLEMENTED","HUMAN SECURITY-CONTROL REVIEW REQUIRED"
"SEC-009","Backup, Restore, Failover, and Recovery Validation","RESILIENCE","Assurance data, evidence metadata, configuration, event state, identity bindings, display contracts, logs, and local demonstration fixtures.","Ensure recovery copies are complete, integrity-verifiable, authorized, and reconcilable before return to service.","Backup schedule; separation of duties; encryption; retention; recovery point objective; recovery time objective; protected configuration export; documented dependencies.","Backup failure alerts; restore-test results; hash verification; missing backup set; RPO breach; RTO breach; configuration mismatch.","DO NOT DECLARE RECOVERY COMPLETE WHEN BACKUP INTEGRITY, CONFIGURATION, IDENTITY, OR SOURCE-STATE RECONCILIATION IS UNVERIFIED.","RECOVERY_COPY_INVALID_OR_FAILOVER_UNVERIFIED","Restore to isolated environment; verify hashes; validate configuration; reconcile events; revalidate authority and source state; obtain human return-to-service approval.","Backup manifest; restore log; hash report; RPO/RTO assessment; reconciliation report; return-to-service approval.","Service owner, recovery manager, cybersecurity authority, data owner, and business owner.","The implementation slice must create a recoverable local test artifact and verify its integrity.","WHEN TRUST, IDENTITY, INTEGRITY, AUTHORITY, CONNECTIVITY, SECURITY TELEMETRY, OR SOURCE-STATE ASSURANCE IS MATERIALLY UNKNOWN OR COMPROMISED, PLATFORM B1 MUST ACTIVATE OR PRESERVE A GOVERNED HOLD OR NO-BIND STATE.","THIS CONTROL DOES NOT CREATE OR EXERCISE INDEPENDENT APPROVAL, RELEASE, OVERRIDE, NO-BIND RESOLUTION, EXECUTION, OR BINDING AUTHORITY.","QUALIFIED HUMANS AND AUTHORIZED ORGANIZATIONAL ROLES REMAIN ACCOUNTABLE FOR INCIDENT DECLARATION, CONTAINMENT, EXCEPTION APPROVAL, RECOVERY ACCEPTANCE, AND RETURN-TO-SERVICE DECISIONS.","OFFICIAL SECURITY, IDENTITY, OPERATIONAL, QUALITY, CLINICAL, MANUFACTURING, AND EXECUTION RECORDS REMAIN IN THEIR GOVERNED SOURCE SYSTEMS.","THREAD D, THREAD D2, RAMAT VISION, GLASSES, WEARABLES, DASHBOARDS, AND DEVICE WITNESSES MAY DISPLAY SECURITY AND COMPROMISE STATE BUT MAY NOT CONTAIN, RECOVER, APPROVE, OVERRIDE, RESOLVE, OR RETURN A SERVICE TO OPERATION.","PLATFORM B v1 AND THREAD D v1 REMAIN ARCHITECTURE LOCKED. STEP 159 DEFINES SECURITY AND RESILIENCE GOVERNANCE FOR THE PLANNED PLATFORM B1 AND THREAD D2 WORKSTREAMS.","PLAN-ONLY, SYNTHETIC-DATA-ONLY, MOCK-IDENTITY-ONLY, NON-PRODUCTION, AND LOCAL-VALIDATION-FIRST. NO PHI, COMPANY PRODUCTION DATA, CLASSIFIED DATA, PAYMENT-CARD DATA, OR REAL REGULATED PRODUCTION INTEGRATION IS AUTHORIZED.","SECURITY AND RESILIENCE CONTROL DESIGN ONLY - NOT IMPLEMENTED","HUMAN SECURITY-CONTROL REVIEW REQUIRED"
"SEC-010","Observability Integrity and Monitoring Blind-Spot Control","OBSERVABILITY SECURITY","Application Insights, Log Analytics, local logs, API telemetry, connector health, edge telemetry, event telemetry, and display-contract telemetry.","Prevent missing, manipulated, delayed, or unavailable telemetry from being treated as evidence that services are healthy or controls are operating.","Structured logs; correlation IDs; minimum-necessary telemetry; diagnostic settings; clock synchronization readiness; access separation; retention governance.","Heartbeat loss; ingestion delay; log gap; timestamp anomaly; unexpected volume drop; disabled diagnostic setting; monitoring-rule change.","MARK MONITORING STATE UNKNOWN OR BLIND; PRESERVE EXISTING HOLDS; REQUIRE HUMAN REVIEW FOR MATERIAL ACTIONS.","MONITORING_BLIND_OR_TELEMETRY_UNTRUSTED","Restore telemetry path; verify clock and correlation; investigate gap; reconstruct from source evidence; reassess affected assurance decisions.","Heartbeat records; ingestion metrics; alert history; configuration history; gap analysis; reconstructed timeline; recovery verification.","Observability owner, cybersecurity authority, platform owner, and affected process owner.","The implementation slice must emit correlation-safe local logs without secrets.","WHEN TRUST, IDENTITY, INTEGRITY, AUTHORITY, CONNECTIVITY, SECURITY TELEMETRY, OR SOURCE-STATE ASSURANCE IS MATERIALLY UNKNOWN OR COMPROMISED, PLATFORM B1 MUST ACTIVATE OR PRESERVE A GOVERNED HOLD OR NO-BIND STATE.","THIS CONTROL DOES NOT CREATE OR EXERCISE INDEPENDENT APPROVAL, RELEASE, OVERRIDE, NO-BIND RESOLUTION, EXECUTION, OR BINDING AUTHORITY.","QUALIFIED HUMANS AND AUTHORIZED ORGANIZATIONAL ROLES REMAIN ACCOUNTABLE FOR INCIDENT DECLARATION, CONTAINMENT, EXCEPTION APPROVAL, RECOVERY ACCEPTANCE, AND RETURN-TO-SERVICE DECISIONS.","OFFICIAL SECURITY, IDENTITY, OPERATIONAL, QUALITY, CLINICAL, MANUFACTURING, AND EXECUTION RECORDS REMAIN IN THEIR GOVERNED SOURCE SYSTEMS.","THREAD D, THREAD D2, RAMAT VISION, GLASSES, WEARABLES, DASHBOARDS, AND DEVICE WITNESSES MAY DISPLAY SECURITY AND COMPROMISE STATE BUT MAY NOT CONTAIN, RECOVER, APPROVE, OVERRIDE, RESOLVE, OR RETURN A SERVICE TO OPERATION.","PLATFORM B v1 AND THREAD D v1 REMAIN ARCHITECTURE LOCKED. STEP 159 DEFINES SECURITY AND RESILIENCE GOVERNANCE FOR THE PLANNED PLATFORM B1 AND THREAD D2 WORKSTREAMS.","PLAN-ONLY, SYNTHETIC-DATA-ONLY, MOCK-IDENTITY-ONLY, NON-PRODUCTION, AND LOCAL-VALIDATION-FIRST. NO PHI, COMPANY PRODUCTION DATA, CLASSIFIED DATA, PAYMENT-CARD DATA, OR REAL REGULATED PRODUCTION INTEGRATION IS AUTHORIZED.","SECURITY AND RESILIENCE CONTROL DESIGN ONLY - NOT IMPLEMENTED","HUMAN SECURITY-CONTROL REVIEW REQUIRED"
"SEC-011","Source-System Connector Fail-Closed and Circuit-Breaker Control","CONNECTOR SECURITY","LIMS, MES, ERP, eQMS, ServiceNow, identity, historian, serialization, pharmacy, clinical, and simulated source connectors.","Prevent unavailable, stale, unauthorized, malformed, or compromised connector state from being treated as current source-system truth.","Dedicated service identity; read-only default; schema validation; timeout; circuit breaker; bounded retry; allow list; source-record version check.","Authentication failure; response mismatch; timeout; schema drift; stale timestamp; unexpected write attempt; source version conflict.","OPEN THE CIRCUIT; MARK SOURCE STATE UNKNOWN, STALE, DELAYED, OR DEPENDENCY UNSATISFIED; DO NOT USE LAST-KNOWN STATE AS CURRENT AUTHORITY.","SOURCE_CONNECTOR_COMPROMISED_OR_UNAVAILABLE","Isolate connector; validate credentials and endpoint; compare against source system; reconcile missed changes; reauthorize connection; document restored trust.","Connector logs; timeout record; schema-validation result; source comparison; circuit-breaker event; reconciliation report.","Source-system owner, connector owner, cybersecurity authority, and assurance owner.","The implementation slice must use mock source-state input and fail closed on missing or malformed data.","WHEN TRUST, IDENTITY, INTEGRITY, AUTHORITY, CONNECTIVITY, SECURITY TELEMETRY, OR SOURCE-STATE ASSURANCE IS MATERIALLY UNKNOWN OR COMPROMISED, PLATFORM B1 MUST ACTIVATE OR PRESERVE A GOVERNED HOLD OR NO-BIND STATE.","THIS CONTROL DOES NOT CREATE OR EXERCISE INDEPENDENT APPROVAL, RELEASE, OVERRIDE, NO-BIND RESOLUTION, EXECUTION, OR BINDING AUTHORITY.","QUALIFIED HUMANS AND AUTHORIZED ORGANIZATIONAL ROLES REMAIN ACCOUNTABLE FOR INCIDENT DECLARATION, CONTAINMENT, EXCEPTION APPROVAL, RECOVERY ACCEPTANCE, AND RETURN-TO-SERVICE DECISIONS.","OFFICIAL SECURITY, IDENTITY, OPERATIONAL, QUALITY, CLINICAL, MANUFACTURING, AND EXECUTION RECORDS REMAIN IN THEIR GOVERNED SOURCE SYSTEMS.","THREAD D, THREAD D2, RAMAT VISION, GLASSES, WEARABLES, DASHBOARDS, AND DEVICE WITNESSES MAY DISPLAY SECURITY AND COMPROMISE STATE BUT MAY NOT CONTAIN, RECOVER, APPROVE, OVERRIDE, RESOLVE, OR RETURN A SERVICE TO OPERATION.","PLATFORM B v1 AND THREAD D v1 REMAIN ARCHITECTURE LOCKED. STEP 159 DEFINES SECURITY AND RESILIENCE GOVERNANCE FOR THE PLANNED PLATFORM B1 AND THREAD D2 WORKSTREAMS.","PLAN-ONLY, SYNTHETIC-DATA-ONLY, MOCK-IDENTITY-ONLY, NON-PRODUCTION, AND LOCAL-VALIDATION-FIRST. NO PHI, COMPANY PRODUCTION DATA, CLASSIFIED DATA, PAYMENT-CARD DATA, OR REAL REGULATED PRODUCTION INTEGRATION IS AUTHORIZED.","SECURITY AND RESILIENCE CONTROL DESIGN ONLY - NOT IMPLEMENTED","HUMAN SECURITY-CONTROL REVIEW REQUIRED"
"SEC-012","Platform B1 Fail-Closed Assurance and Security No-Bind Control","ASSURANCE ENGINE SECURITY","Platform B1 identity, evidence, dependency, authority, timing, accountability, security, No-Bind, and admissibility evaluations.","Ensure material security uncertainty or compromise cannot silently produce an admissible state.","Explicit unknown states; positive assurance requirements; deterministic rules; security-state input; identity and evidence validation; No-Bind precedence.","Rule-evaluation logs; unexpected admissibility; missing input; state contradiction; security-hold bypass attempt; configuration drift.","RETURN HELD, INADMISSIBLE, UNKNOWN, OR NO-BIND WHEN REQUIRED TRUST OR SECURITY INPUT IS MISSING, CONFLICTED, OR COMPROMISED.","ASSURANCE_ENGINE_TRUST_UNRESOLVED","Validate rule configuration; verify source inputs; restore trusted dependencies; rerun evaluation; require human review before clearing hold.","Evaluation input; rule version; decision trace; security-state evidence; No-Bind record; reevaluation result; human review.","Assurance owner, cybersecurity authority, Quality or process authority, and platform owner.","The implementation slice must demonstrate fail-closed No-Bind behavior for one material failure.","WHEN TRUST, IDENTITY, INTEGRITY, AUTHORITY, CONNECTIVITY, SECURITY TELEMETRY, OR SOURCE-STATE ASSURANCE IS MATERIALLY UNKNOWN OR COMPROMISED, PLATFORM B1 MUST ACTIVATE OR PRESERVE A GOVERNED HOLD OR NO-BIND STATE.","THIS CONTROL DOES NOT CREATE OR EXERCISE INDEPENDENT APPROVAL, RELEASE, OVERRIDE, NO-BIND RESOLUTION, EXECUTION, OR BINDING AUTHORITY.","QUALIFIED HUMANS AND AUTHORIZED ORGANIZATIONAL ROLES REMAIN ACCOUNTABLE FOR INCIDENT DECLARATION, CONTAINMENT, EXCEPTION APPROVAL, RECOVERY ACCEPTANCE, AND RETURN-TO-SERVICE DECISIONS.","OFFICIAL SECURITY, IDENTITY, OPERATIONAL, QUALITY, CLINICAL, MANUFACTURING, AND EXECUTION RECORDS REMAIN IN THEIR GOVERNED SOURCE SYSTEMS.","THREAD D, THREAD D2, RAMAT VISION, GLASSES, WEARABLES, DASHBOARDS, AND DEVICE WITNESSES MAY DISPLAY SECURITY AND COMPROMISE STATE BUT MAY NOT CONTAIN, RECOVER, APPROVE, OVERRIDE, RESOLVE, OR RETURN A SERVICE TO OPERATION.","PLATFORM B v1 AND THREAD D v1 REMAIN ARCHITECTURE LOCKED. STEP 159 DEFINES SECURITY AND RESILIENCE GOVERNANCE FOR THE PLANNED PLATFORM B1 AND THREAD D2 WORKSTREAMS.","PLAN-ONLY, SYNTHETIC-DATA-ONLY, MOCK-IDENTITY-ONLY, NON-PRODUCTION, AND LOCAL-VALIDATION-FIRST. NO PHI, COMPANY PRODUCTION DATA, CLASSIFIED DATA, PAYMENT-CARD DATA, OR REAL REGULATED PRODUCTION INTEGRATION IS AUTHORIZED.","SECURITY AND RESILIENCE CONTROL DESIGN ONLY - NOT IMPLEMENTED","HUMAN SECURITY-CONTROL REVIEW REQUIRED"
"SEC-013","Signed RAMAT Display Contract and Session Revocation","DISPLAY SECURITY","Thread D2, RAMAT Vision, browser displays, mobile displays, glasses, wearable simulators, and display-delivery gateways.","Prevent altered, expired, replayed, over-permissive, or unauthorized display contracts from being treated as current assurance state.","Signed-contract readiness; expiry; audience binding; minimum fields; redaction; session binding; prohibited controls; short-lived access; no direct data-store access.","Signature failure; expired contract; wrong audience; replayed contract; unexpected field; session anomaly; display-client integrity warning.","REJECT THE CONTRACT; DISPLAY STALE, UNKNOWN, DISCONNECTED, OR SECURITY HOLD; DO NOT SHOW CACHED STATE AS CURRENT AUTHORITY.","DISPLAY_CONTRACT_OR_SESSION_COMPROMISED","Revoke session; expire contract; validate delivery gateway; issue new contract; review displayed data; document device or session recovery.","Contract ID; signature result; expiry; audience; session log; revocation record; replacement-contract evidence.","Display-service owner, cybersecurity authority, platform owner, and accountable process owner.","The implementation slice must emit a bounded, expiring, display-only synthetic contract.","WHEN TRUST, IDENTITY, INTEGRITY, AUTHORITY, CONNECTIVITY, SECURITY TELEMETRY, OR SOURCE-STATE ASSURANCE IS MATERIALLY UNKNOWN OR COMPROMISED, PLATFORM B1 MUST ACTIVATE OR PRESERVE A GOVERNED HOLD OR NO-BIND STATE.","THIS CONTROL DOES NOT CREATE OR EXERCISE INDEPENDENT APPROVAL, RELEASE, OVERRIDE, NO-BIND RESOLUTION, EXECUTION, OR BINDING AUTHORITY.","QUALIFIED HUMANS AND AUTHORIZED ORGANIZATIONAL ROLES REMAIN ACCOUNTABLE FOR INCIDENT DECLARATION, CONTAINMENT, EXCEPTION APPROVAL, RECOVERY ACCEPTANCE, AND RETURN-TO-SERVICE DECISIONS.","OFFICIAL SECURITY, IDENTITY, OPERATIONAL, QUALITY, CLINICAL, MANUFACTURING, AND EXECUTION RECORDS REMAIN IN THEIR GOVERNED SOURCE SYSTEMS.","THREAD D, THREAD D2, RAMAT VISION, GLASSES, WEARABLES, DASHBOARDS, AND DEVICE WITNESSES MAY DISPLAY SECURITY AND COMPROMISE STATE BUT MAY NOT CONTAIN, RECOVER, APPROVE, OVERRIDE, RESOLVE, OR RETURN A SERVICE TO OPERATION.","PLATFORM B v1 AND THREAD D v1 REMAIN ARCHITECTURE LOCKED. STEP 159 DEFINES SECURITY AND RESILIENCE GOVERNANCE FOR THE PLANNED PLATFORM B1 AND THREAD D2 WORKSTREAMS.","PLAN-ONLY, SYNTHETIC-DATA-ONLY, MOCK-IDENTITY-ONLY, NON-PRODUCTION, AND LOCAL-VALIDATION-FIRST. NO PHI, COMPANY PRODUCTION DATA, CLASSIFIED DATA, PAYMENT-CARD DATA, OR REAL REGULATED PRODUCTION INTEGRATION IS AUTHORIZED.","SECURITY AND RESILIENCE CONTROL DESIGN ONLY - NOT IMPLEMENTED","HUMAN SECURITY-CONTROL REVIEW REQUIRED"
"SEC-014","Edge Device Identity, Secure Boot, and Cloning Governance","EDGE AND DEVICE SECURITY","M5Stack, ESP32, QR, NFC, BLE, sensors, gateways, device certificates, and future controlled hardware witnesses.","Prevent unknown, cloned, stolen, modified, or unregistered devices from producing trusted witness evidence.","Unique device identity; registration; per-device credentials; secure-boot readiness; certificate readiness; outbound-only communication; device allow list.","Duplicate device identity; impossible simultaneous use; firmware mismatch; unexpected certificate; sequence anomaly; clock drift; location inconsistency.","REJECT OR QUARANTINE DEVICE EVENTS; MARK DEVICE TRUST FAILED; DO NOT USE DEVICE EVIDENCE FOR POSITIVE ASSURANCE.","EDGE_DEVICE_COMPROMISED_CLONED_OR_UNTRUSTED","Revoke device identity; preserve device evidence; inspect hardware and firmware; re-register or replace device; reconcile affected events.","Device inventory; identity record; certificate record; firmware version; event sequence; revocation record; inspection evidence.","Device owner, OT or edge security authority, platform owner, and process owner.","The implementation slice may simulate device identity but must treat device evidence as non-binding.","WHEN TRUST, IDENTITY, INTEGRITY, AUTHORITY, CONNECTIVITY, SECURITY TELEMETRY, OR SOURCE-STATE ASSURANCE IS MATERIALLY UNKNOWN OR COMPROMISED, PLATFORM B1 MUST ACTIVATE OR PRESERVE A GOVERNED HOLD OR NO-BIND STATE.","THIS CONTROL DOES NOT CREATE OR EXERCISE INDEPENDENT APPROVAL, RELEASE, OVERRIDE, NO-BIND RESOLUTION, EXECUTION, OR BINDING AUTHORITY.","QUALIFIED HUMANS AND AUTHORIZED ORGANIZATIONAL ROLES REMAIN ACCOUNTABLE FOR INCIDENT DECLARATION, CONTAINMENT, EXCEPTION APPROVAL, RECOVERY ACCEPTANCE, AND RETURN-TO-SERVICE DECISIONS.","OFFICIAL SECURITY, IDENTITY, OPERATIONAL, QUALITY, CLINICAL, MANUFACTURING, AND EXECUTION RECORDS REMAIN IN THEIR GOVERNED SOURCE SYSTEMS.","THREAD D, THREAD D2, RAMAT VISION, GLASSES, WEARABLES, DASHBOARDS, AND DEVICE WITNESSES MAY DISPLAY SECURITY AND COMPROMISE STATE BUT MAY NOT CONTAIN, RECOVER, APPROVE, OVERRIDE, RESOLVE, OR RETURN A SERVICE TO OPERATION.","PLATFORM B v1 AND THREAD D v1 REMAIN ARCHITECTURE LOCKED. STEP 159 DEFINES SECURITY AND RESILIENCE GOVERNANCE FOR THE PLANNED PLATFORM B1 AND THREAD D2 WORKSTREAMS.","PLAN-ONLY, SYNTHETIC-DATA-ONLY, MOCK-IDENTITY-ONLY, NON-PRODUCTION, AND LOCAL-VALIDATION-FIRST. NO PHI, COMPANY PRODUCTION DATA, CLASSIFIED DATA, PAYMENT-CARD DATA, OR REAL REGULATED PRODUCTION INTEGRATION IS AUTHORIZED.","SECURITY AND RESILIENCE CONTROL DESIGN ONLY - NOT IMPLEMENTED","HUMAN SECURITY-CONTROL REVIEW REQUIRED"
"SEC-015","Trusted Firmware and Software Update Governance","TRUSTED UPDATE","Platform services, connectors, edge gateways, device firmware, wearable clients, local packages, dependencies, and deployment artifacts.","Ensure updates are attributable, integrity-verified, authorized, tested, reversible, and prevented from weakening assurance or display boundaries.","Signed-release readiness; version pinning; approved release source; change record; test evidence; compatibility check; rollback plan; segregation of duties.","Signature failure; unexpected version; unauthorized package source; dependency drift; post-update health failure; boundary regression.","REJECT UNTRUSTED OR UNVERIFIABLE UPDATE; PRESERVE LAST TRUSTED VERSION; HOLD DEPLOYMENT OR DEVICE EVENTS.","SOFTWARE_OR_FIRMWARE_UPDATE_UNTRUSTED","Quarantine update; restore trusted version; validate integrity; investigate release path; retest controls; obtain authorized deployment approval.","Release manifest; signature result; SBOM; test report; change record; rollback record; post-update validation.","Software owner, device owner, change authority, cybersecurity authority, and validation authority.","The implementation slice must record its version and generate a trusted local manifest.","WHEN TRUST, IDENTITY, INTEGRITY, AUTHORITY, CONNECTIVITY, SECURITY TELEMETRY, OR SOURCE-STATE ASSURANCE IS MATERIALLY UNKNOWN OR COMPROMISED, PLATFORM B1 MUST ACTIVATE OR PRESERVE A GOVERNED HOLD OR NO-BIND STATE.","THIS CONTROL DOES NOT CREATE OR EXERCISE INDEPENDENT APPROVAL, RELEASE, OVERRIDE, NO-BIND RESOLUTION, EXECUTION, OR BINDING AUTHORITY.","QUALIFIED HUMANS AND AUTHORIZED ORGANIZATIONAL ROLES REMAIN ACCOUNTABLE FOR INCIDENT DECLARATION, CONTAINMENT, EXCEPTION APPROVAL, RECOVERY ACCEPTANCE, AND RETURN-TO-SERVICE DECISIONS.","OFFICIAL SECURITY, IDENTITY, OPERATIONAL, QUALITY, CLINICAL, MANUFACTURING, AND EXECUTION RECORDS REMAIN IN THEIR GOVERNED SOURCE SYSTEMS.","THREAD D, THREAD D2, RAMAT VISION, GLASSES, WEARABLES, DASHBOARDS, AND DEVICE WITNESSES MAY DISPLAY SECURITY AND COMPROMISE STATE BUT MAY NOT CONTAIN, RECOVER, APPROVE, OVERRIDE, RESOLVE, OR RETURN A SERVICE TO OPERATION.","PLATFORM B v1 AND THREAD D v1 REMAIN ARCHITECTURE LOCKED. STEP 159 DEFINES SECURITY AND RESILIENCE GOVERNANCE FOR THE PLANNED PLATFORM B1 AND THREAD D2 WORKSTREAMS.","PLAN-ONLY, SYNTHETIC-DATA-ONLY, MOCK-IDENTITY-ONLY, NON-PRODUCTION, AND LOCAL-VALIDATION-FIRST. NO PHI, COMPANY PRODUCTION DATA, CLASSIFIED DATA, PAYMENT-CARD DATA, OR REAL REGULATED PRODUCTION INTEGRATION IS AUTHORIZED.","SECURITY AND RESILIENCE CONTROL DESIGN ONLY - NOT IMPLEMENTED","HUMAN SECURITY-CONTROL REVIEW REQUIRED"
"SEC-016","Wearable Loss, Privacy, Recording, and Remote Revocation","WEARABLE SECURITY","RAMAT Vision glasses, mobile companions, wearable simulators, future Halo, Ray-Ban Meta, Vuzix, RealWear, and paired display devices.","Prevent lost, stolen, shared, recorded, or compromised wearable devices from exposing assurance information or retaining active access.","Minimum-necessary display; short session; pairing; screen privacy; recording restrictions; local-cache minimization; remote-revocation readiness; no secrets.","Device reported lost; pairing change; unusual session; repeated failed unlock; unexpected recording state; root or jailbreak warning readiness.","REVOKE SESSION; EXPIRE DISPLAY CONTRACTS; PREVENT NEW CONTRACT DELIVERY; MARK DEVICE UNTRUSTED.","WEARABLE_LOST_STOLEN_OR_COMPROMISED","Revoke device and user sessions; assess displayed information; wipe local cache where supported; re-pair replacement device; document recovery.","Device assignment; session history; loss report; revocation evidence; cache-wipe confirmation; replacement-device approval.","Device owner, cybersecurity authority, privacy authority, platform owner, and process owner.","The implementation slice must use a simulator or browser view with no persistent sensitive cache.","WHEN TRUST, IDENTITY, INTEGRITY, AUTHORITY, CONNECTIVITY, SECURITY TELEMETRY, OR SOURCE-STATE ASSURANCE IS MATERIALLY UNKNOWN OR COMPROMISED, PLATFORM B1 MUST ACTIVATE OR PRESERVE A GOVERNED HOLD OR NO-BIND STATE.","THIS CONTROL DOES NOT CREATE OR EXERCISE INDEPENDENT APPROVAL, RELEASE, OVERRIDE, NO-BIND RESOLUTION, EXECUTION, OR BINDING AUTHORITY.","QUALIFIED HUMANS AND AUTHORIZED ORGANIZATIONAL ROLES REMAIN ACCOUNTABLE FOR INCIDENT DECLARATION, CONTAINMENT, EXCEPTION APPROVAL, RECOVERY ACCEPTANCE, AND RETURN-TO-SERVICE DECISIONS.","OFFICIAL SECURITY, IDENTITY, OPERATIONAL, QUALITY, CLINICAL, MANUFACTURING, AND EXECUTION RECORDS REMAIN IN THEIR GOVERNED SOURCE SYSTEMS.","THREAD D, THREAD D2, RAMAT VISION, GLASSES, WEARABLES, DASHBOARDS, AND DEVICE WITNESSES MAY DISPLAY SECURITY AND COMPROMISE STATE BUT MAY NOT CONTAIN, RECOVER, APPROVE, OVERRIDE, RESOLVE, OR RETURN A SERVICE TO OPERATION.","PLATFORM B v1 AND THREAD D v1 REMAIN ARCHITECTURE LOCKED. STEP 159 DEFINES SECURITY AND RESILIENCE GOVERNANCE FOR THE PLANNED PLATFORM B1 AND THREAD D2 WORKSTREAMS.","PLAN-ONLY, SYNTHETIC-DATA-ONLY, MOCK-IDENTITY-ONLY, NON-PRODUCTION, AND LOCAL-VALIDATION-FIRST. NO PHI, COMPANY PRODUCTION DATA, CLASSIFIED DATA, PAYMENT-CARD DATA, OR REAL REGULATED PRODUCTION INTEGRATION IS AUTHORIZED.","SECURITY AND RESILIENCE CONTROL DESIGN ONLY - NOT IMPLEMENTED","HUMAN SECURITY-CONTROL REVIEW REQUIRED"
"SEC-017","Offline Package Signing, Encryption, Expiry, and Anti-Rollback","OFFLINE SECURITY","Offline assurance packages, field-device caches, signed manifests, local event journals, offline display contracts, and later reconciliation.","Prevent expired, altered, copied, downgraded, or rolled-back offline packages from being treated as current assurance state.","Encryption; signed manifest readiness; package ID; version; expiry; sequence; anti-rollback counter; device binding; local access control.","Signature failure; expired package; lower version; sequence rollback; device mismatch; content-hash mismatch; reconciliation conflict.","REJECT INVALID PACKAGE; DISPLAY OFFLINE, STALE, UNKNOWN, OR HELD; DO NOT CREATE CURRENT APPROVAL OR AUTHORITY.","OFFLINE_PACKAGE_INVALID_EXPIRED_OR_ROLLED_BACK","Quarantine package; reconnect; reauthenticate; obtain current package; rehash evidence; reconcile events; resolve conflicts before reuse.","Package manifest; signature result; version; expiry; sequence record; reconciliation report; conflict-resolution record.","Offline-operation owner, cybersecurity authority, process owner, and assurance owner.","The implementation slice may create a local signed-manifest simulation with explicit expiry.","WHEN TRUST, IDENTITY, INTEGRITY, AUTHORITY, CONNECTIVITY, SECURITY TELEMETRY, OR SOURCE-STATE ASSURANCE IS MATERIALLY UNKNOWN OR COMPROMISED, PLATFORM B1 MUST ACTIVATE OR PRESERVE A GOVERNED HOLD OR NO-BIND STATE.","THIS CONTROL DOES NOT CREATE OR EXERCISE INDEPENDENT APPROVAL, RELEASE, OVERRIDE, NO-BIND RESOLUTION, EXECUTION, OR BINDING AUTHORITY.","QUALIFIED HUMANS AND AUTHORIZED ORGANIZATIONAL ROLES REMAIN ACCOUNTABLE FOR INCIDENT DECLARATION, CONTAINMENT, EXCEPTION APPROVAL, RECOVERY ACCEPTANCE, AND RETURN-TO-SERVICE DECISIONS.","OFFICIAL SECURITY, IDENTITY, OPERATIONAL, QUALITY, CLINICAL, MANUFACTURING, AND EXECUTION RECORDS REMAIN IN THEIR GOVERNED SOURCE SYSTEMS.","THREAD D, THREAD D2, RAMAT VISION, GLASSES, WEARABLES, DASHBOARDS, AND DEVICE WITNESSES MAY DISPLAY SECURITY AND COMPROMISE STATE BUT MAY NOT CONTAIN, RECOVER, APPROVE, OVERRIDE, RESOLVE, OR RETURN A SERVICE TO OPERATION.","PLATFORM B v1 AND THREAD D v1 REMAIN ARCHITECTURE LOCKED. STEP 159 DEFINES SECURITY AND RESILIENCE GOVERNANCE FOR THE PLANNED PLATFORM B1 AND THREAD D2 WORKSTREAMS.","PLAN-ONLY, SYNTHETIC-DATA-ONLY, MOCK-IDENTITY-ONLY, NON-PRODUCTION, AND LOCAL-VALIDATION-FIRST. NO PHI, COMPANY PRODUCTION DATA, CLASSIFIED DATA, PAYMENT-CARD DATA, OR REAL REGULATED PRODUCTION INTEGRATION IS AUTHORIZED.","SECURITY AND RESILIENCE CONTROL DESIGN ONLY - NOT IMPLEMENTED","HUMAN SECURITY-CONTROL REVIEW REQUIRED"
"SEC-018","Offline and Failover Reconciliation Governance","RECONCILIATION","Offline events, delayed events, failover state, restored databases, restored evidence, source-system reconnects, and queued edge events.","Ensure conflicting or missing state is explicitly reconciled before current assurance or admissibility is restored.","Sequence IDs; source timestamps; object versions; correlation IDs; conflict rules; reconciliation ownership; no automatic last-write-wins for regulated state.","Version conflict; missing sequence; duplicate event; clock conflict; source-state mismatch; identity mismatch; unexpected divergence after restore.","MARK CONFLICTED OBJECTS HELD; PRESERVE NO-BIND; REQUIRE AUTHORIZED RECONCILIATION AND REEVALUATION.","RECONCILIATION_CONFLICT_UNRESOLVED","Compare all sources; preserve conflicting versions; determine authoritative record; resolve through accountable owner; rerun assurance evaluation.","Conflict report; source comparison; event sequence; reconciliation decision; object-version history; reevaluation record.","Source-system owner, process owner, data steward, Quality authority, and assurance owner.","The implementation slice must demonstrate explicit conflict handling rather than silent overwrite.","WHEN TRUST, IDENTITY, INTEGRITY, AUTHORITY, CONNECTIVITY, SECURITY TELEMETRY, OR SOURCE-STATE ASSURANCE IS MATERIALLY UNKNOWN OR COMPROMISED, PLATFORM B1 MUST ACTIVATE OR PRESERVE A GOVERNED HOLD OR NO-BIND STATE.","THIS CONTROL DOES NOT CREATE OR EXERCISE INDEPENDENT APPROVAL, RELEASE, OVERRIDE, NO-BIND RESOLUTION, EXECUTION, OR BINDING AUTHORITY.","QUALIFIED HUMANS AND AUTHORIZED ORGANIZATIONAL ROLES REMAIN ACCOUNTABLE FOR INCIDENT DECLARATION, CONTAINMENT, EXCEPTION APPROVAL, RECOVERY ACCEPTANCE, AND RETURN-TO-SERVICE DECISIONS.","OFFICIAL SECURITY, IDENTITY, OPERATIONAL, QUALITY, CLINICAL, MANUFACTURING, AND EXECUTION RECORDS REMAIN IN THEIR GOVERNED SOURCE SYSTEMS.","THREAD D, THREAD D2, RAMAT VISION, GLASSES, WEARABLES, DASHBOARDS, AND DEVICE WITNESSES MAY DISPLAY SECURITY AND COMPROMISE STATE BUT MAY NOT CONTAIN, RECOVER, APPROVE, OVERRIDE, RESOLVE, OR RETURN A SERVICE TO OPERATION.","PLATFORM B v1 AND THREAD D v1 REMAIN ARCHITECTURE LOCKED. STEP 159 DEFINES SECURITY AND RESILIENCE GOVERNANCE FOR THE PLANNED PLATFORM B1 AND THREAD D2 WORKSTREAMS.","PLAN-ONLY, SYNTHETIC-DATA-ONLY, MOCK-IDENTITY-ONLY, NON-PRODUCTION, AND LOCAL-VALIDATION-FIRST. NO PHI, COMPANY PRODUCTION DATA, CLASSIFIED DATA, PAYMENT-CARD DATA, OR REAL REGULATED PRODUCTION INTEGRATION IS AUTHORIZED.","SECURITY AND RESILIENCE CONTROL DESIGN ONLY - NOT IMPLEMENTED","HUMAN SECURITY-CONTROL REVIEW REQUIRED"
"SEC-019","AI Evidence Intelligence Input and Prompt-Injection Defense","AI SECURITY","Azure AI Search readiness, Document Intelligence, governed model endpoints, retrieval workflows, document ingestion, and AI-generated evidence summaries.","Prevent malicious or misleading document content, prompt injection, unsupported extraction, or model output from creating false assurance or bypassing human review.","Document quarantine; file-type allow list; size limits; malware scanning readiness; separation of instructions from evidence; grounded retrieval; output attribution; no autonomous approval.","Prompt-like document content; extraction anomaly; unsupported claim; source mismatch; unexpected tool instruction; model-output contradiction.","QUARANTINE SUSPECT DOCUMENT; MARK AI OUTPUT UNVERIFIED; EXCLUDE IT FROM POSITIVE EVIDENCE SUFFICIENCY; REQUIRE HUMAN REVIEW.","AI_EVIDENCE_INPUT_OR_OUTPUT_UNTRUSTED","Preserve original document; inspect and sanitize; verify source evidence; rerun controlled extraction; document human review and disposition.","Original file hash; quarantine record; extraction result; source citations; human review; sanitized-output record.","Evidence owner, model owner, cybersecurity authority, Quality or regulatory reviewer.","The first implementation slice must not rely on AI-generated evidence conclusions.","WHEN TRUST, IDENTITY, INTEGRITY, AUTHORITY, CONNECTIVITY, SECURITY TELEMETRY, OR SOURCE-STATE ASSURANCE IS MATERIALLY UNKNOWN OR COMPROMISED, PLATFORM B1 MUST ACTIVATE OR PRESERVE A GOVERNED HOLD OR NO-BIND STATE.","THIS CONTROL DOES NOT CREATE OR EXERCISE INDEPENDENT APPROVAL, RELEASE, OVERRIDE, NO-BIND RESOLUTION, EXECUTION, OR BINDING AUTHORITY.","QUALIFIED HUMANS AND AUTHORIZED ORGANIZATIONAL ROLES REMAIN ACCOUNTABLE FOR INCIDENT DECLARATION, CONTAINMENT, EXCEPTION APPROVAL, RECOVERY ACCEPTANCE, AND RETURN-TO-SERVICE DECISIONS.","OFFICIAL SECURITY, IDENTITY, OPERATIONAL, QUALITY, CLINICAL, MANUFACTURING, AND EXECUTION RECORDS REMAIN IN THEIR GOVERNED SOURCE SYSTEMS.","THREAD D, THREAD D2, RAMAT VISION, GLASSES, WEARABLES, DASHBOARDS, AND DEVICE WITNESSES MAY DISPLAY SECURITY AND COMPROMISE STATE BUT MAY NOT CONTAIN, RECOVER, APPROVE, OVERRIDE, RESOLVE, OR RETURN A SERVICE TO OPERATION.","PLATFORM B v1 AND THREAD D v1 REMAIN ARCHITECTURE LOCKED. STEP 159 DEFINES SECURITY AND RESILIENCE GOVERNANCE FOR THE PLANNED PLATFORM B1 AND THREAD D2 WORKSTREAMS.","PLAN-ONLY, SYNTHETIC-DATA-ONLY, MOCK-IDENTITY-ONLY, NON-PRODUCTION, AND LOCAL-VALIDATION-FIRST. NO PHI, COMPANY PRODUCTION DATA, CLASSIFIED DATA, PAYMENT-CARD DATA, OR REAL REGULATED PRODUCTION INTEGRATION IS AUTHORIZED.","SECURITY AND RESILIENCE CONTROL DESIGN ONLY - NOT IMPLEMENTED","HUMAN SECURITY-CONTROL REVIEW REQUIRED"
"SEC-020","Software Supply Chain, Dependency Integrity, and SBOM Governance","SOFTWARE SUPPLY CHAIN","Python dependencies, JavaScript dependencies, PowerShell modules, containers, Azure deployment artifacts, device libraries, and build tooling.","Prevent untrusted, vulnerable, substituted, or untracked dependencies from entering the Assurance OS implementation.","Pinned versions; approved repositories; lock files; hash verification; SBOM generation; dependency review; minimal dependencies; development and production separation.","Vulnerability scanning readiness; dependency drift; unexpected package; hash mismatch; abandoned dependency; license conflict.","BLOCK BUILD OR RELEASE WHEN A REQUIRED DEPENDENCY IS UNVERIFIED, TAMPERED, OR OUTSIDE APPROVED POLICY.","SOFTWARE_SUPPLY_CHAIN_UNTRUSTED","Remove affected dependency; select trusted version; rebuild from known source; regenerate SBOM; rerun tests; document acceptance.","SBOM; dependency lock file; package hashes; scan report; build manifest; change approval; retest evidence.","Software owner, cybersecurity authority, architecture owner, and change authority.","The implementation slice must generate a dependency or component manifest.","WHEN TRUST, IDENTITY, INTEGRITY, AUTHORITY, CONNECTIVITY, SECURITY TELEMETRY, OR SOURCE-STATE ASSURANCE IS MATERIALLY UNKNOWN OR COMPROMISED, PLATFORM B1 MUST ACTIVATE OR PRESERVE A GOVERNED HOLD OR NO-BIND STATE.","THIS CONTROL DOES NOT CREATE OR EXERCISE INDEPENDENT APPROVAL, RELEASE, OVERRIDE, NO-BIND RESOLUTION, EXECUTION, OR BINDING AUTHORITY.","QUALIFIED HUMANS AND AUTHORIZED ORGANIZATIONAL ROLES REMAIN ACCOUNTABLE FOR INCIDENT DECLARATION, CONTAINMENT, EXCEPTION APPROVAL, RECOVERY ACCEPTANCE, AND RETURN-TO-SERVICE DECISIONS.","OFFICIAL SECURITY, IDENTITY, OPERATIONAL, QUALITY, CLINICAL, MANUFACTURING, AND EXECUTION RECORDS REMAIN IN THEIR GOVERNED SOURCE SYSTEMS.","THREAD D, THREAD D2, RAMAT VISION, GLASSES, WEARABLES, DASHBOARDS, AND DEVICE WITNESSES MAY DISPLAY SECURITY AND COMPROMISE STATE BUT MAY NOT CONTAIN, RECOVER, APPROVE, OVERRIDE, RESOLVE, OR RETURN A SERVICE TO OPERATION.","PLATFORM B v1 AND THREAD D v1 REMAIN ARCHITECTURE LOCKED. STEP 159 DEFINES SECURITY AND RESILIENCE GOVERNANCE FOR THE PLANNED PLATFORM B1 AND THREAD D2 WORKSTREAMS.","PLAN-ONLY, SYNTHETIC-DATA-ONLY, MOCK-IDENTITY-ONLY, NON-PRODUCTION, AND LOCAL-VALIDATION-FIRST. NO PHI, COMPANY PRODUCTION DATA, CLASSIFIED DATA, PAYMENT-CARD DATA, OR REAL REGULATED PRODUCTION INTEGRATION IS AUTHORIZED.","SECURITY AND RESILIENCE CONTROL DESIGN ONLY - NOT IMPLEMENTED","HUMAN SECURITY-CONTROL REVIEW REQUIRED"
"SEC-021","Incident Forensic Preservation and Security Chain of Custody","FORENSICS AND INCIDENT EVIDENCE","Logs, events, evidence files, device images, configuration, access records, compromised packages, screenshots, and investigation exports.","Preserve security evidence in a traceable, attributable, integrity-verifiable manner during investigation and recovery.","Forensic-evidence ID; hash; custody record; restricted access; time source; preservation procedure; separate investigation copy.","Custody gap; hash mismatch; unauthorized access; missing timestamp; untracked copy; altered investigation artifact.","MARK FORENSIC EVIDENCE NONDEFENSIBLE WHEN INTEGRITY OR CUSTODY CANNOT BE VERIFIED. DO NOT USE IT AS SOLE BASIS FOR CLEARING A HOLD.","FORENSIC_EVIDENCE_INTEGRITY_OR_CUSTODY_FAILED","Preserve remaining sources; document gap; obtain alternative corroboration; rehash verified artifacts; maintain explicit uncertainty.","Evidence manifest; original hash; custody events; access history; forensic-copy hash; investigation record.","Incident commander, forensic investigator, legal or compliance authority, Quality authority, and evidence custodian.","The implementation slice must preserve an integrity-verifiable audit trail for its synthetic failure.","WHEN TRUST, IDENTITY, INTEGRITY, AUTHORITY, CONNECTIVITY, SECURITY TELEMETRY, OR SOURCE-STATE ASSURANCE IS MATERIALLY UNKNOWN OR COMPROMISED, PLATFORM B1 MUST ACTIVATE OR PRESERVE A GOVERNED HOLD OR NO-BIND STATE.","THIS CONTROL DOES NOT CREATE OR EXERCISE INDEPENDENT APPROVAL, RELEASE, OVERRIDE, NO-BIND RESOLUTION, EXECUTION, OR BINDING AUTHORITY.","QUALIFIED HUMANS AND AUTHORIZED ORGANIZATIONAL ROLES REMAIN ACCOUNTABLE FOR INCIDENT DECLARATION, CONTAINMENT, EXCEPTION APPROVAL, RECOVERY ACCEPTANCE, AND RETURN-TO-SERVICE DECISIONS.","OFFICIAL SECURITY, IDENTITY, OPERATIONAL, QUALITY, CLINICAL, MANUFACTURING, AND EXECUTION RECORDS REMAIN IN THEIR GOVERNED SOURCE SYSTEMS.","THREAD D, THREAD D2, RAMAT VISION, GLASSES, WEARABLES, DASHBOARDS, AND DEVICE WITNESSES MAY DISPLAY SECURITY AND COMPROMISE STATE BUT MAY NOT CONTAIN, RECOVER, APPROVE, OVERRIDE, RESOLVE, OR RETURN A SERVICE TO OPERATION.","PLATFORM B v1 AND THREAD D v1 REMAIN ARCHITECTURE LOCKED. STEP 159 DEFINES SECURITY AND RESILIENCE GOVERNANCE FOR THE PLANNED PLATFORM B1 AND THREAD D2 WORKSTREAMS.","PLAN-ONLY, SYNTHETIC-DATA-ONLY, MOCK-IDENTITY-ONLY, NON-PRODUCTION, AND LOCAL-VALIDATION-FIRST. NO PHI, COMPANY PRODUCTION DATA, CLASSIFIED DATA, PAYMENT-CARD DATA, OR REAL REGULATED PRODUCTION INTEGRATION IS AUTHORIZED.","SECURITY AND RESILIENCE CONTROL DESIGN ONLY - NOT IMPLEMENTED","HUMAN SECURITY-CONTROL REVIEW REQUIRED"
"SEC-022","Compromise Declaration, Containment, and Return-to-Service Governance","COMPROMISE GOVERNANCE","All Platform B1, Thread D2, evidence, connector, event, edge, wearable, offline, identity, AI, and observability components.","Define who may declare compromise, contain services, preserve evidence, approve recovery, and return components to service.","Named incident roles; consequence classification; containment authority; communications plan; recovery checklist; return-to-service criteria; segregation of duties.","Security alerts; evidence-integrity failure; identity compromise; monitoring loss; unauthorized change; recovery-test failure.","PLACE AFFECTED COMPONENTS IN SECURITY HOLD OR NO-BIND; SUSPEND TRUSTED OUTPUTS; EXPIRE DISPLAY CONTRACTS; PREVENT DEFAULT CONTINUATION.","SECURITY_COMPROMISE_DECLARED","Contain; preserve evidence; revoke compromised trust; eradicate cause; restore trusted state; reconcile data; rerun assurance checks; obtain authorized human return-to-service decision.","Incident declaration; scope assessment; containment record; evidence manifest; recovery evidence; reevaluation results; return-to-service authorization.","Incident commander, cybersecurity authority, platform owner, affected source-system owner, Quality or process authority, and accountable business owner.","The first implementation slice must define a synthetic security-hold and controlled reset path.","WHEN TRUST, IDENTITY, INTEGRITY, AUTHORITY, CONNECTIVITY, SECURITY TELEMETRY, OR SOURCE-STATE ASSURANCE IS MATERIALLY UNKNOWN OR COMPROMISED, PLATFORM B1 MUST ACTIVATE OR PRESERVE A GOVERNED HOLD OR NO-BIND STATE.","THIS CONTROL DOES NOT CREATE OR EXERCISE INDEPENDENT APPROVAL, RELEASE, OVERRIDE, NO-BIND RESOLUTION, EXECUTION, OR BINDING AUTHORITY.","QUALIFIED HUMANS AND AUTHORIZED ORGANIZATIONAL ROLES REMAIN ACCOUNTABLE FOR INCIDENT DECLARATION, CONTAINMENT, EXCEPTION APPROVAL, RECOVERY ACCEPTANCE, AND RETURN-TO-SERVICE DECISIONS.","OFFICIAL SECURITY, IDENTITY, OPERATIONAL, QUALITY, CLINICAL, MANUFACTURING, AND EXECUTION RECORDS REMAIN IN THEIR GOVERNED SOURCE SYSTEMS.","THREAD D, THREAD D2, RAMAT VISION, GLASSES, WEARABLES, DASHBOARDS, AND DEVICE WITNESSES MAY DISPLAY SECURITY AND COMPROMISE STATE BUT MAY NOT CONTAIN, RECOVER, APPROVE, OVERRIDE, RESOLVE, OR RETURN A SERVICE TO OPERATION.","PLATFORM B v1 AND THREAD D v1 REMAIN ARCHITECTURE LOCKED. STEP 159 DEFINES SECURITY AND RESILIENCE GOVERNANCE FOR THE PLANNED PLATFORM B1 AND THREAD D2 WORKSTREAMS.","PLAN-ONLY, SYNTHETIC-DATA-ONLY, MOCK-IDENTITY-ONLY, NON-PRODUCTION, AND LOCAL-VALIDATION-FIRST. NO PHI, COMPANY PRODUCTION DATA, CLASSIFIED DATA, PAYMENT-CARD DATA, OR REAL REGULATED PRODUCTION INTEGRATION IS AUTHORIZED.","SECURITY AND RESILIENCE CONTROL DESIGN ONLY - NOT IMPLEMENTED","HUMAN SECURITY-CONTROL REVIEW REQUIRED"
