"ComponentId","ComponentName","DeploymentZone","HostingModel","Purpose","PrimaryServices","AllowedData","ProhibitedData","IdentityAndAccessModel","NetworkBoundary","ConnectivityModel","OfflineBehavior","SourceOfTruthRole","AssuranceRole","DisplayRole","SecretHandlingRule","EncryptionRule","DataMinimizationRule","AuthorityBoundary","HumanAccountabilityRule","ArchitectureBoundary","DataBoundary","ImplementationStatus","Step159Dependency","ReviewStatus"
"DEP-001","Platform A Governance and Use-Case Intake","AZURE GOVERNANCE PLANE","AZURE WEB AND GOVERNANCE SERVICES","Register regulated AI and assurance use cases, ownership, risk context, system inventory, governance classification, and commercialization track.","Azure Functions; Azure Storage; Microsoft Entra ID; managed identity; Application Insights; Log Analytics; governed API layer.","Synthetic use-case metadata, mock owners, risk classifications, system references, control mappings, and governance status.","PHI, production credentials, raw company production records, classified data, or executable approval instructions.","Entra sign-in, app roles, least privilege, managed identities, RBAC, Conditional Access readiness, and PIM readiness.","HTTPS-only application boundary behind governed ingress and WAF readiness.","Uses approved APIs and governed references; no direct uncontrolled browser access to source systems.","No binding offline operation. Cached governance context must be marked stale.","Governance registry only; not the official operational or regulated source record.","Registers context but has no independent assurance-decision authority.","May provide governed context to Platform B, Platform B1, Thread C, and authorized dashboards.","NO BROWSER-EXPOSED SECRETS. USE MANAGED IDENTITIES, KEY VAULT, SERVER-SIDE SECRET RETRIEVAL, FUNCTION-KEY PROTECTION, AND THE APPROVED SAME-ORIGIN PROXY PATTERN.","ENCRYPT DATA IN TRANSIT AND AT REST. USE GOVERNED KEY MANAGEMENT, EXPLICIT KEY OWNERSHIP, ROTATION READINESS, AND AUDITABLE ACCESS.","STORE OR TRANSMIT ONLY THE MINIMUM AUTHORIZED ASSURANCE METADATA, GOVERNED REFERENCES, SYNTHETIC DEMONSTRATION DATA, INTEGRITY VALUES, AND DISPLAY-CONTRACT FIELDS REQUIRED FOR THE USE CASE.","THE DEPLOYMENT COMPONENT DOES NOT CREATE INDEPENDENT APPROVAL, RELEASE, OVERRIDE, NO-BIND RESOLUTION, EXECUTION, OR BINDING AUTHORITY.","QUALIFIED HUMANS AND AUTHORIZED ORGANIZATIONAL ROLES REMAIN ACCOUNTABLE FOR BINDING DECISIONS.","PLATFORM B v1 AND THREAD D v1 REMAIN ARCHITECTURE LOCKED. PLATFORM B1 AND THREAD D2 ARE SEPARATE MVP2 WORKSTREAMS.","PLAN-ONLY, SIMULATOR-FIRST, MOCK-DATA-FIRST, LOCAL-VALIDATION-FIRST. NO PHI, COMPANY PRODUCTION DATA, CLASSIFIED DATA, PAYMENT-CARD DATA, OR REAL REGULATED PRODUCTION INTEGRATION IS AUTHORIZED BY STEP 158.","DEPLOYMENT PLAN ONLY - NOT IMPLEMENTED","Define identity hardening, privileged administration, threat monitoring, and compromise response.","HUMAN DEPLOYMENT-PLAN REVIEW REQUIRED"
"DEP-002","Platform B v1 Locked Assurance Core","AZURE LOCKED CORE PLANE","EXISTING PLATFORM B v1 DEPLOYMENT BOUNDARY","Preserve the frozen six-capability assurance core without architectural reopening.","Existing Platform B v1 application services and approved Azure dependencies only.","Governed use-case records, synthetic evidence, trust scores, assurance-check inputs, admissibility records, and simulator messages.","Unapproved new Platform B v1 capabilities, direct production execution, browser secrets, PHI, or real regulated production records.","Existing approved identity model; server-side secrets; managed identity readiness; least privilege.","Frozen Platform B v1 application and API boundary.","Receives governed inputs and emits bounded assurance state through approved interfaces.","No new offline capability introduced by Step 158.","Assurance record layer only; does not replace official source systems.","Performs the locked Platform B v1 assurance evaluation functions.","Supplies bounded state to the locked Thread D v1 connector.","NO BROWSER-EXPOSED SECRETS. USE MANAGED IDENTITIES, KEY VAULT, SERVER-SIDE SECRET RETRIEVAL, FUNCTION-KEY PROTECTION, AND THE APPROVED SAME-ORIGIN PROXY PATTERN.","ENCRYPT DATA IN TRANSIT AND AT REST. USE GOVERNED KEY MANAGEMENT, EXPLICIT KEY OWNERSHIP, ROTATION READINESS, AND AUDITABLE ACCESS.","STORE OR TRANSMIT ONLY THE MINIMUM AUTHORIZED ASSURANCE METADATA, GOVERNED REFERENCES, SYNTHETIC DEMONSTRATION DATA, INTEGRITY VALUES, AND DISPLAY-CONTRACT FIELDS REQUIRED FOR THE USE CASE.","THE DEPLOYMENT COMPONENT DOES NOT CREATE INDEPENDENT APPROVAL, RELEASE, OVERRIDE, NO-BIND RESOLUTION, EXECUTION, OR BINDING AUTHORITY.","QUALIFIED HUMANS AND AUTHORIZED ORGANIZATIONAL ROLES REMAIN ACCOUNTABLE FOR BINDING DECISIONS.","PLATFORM B v1 AND THREAD D v1 REMAIN ARCHITECTURE LOCKED. PLATFORM B1 AND THREAD D2 ARE SEPARATE MVP2 WORKSTREAMS.","PLAN-ONLY, SIMULATOR-FIRST, MOCK-DATA-FIRST, LOCAL-VALIDATION-FIRST. NO PHI, COMPANY PRODUCTION DATA, CLASSIFIED DATA, PAYMENT-CARD DATA, OR REAL REGULATED PRODUCTION INTEGRATION IS AUTHORIZED BY STEP 158.","DEPLOYMENT PLAN ONLY - NOT IMPLEMENTED","Confirm frozen-core security baseline, failover boundary, logging, and trusted-update controls.","HUMAN DEPLOYMENT-PLAN REVIEW REQUIRED"
"DEP-003","Platform B1 Advanced Assurance Services","AZURE ADVANCED ASSURANCE PLANE","NEW PLATFORM B1 / MVP2 AZURE WORKSTREAM","Evaluate evidence integrity, regulated-object identity, workflow dependencies, authority, human accountability, No-Bind state, admissibility, and reconstruction.","Azure Functions; Event Grid; Cosmos DB; Azure AI Search; Document Intelligence; Storage; Key Vault; Application Insights.","Synthetic evidence metadata, hashes, rehash results, canonical mock identities, dependency states, authority states, No-Bind states, and display contracts.","Unapproved production source records, PHI, browser-exposed credentials, autonomous regulated execution, or hidden human-approval substitution.","Managed identities, Entra app roles, RBAC, service-to-service authentication, Key Vault, Conditional Access readiness, and PIM readiness.","Private endpoint and Private Link readiness; controlled API Management boundary; no public data-store access.","Event-driven and API-mediated assurance evaluation using governed source references.","May queue synthetic events locally, but unresolved or stale state must remain unknown or held.","Evaluates referenced evidence and state; does not become the official operational record.","Advanced assurance decision-support and No-Bind evaluation layer.","Produces bounded state for Thread D2 and RAMAT Vision display contracts.","NO BROWSER-EXPOSED SECRETS. USE MANAGED IDENTITIES, KEY VAULT, SERVER-SIDE SECRET RETRIEVAL, FUNCTION-KEY PROTECTION, AND THE APPROVED SAME-ORIGIN PROXY PATTERN.","ENCRYPT DATA IN TRANSIT AND AT REST. USE GOVERNED KEY MANAGEMENT, EXPLICIT KEY OWNERSHIP, ROTATION READINESS, AND AUDITABLE ACCESS.","STORE OR TRANSMIT ONLY THE MINIMUM AUTHORIZED ASSURANCE METADATA, GOVERNED REFERENCES, SYNTHETIC DEMONSTRATION DATA, INTEGRITY VALUES, AND DISPLAY-CONTRACT FIELDS REQUIRED FOR THE USE CASE.","THE DEPLOYMENT COMPONENT DOES NOT CREATE INDEPENDENT APPROVAL, RELEASE, OVERRIDE, NO-BIND RESOLUTION, EXECUTION, OR BINDING AUTHORITY.","QUALIFIED HUMANS AND AUTHORIZED ORGANIZATIONAL ROLES REMAIN ACCOUNTABLE FOR BINDING DECISIONS.","PLATFORM B v1 AND THREAD D v1 REMAIN ARCHITECTURE LOCKED. PLATFORM B1 AND THREAD D2 ARE SEPARATE MVP2 WORKSTREAMS.","PLAN-ONLY, SIMULATOR-FIRST, MOCK-DATA-FIRST, LOCAL-VALIDATION-FIRST. NO PHI, COMPANY PRODUCTION DATA, CLASSIFIED DATA, PAYMENT-CARD DATA, OR REAL REGULATED PRODUCTION INTEGRATION IS AUTHORIZED BY STEP 158.","DEPLOYMENT PLAN ONLY - NOT IMPLEMENTED","Define secure event ingestion, fail-closed behavior, replay protection, compromise holds, and recovery.","HUMAN DEPLOYMENT-PLAN REVIEW REQUIRED"
"DEP-004","Assurance Evidence and Integrity Store","AZURE CONTROLLED DATA PLANE","AZURE STORAGE AND DATABASE SERVICES","Store synthetic evidence objects, governed references, hashes, rehash results, identity bindings, assurance snapshots, and reconstruction metadata.","Azure Blob Storage; Azure Table Storage; Cosmos DB; Storage Account; Key Vault.","Synthetic files, mock records, integrity values, metadata, lifecycle state, object references, provenance links, and assurance-event records.","Unapproved production exports, PHI, plaintext secrets, uncontrolled source-system replicas, or classified data.","Managed identity access, least privilege, separate read/write roles, and auditable administrative access.","Private endpoint readiness, public-access restriction, storage firewall, and network-segment controls.","Accessible only through approved server-side services and controlled administrative paths.","Offline packages use encrypted local cache and must reconcile before being treated as current.","Stores assurance evidence references and integrity metadata; official records remain in source systems.","Supports hashing, rehashing, provenance, identity, and reconstruction.","No direct wearable or browser access; display receives minimum necessary evaluated state.","NO BROWSER-EXPOSED SECRETS. USE MANAGED IDENTITIES, KEY VAULT, SERVER-SIDE SECRET RETRIEVAL, FUNCTION-KEY PROTECTION, AND THE APPROVED SAME-ORIGIN PROXY PATTERN.","ENCRYPT DATA IN TRANSIT AND AT REST. USE GOVERNED KEY MANAGEMENT, EXPLICIT KEY OWNERSHIP, ROTATION READINESS, AND AUDITABLE ACCESS.","STORE OR TRANSMIT ONLY THE MINIMUM AUTHORIZED ASSURANCE METADATA, GOVERNED REFERENCES, SYNTHETIC DEMONSTRATION DATA, INTEGRITY VALUES, AND DISPLAY-CONTRACT FIELDS REQUIRED FOR THE USE CASE.","THE DEPLOYMENT COMPONENT DOES NOT CREATE INDEPENDENT APPROVAL, RELEASE, OVERRIDE, NO-BIND RESOLUTION, EXECUTION, OR BINDING AUTHORITY.","QUALIFIED HUMANS AND AUTHORIZED ORGANIZATIONAL ROLES REMAIN ACCOUNTABLE FOR BINDING DECISIONS.","PLATFORM B v1 AND THREAD D v1 REMAIN ARCHITECTURE LOCKED. PLATFORM B1 AND THREAD D2 ARE SEPARATE MVP2 WORKSTREAMS.","PLAN-ONLY, SIMULATOR-FIRST, MOCK-DATA-FIRST, LOCAL-VALIDATION-FIRST. NO PHI, COMPANY PRODUCTION DATA, CLASSIFIED DATA, PAYMENT-CARD DATA, OR REAL REGULATED PRODUCTION INTEGRATION IS AUTHORIZED BY STEP 158.","DEPLOYMENT PLAN ONLY - NOT IMPLEMENTED","Define backup, immutable retention readiness, key compromise handling, restore testing, and evidence-tamper response.","HUMAN DEPLOYMENT-PLAN REVIEW REQUIRED"
"DEP-005","Source-System Connector Boundary","ON-PREMISES AND PRIVATE ENTERPRISE CONNECTOR ZONE","ON-PREMISES OR PRIVATE-NETWORK CONNECTOR SERVICES","Provide bounded read-only or simulation-safe access to governed source-system references without exposing source credentials or replacing official systems.","Private connector service; approved APIs; service accounts; managed gateway; API Management; Private Link or private network path where applicable.","Governed record identifiers, status metadata, synthetic payloads, approved event metadata, and verification timestamps.","Direct browser database access, unrestricted production extracts, shared credentials, unapproved write-back, PHI, or uncontrolled source-system replication.","Dedicated service identity, least privilege, read-only default, credential vaulting, certificate or managed-identity authentication where supported.","Enterprise private network boundary with explicit firewall, proxy, route, and allow-list controls.","Pull or event-based integration through controlled connectors; no ambient trust.","Connector outage produces UNKNOWN, STALE, DELAYED, or DEPENDENCY UNSATISFIED state.","Source systems remain authoritative; connector transmits governed references and observed state.","Supplies source-state evidence to Platform B1 without making assurance decisions.","No direct display authority.","NO BROWSER-EXPOSED SECRETS. USE MANAGED IDENTITIES, KEY VAULT, SERVER-SIDE SECRET RETRIEVAL, FUNCTION-KEY PROTECTION, AND THE APPROVED SAME-ORIGIN PROXY PATTERN.","ENCRYPT DATA IN TRANSIT AND AT REST. USE GOVERNED KEY MANAGEMENT, EXPLICIT KEY OWNERSHIP, ROTATION READINESS, AND AUDITABLE ACCESS.","STORE OR TRANSMIT ONLY THE MINIMUM AUTHORIZED ASSURANCE METADATA, GOVERNED REFERENCES, SYNTHETIC DEMONSTRATION DATA, INTEGRITY VALUES, AND DISPLAY-CONTRACT FIELDS REQUIRED FOR THE USE CASE.","THE DEPLOYMENT COMPONENT DOES NOT CREATE INDEPENDENT APPROVAL, RELEASE, OVERRIDE, NO-BIND RESOLUTION, EXECUTION, OR BINDING AUTHORITY.","QUALIFIED HUMANS AND AUTHORIZED ORGANIZATIONAL ROLES REMAIN ACCOUNTABLE FOR BINDING DECISIONS.","PLATFORM B v1 AND THREAD D v1 REMAIN ARCHITECTURE LOCKED. PLATFORM B1 AND THREAD D2 ARE SEPARATE MVP2 WORKSTREAMS.","PLAN-ONLY, SIMULATOR-FIRST, MOCK-DATA-FIRST, LOCAL-VALIDATION-FIRST. NO PHI, COMPANY PRODUCTION DATA, CLASSIFIED DATA, PAYMENT-CARD DATA, OR REAL REGULATED PRODUCTION INTEGRATION IS AUTHORIZED BY STEP 158.","DEPLOYMENT PLAN ONLY - NOT IMPLEMENTED","Define connector authentication, network compromise detection, circuit breaking, fail-closed behavior, and recovery.","HUMAN DEPLOYMENT-PLAN REVIEW REQUIRED"
"DEP-006","Azure Event and Assurance Signal Fabric","AZURE EVENT-DRIVEN ASSURANCE PLANE","AZURE EVENT SERVICES","Route synthetic assurance events, evidence changes, dependency-state changes, identity alerts, No-Bind events, and display-contract refresh signals.","Azure Event Grid; Azure Functions; Application Insights; Log Analytics; future service-bus readiness.","Synthetic event envelopes, object IDs, event types, timestamps, correlation IDs, integrity references, and state changes.","Full uncontrolled source records, secrets, PHI, executable approvals, or unsigned privileged commands.","Managed service identities, scoped event publishers and subscribers, and auditable authorization.","Private event endpoints and governed subscriptions where supported.","Event-driven, idempotent, correlated, and replay-aware assurance messaging.","Disconnected publishers queue only bounded synthetic events; delayed events are marked delayed and revalidated.","Transport only; not the official event or operational source of truth.","Triggers evaluation and refresh but does not determine final assurance state.","May trigger expiration or refresh of RAMAT display contracts.","NO BROWSER-EXPOSED SECRETS. USE MANAGED IDENTITIES, KEY VAULT, SERVER-SIDE SECRET RETRIEVAL, FUNCTION-KEY PROTECTION, AND THE APPROVED SAME-ORIGIN PROXY PATTERN.","ENCRYPT DATA IN TRANSIT AND AT REST. USE GOVERNED KEY MANAGEMENT, EXPLICIT KEY OWNERSHIP, ROTATION READINESS, AND AUDITABLE ACCESS.","STORE OR TRANSMIT ONLY THE MINIMUM AUTHORIZED ASSURANCE METADATA, GOVERNED REFERENCES, SYNTHETIC DEMONSTRATION DATA, INTEGRITY VALUES, AND DISPLAY-CONTRACT FIELDS REQUIRED FOR THE USE CASE.","THE DEPLOYMENT COMPONENT DOES NOT CREATE INDEPENDENT APPROVAL, RELEASE, OVERRIDE, NO-BIND RESOLUTION, EXECUTION, OR BINDING AUTHORITY.","QUALIFIED HUMANS AND AUTHORIZED ORGANIZATIONAL ROLES REMAIN ACCOUNTABLE FOR BINDING DECISIONS.","PLATFORM B v1 AND THREAD D v1 REMAIN ARCHITECTURE LOCKED. PLATFORM B1 AND THREAD D2 ARE SEPARATE MVP2 WORKSTREAMS.","PLAN-ONLY, SIMULATOR-FIRST, MOCK-DATA-FIRST, LOCAL-VALIDATION-FIRST. NO PHI, COMPANY PRODUCTION DATA, CLASSIFIED DATA, PAYMENT-CARD DATA, OR REAL REGULATED PRODUCTION INTEGRATION IS AUTHORIZED BY STEP 158.","DEPLOYMENT PLAN ONLY - NOT IMPLEMENTED","Define signing, replay protection, dead-letter handling, poison-event quarantine, and recovery sequencing.","HUMAN DEPLOYMENT-PLAN REVIEW REQUIRED"
"DEP-007","Azure AI Evidence Intelligence Services","AZURE AI EVIDENCE PLANE","AZURE AI SERVICES WITH GOVERNED ACCESS","Extract, index, compare, and retrieve synthetic evidence content for human-reviewed assurance and claim-to-proof demonstrations.","Azure AI Search; Azure Document Intelligence; governed model endpoint readiness; Cosmos DB; Storage.","Synthetic documents, mock evidence packages, extracted metadata, controlled embeddings, and claim-to-proof links.","Unapproved proprietary production documents, PHI, model-training reuse without authorization, autonomous approval, or unsupported regulatory conclusions.","Managed identities, private access readiness, restricted indexes, and explicit role separation.","Private endpoint readiness and no direct public client access to evidence indexes.","Server-side retrieval and extraction through controlled Platform B1 services.","No claim may be treated as verified when retrieval or extraction services are unavailable.","Evidence intelligence and retrieval support only; extracted content does not replace source documents.","Supports evidence discovery and comparison; Platform B1 evaluates assurance.","Only summarized, attributed, redacted results may enter display contracts.","NO BROWSER-EXPOSED SECRETS. USE MANAGED IDENTITIES, KEY VAULT, SERVER-SIDE SECRET RETRIEVAL, FUNCTION-KEY PROTECTION, AND THE APPROVED SAME-ORIGIN PROXY PATTERN.","ENCRYPT DATA IN TRANSIT AND AT REST. USE GOVERNED KEY MANAGEMENT, EXPLICIT KEY OWNERSHIP, ROTATION READINESS, AND AUDITABLE ACCESS.","STORE OR TRANSMIT ONLY THE MINIMUM AUTHORIZED ASSURANCE METADATA, GOVERNED REFERENCES, SYNTHETIC DEMONSTRATION DATA, INTEGRITY VALUES, AND DISPLAY-CONTRACT FIELDS REQUIRED FOR THE USE CASE.","THE DEPLOYMENT COMPONENT DOES NOT CREATE INDEPENDENT APPROVAL, RELEASE, OVERRIDE, NO-BIND RESOLUTION, EXECUTION, OR BINDING AUTHORITY.","QUALIFIED HUMANS AND AUTHORIZED ORGANIZATIONAL ROLES REMAIN ACCOUNTABLE FOR BINDING DECISIONS.","PLATFORM B v1 AND THREAD D v1 REMAIN ARCHITECTURE LOCKED. PLATFORM B1 AND THREAD D2 ARE SEPARATE MVP2 WORKSTREAMS.","PLAN-ONLY, SIMULATOR-FIRST, MOCK-DATA-FIRST, LOCAL-VALIDATION-FIRST. NO PHI, COMPANY PRODUCTION DATA, CLASSIFIED DATA, PAYMENT-CARD DATA, OR REAL REGULATED PRODUCTION INTEGRATION IS AUTHORIZED BY STEP 158.","DEPLOYMENT PLAN ONLY - NOT IMPLEMENTED","Define prompt-injection resistance, document quarantine, model endpoint compromise response, and index recovery.","HUMAN DEPLOYMENT-PLAN REVIEW REQUIRED"
"DEP-008","Identity, Role, and Privileged Access Fabric","AZURE IDENTITY AND ACCESS PLANE","MICROSOFT ENTRA AND GOVERNED ENTERPRISE ACCESS","Provide user, service, role, privileged-access, and application identity controls.","Microsoft Entra ID; Entra app roles; Managed Identities; RBAC; Conditional Access readiness; PIM readiness; Key Vault.","Mock identities, role assignments, service principals, authorization metadata, and audit events.","Shared administrator credentials, browser-stored secrets, ungoverned local accounts, or silent privilege elevation.","Zero-standing-privilege objective, least privilege, managed identities, role separation, and privileged activation readiness.","Identity provider boundary with explicit application registration and redirect restrictions.","Token-based user and service authentication with explicit audience and role validation.","Offline clients cannot create new authority. Cached identity state must be marked stale and non-binding.","Entra or the governed enterprise identity source remains authoritative for identity and role state.","Provides identity and role evidence; Platform B1 evaluates authority sufficiency.","RAMAT may display bounded role and authority state without exposing sensitive identity data.","NO BROWSER-EXPOSED SECRETS. USE MANAGED IDENTITIES, KEY VAULT, SERVER-SIDE SECRET RETRIEVAL, FUNCTION-KEY PROTECTION, AND THE APPROVED SAME-ORIGIN PROXY PATTERN.","ENCRYPT DATA IN TRANSIT AND AT REST. USE GOVERNED KEY MANAGEMENT, EXPLICIT KEY OWNERSHIP, ROTATION READINESS, AND AUDITABLE ACCESS.","STORE OR TRANSMIT ONLY THE MINIMUM AUTHORIZED ASSURANCE METADATA, GOVERNED REFERENCES, SYNTHETIC DEMONSTRATION DATA, INTEGRITY VALUES, AND DISPLAY-CONTRACT FIELDS REQUIRED FOR THE USE CASE.","THE DEPLOYMENT COMPONENT DOES NOT CREATE INDEPENDENT APPROVAL, RELEASE, OVERRIDE, NO-BIND RESOLUTION, EXECUTION, OR BINDING AUTHORITY.","QUALIFIED HUMANS AND AUTHORIZED ORGANIZATIONAL ROLES REMAIN ACCOUNTABLE FOR BINDING DECISIONS.","PLATFORM B v1 AND THREAD D v1 REMAIN ARCHITECTURE LOCKED. PLATFORM B1 AND THREAD D2 ARE SEPARATE MVP2 WORKSTREAMS.","PLAN-ONLY, SIMULATOR-FIRST, MOCK-DATA-FIRST, LOCAL-VALIDATION-FIRST. NO PHI, COMPANY PRODUCTION DATA, CLASSIFIED DATA, PAYMENT-CARD DATA, OR REAL REGULATED PRODUCTION INTEGRATION IS AUTHORIZED BY STEP 158.","DEPLOYMENT PLAN ONLY - NOT IMPLEMENTED","Define credential compromise, token theft, emergency access, role-revocation propagation, and privileged-session review.","HUMAN DEPLOYMENT-PLAN REVIEW REQUIRED"
"DEP-009","Enterprise Security Monitoring and Governance Signals","AZURE SECURITY OPERATIONS PLANE","AZURE AND ENTERPRISE SECURITY SERVICES","Provide security posture, threat, WAF, API, identity, endpoint, and incident signals that may create assurance holds or No-Bind states.","Microsoft Defender readiness; Microsoft Sentinel readiness; Log Analytics; Application Insights; Front Door/WAF readiness; API Management.","Synthetic alerts, security-state metadata, policy outcomes, incident references, and assurance hold signals.","Unredacted production security secrets, exploit payloads in displays, unrestricted logs, or automatic approval bypass.","Security-role separation, least privilege, managed identities, and controlled incident-response access.","Security-monitoring plane separated from end-user display and application data planes.","Security findings enter Platform B1 as governed evidence and dependency signals.","Loss of required security telemetry may create UNKNOWN, STALE, SECURITY HOLD, or NO-BIND state.","Security platforms remain authoritative for their own alerts and incident records.","Provides security evidence; Platform B1 determines assurance consequences.","RAMAT displays only bounded security assurance states and required human escalation.","NO BROWSER-EXPOSED SECRETS. USE MANAGED IDENTITIES, KEY VAULT, SERVER-SIDE SECRET RETRIEVAL, FUNCTION-KEY PROTECTION, AND THE APPROVED SAME-ORIGIN PROXY PATTERN.","ENCRYPT DATA IN TRANSIT AND AT REST. USE GOVERNED KEY MANAGEMENT, EXPLICIT KEY OWNERSHIP, ROTATION READINESS, AND AUDITABLE ACCESS.","STORE OR TRANSMIT ONLY THE MINIMUM AUTHORIZED ASSURANCE METADATA, GOVERNED REFERENCES, SYNTHETIC DEMONSTRATION DATA, INTEGRITY VALUES, AND DISPLAY-CONTRACT FIELDS REQUIRED FOR THE USE CASE.","THE DEPLOYMENT COMPONENT DOES NOT CREATE INDEPENDENT APPROVAL, RELEASE, OVERRIDE, NO-BIND RESOLUTION, EXECUTION, OR BINDING AUTHORITY.","QUALIFIED HUMANS AND AUTHORIZED ORGANIZATIONAL ROLES REMAIN ACCOUNTABLE FOR BINDING DECISIONS.","PLATFORM B v1 AND THREAD D v1 REMAIN ARCHITECTURE LOCKED. PLATFORM B1 AND THREAD D2 ARE SEPARATE MVP2 WORKSTREAMS.","PLAN-ONLY, SIMULATOR-FIRST, MOCK-DATA-FIRST, LOCAL-VALIDATION-FIRST. NO PHI, COMPANY PRODUCTION DATA, CLASSIFIED DATA, PAYMENT-CARD DATA, OR REAL REGULATED PRODUCTION INTEGRATION IS AUTHORIZED BY STEP 158.","DEPLOYMENT PLAN ONLY - NOT IMPLEMENTED","Define compromise-state taxonomy, automatic containment boundaries, security No-Bind rules, and forensic preservation.","HUMAN DEPLOYMENT-PLAN REVIEW REQUIRED"
"DEP-010","Observability and Assurance Audit Telemetry","AZURE OBSERVABILITY PLANE","CENTRALIZED AZURE MONITORING SERVICES","Capture application telemetry, evaluation traces, connector health, display-contract issuance, No-Bind events, failures, latency, and audit-support metadata.","Application Insights; Log Analytics; Azure Monitor readiness; diagnostic settings.","Correlation IDs, synthetic object IDs, service health, event timing, errors, audit metadata, and security-safe diagnostics.","Secrets, tokens, full evidence payloads, PHI, sensitive proprietary content, or uncontrolled personal data.","Separate telemetry writers and readers, least privilege, controlled analyst access, and retention governance.","Central telemetry boundary with governed ingestion and restricted query access.","All deployment zones emit structured, correlated, minimum-necessary telemetry.","Edge devices buffer bounded telemetry locally and mark upload gaps explicitly.","Observability evidence only; not the official regulated operational record.","Supports health, failure, chronology, and reconstruction assurance.","May provide service-health and freshness signals to authorized displays.","NO BROWSER-EXPOSED SECRETS. USE MANAGED IDENTITIES, KEY VAULT, SERVER-SIDE SECRET RETRIEVAL, FUNCTION-KEY PROTECTION, AND THE APPROVED SAME-ORIGIN PROXY PATTERN.","ENCRYPT DATA IN TRANSIT AND AT REST. USE GOVERNED KEY MANAGEMENT, EXPLICIT KEY OWNERSHIP, ROTATION READINESS, AND AUDITABLE ACCESS.","STORE OR TRANSMIT ONLY THE MINIMUM AUTHORIZED ASSURANCE METADATA, GOVERNED REFERENCES, SYNTHETIC DEMONSTRATION DATA, INTEGRITY VALUES, AND DISPLAY-CONTRACT FIELDS REQUIRED FOR THE USE CASE.","THE DEPLOYMENT COMPONENT DOES NOT CREATE INDEPENDENT APPROVAL, RELEASE, OVERRIDE, NO-BIND RESOLUTION, EXECUTION, OR BINDING AUTHORITY.","QUALIFIED HUMANS AND AUTHORIZED ORGANIZATIONAL ROLES REMAIN ACCOUNTABLE FOR BINDING DECISIONS.","PLATFORM B v1 AND THREAD D v1 REMAIN ARCHITECTURE LOCKED. PLATFORM B1 AND THREAD D2 ARE SEPARATE MVP2 WORKSTREAMS.","PLAN-ONLY, SIMULATOR-FIRST, MOCK-DATA-FIRST, LOCAL-VALIDATION-FIRST. NO PHI, COMPANY PRODUCTION DATA, CLASSIFIED DATA, PAYMENT-CARD DATA, OR REAL REGULATED PRODUCTION INTEGRATION IS AUTHORIZED BY STEP 158.","DEPLOYMENT PLAN ONLY - NOT IMPLEMENTED","Define log integrity, retention, alert routing, tamper detection, monitoring blind-spot handling, and recovery.","HUMAN DEPLOYMENT-PLAN REVIEW REQUIRED"
"DEP-011","Thread D v1 Locked Context-Witness Connector","LOCKED DISPLAY CONNECTOR PLANE","EXISTING THREAD D v1 BOUNDARY","Preserve the locked connector that displays or witnesses bounded Platform B v1 state.","Existing Thread D v1 connector and validated same-origin proxy pattern.","Bounded Platform B v1 display state and synthetic simulator context.","New decision logic, Platform B1 advanced state, approval controls, execution controls, or exposed secrets.","Existing approved access model with no browser-exposed secrets.","Locked Thread D v1 connector boundary.","Consumes only approved Platform B v1 state.","No new offline capability; unavailable state must not appear current.","Not a source system and not evidence authority.","No assurance-decision authority.","DISPLAY / WITNESS ONLY for Platform B v1.","NO BROWSER-EXPOSED SECRETS. USE MANAGED IDENTITIES, KEY VAULT, SERVER-SIDE SECRET RETRIEVAL, FUNCTION-KEY PROTECTION, AND THE APPROVED SAME-ORIGIN PROXY PATTERN.","ENCRYPT DATA IN TRANSIT AND AT REST. USE GOVERNED KEY MANAGEMENT, EXPLICIT KEY OWNERSHIP, ROTATION READINESS, AND AUDITABLE ACCESS.","STORE OR TRANSMIT ONLY THE MINIMUM AUTHORIZED ASSURANCE METADATA, GOVERNED REFERENCES, SYNTHETIC DEMONSTRATION DATA, INTEGRITY VALUES, AND DISPLAY-CONTRACT FIELDS REQUIRED FOR THE USE CASE.","THE DEPLOYMENT COMPONENT DOES NOT CREATE INDEPENDENT APPROVAL, RELEASE, OVERRIDE, NO-BIND RESOLUTION, EXECUTION, OR BINDING AUTHORITY.","QUALIFIED HUMANS AND AUTHORIZED ORGANIZATIONAL ROLES REMAIN ACCOUNTABLE FOR BINDING DECISIONS.","PLATFORM B v1 AND THREAD D v1 REMAIN ARCHITECTURE LOCKED. PLATFORM B1 AND THREAD D2 ARE SEPARATE MVP2 WORKSTREAMS.","PLAN-ONLY, SIMULATOR-FIRST, MOCK-DATA-FIRST, LOCAL-VALIDATION-FIRST. NO PHI, COMPANY PRODUCTION DATA, CLASSIFIED DATA, PAYMENT-CARD DATA, OR REAL REGULATED PRODUCTION INTEGRATION IS AUTHORIZED BY STEP 158.","DEPLOYMENT PLAN ONLY - NOT IMPLEMENTED","Verify connector integrity, same-origin proxy security, fail-closed behavior, and trusted-update controls.","HUMAN DEPLOYMENT-PLAN REVIEW REQUIRED"
"DEP-012","Thread D2 and RAMAT Vision Delivery Gateway","AZURE ADVANCED DISPLAY DELIVERY PLANE","THREAD D2 / MVP2 SAME-ORIGIN DELIVERY WORKSTREAM","Deliver expiring, redacted Platform B1 display contracts to RAMAT Vision, authorized browsers, and wearable simulators.","Thread D2 application; Azure Functions; same-origin proxy; API Management readiness; Front Door/WAF readiness; Application Insights.","Approved display-contract fields, synthetic object identity, assurance state, No-Bind state, human prompts, expiry, and source references.","Approval controls, release controls, execution controls, No-Bind resolution controls, source-record editing, secrets, PHI, or unrestricted evidence payloads.","Entra-authenticated sessions, role-based glasses interface, short-lived tokens, server-side secret access, and minimum-necessary authorization.","WAF and API gateway readiness with same-origin browser delivery and no direct data-store access.","Pulls only signed or governed Platform B1 display contracts.","Cached contracts are marked stale or unknown after expiry or connectivity loss.","Not a source system and not evidence authority.","No assurance-decision authority.","DISPLAY / WITNESS ONLY for Platform B1 evaluated state.","NO BROWSER-EXPOSED SECRETS. USE MANAGED IDENTITIES, KEY VAULT, SERVER-SIDE SECRET RETRIEVAL, FUNCTION-KEY PROTECTION, AND THE APPROVED SAME-ORIGIN PROXY PATTERN.","ENCRYPT DATA IN TRANSIT AND AT REST. USE GOVERNED KEY MANAGEMENT, EXPLICIT KEY OWNERSHIP, ROTATION READINESS, AND AUDITABLE ACCESS.","STORE OR TRANSMIT ONLY THE MINIMUM AUTHORIZED ASSURANCE METADATA, GOVERNED REFERENCES, SYNTHETIC DEMONSTRATION DATA, INTEGRITY VALUES, AND DISPLAY-CONTRACT FIELDS REQUIRED FOR THE USE CASE.","THE DEPLOYMENT COMPONENT DOES NOT CREATE INDEPENDENT APPROVAL, RELEASE, OVERRIDE, NO-BIND RESOLUTION, EXECUTION, OR BINDING AUTHORITY.","QUALIFIED HUMANS AND AUTHORIZED ORGANIZATIONAL ROLES REMAIN ACCOUNTABLE FOR BINDING DECISIONS.","PLATFORM B v1 AND THREAD D v1 REMAIN ARCHITECTURE LOCKED. PLATFORM B1 AND THREAD D2 ARE SEPARATE MVP2 WORKSTREAMS.","PLAN-ONLY, SIMULATOR-FIRST, MOCK-DATA-FIRST, LOCAL-VALIDATION-FIRST. NO PHI, COMPANY PRODUCTION DATA, CLASSIFIED DATA, PAYMENT-CARD DATA, OR REAL REGULATED PRODUCTION INTEGRATION IS AUTHORIZED BY STEP 158.","DEPLOYMENT PLAN ONLY - NOT IMPLEMENTED","Define contract signing, token revocation, WAF policy, session compromise response, and display rollback.","HUMAN DEPLOYMENT-PLAN REVIEW REQUIRED"
"DEP-013","Edge Assurance Gateway","SITE EDGE AND DEVICE-INGRESS PLANE","LOCAL EDGE SERVICE OR CONTROLLED GATEWAY DEVICE","Collect synthetic QR, NFC, BLE, sensor, equipment, custody, and wearable-witness events before governed transmission to Platform B1.","M5Stack or ESP32 simulator devices; local gateway service; secure event queue; certificate readiness; approved outbound API.","Synthetic tag IDs, mock equipment IDs, sensor values, timestamps, device identity, custody events, local integrity values, and connectivity state.","PHI, production credentials, uncontrolled production sensor feeds, autonomous release commands, or shared device secrets.","Unique device identity, certificate or per-device credential readiness, device registration, revocation readiness, and least-privileged outbound access.","Outbound-only preferred; segmented site network; no direct inbound internet control path.","Store-and-forward synthetic events with sequence, timestamp, correlation, and integrity metadata.","Queues bounded events; marks clock uncertainty, connectivity loss, stale state, and upload delay.","Device witness only; does not become official equipment, clinical, manufacturing, or custody record.","Provides device-witness evidence; Platform B1 evaluates trust and admissibility.","May show local connection and witness status only; no approval authority.","NO BROWSER-EXPOSED SECRETS. USE MANAGED IDENTITIES, KEY VAULT, SERVER-SIDE SECRET RETRIEVAL, FUNCTION-KEY PROTECTION, AND THE APPROVED SAME-ORIGIN PROXY PATTERN.","ENCRYPT DATA IN TRANSIT AND AT REST. USE GOVERNED KEY MANAGEMENT, EXPLICIT KEY OWNERSHIP, ROTATION READINESS, AND AUDITABLE ACCESS.","STORE OR TRANSMIT ONLY THE MINIMUM AUTHORIZED ASSURANCE METADATA, GOVERNED REFERENCES, SYNTHETIC DEMONSTRATION DATA, INTEGRITY VALUES, AND DISPLAY-CONTRACT FIELDS REQUIRED FOR THE USE CASE.","THE DEPLOYMENT COMPONENT DOES NOT CREATE INDEPENDENT APPROVAL, RELEASE, OVERRIDE, NO-BIND RESOLUTION, EXECUTION, OR BINDING AUTHORITY.","QUALIFIED HUMANS AND AUTHORIZED ORGANIZATIONAL ROLES REMAIN ACCOUNTABLE FOR BINDING DECISIONS.","PLATFORM B v1 AND THREAD D v1 REMAIN ARCHITECTURE LOCKED. PLATFORM B1 AND THREAD D2 ARE SEPARATE MVP2 WORKSTREAMS.","PLAN-ONLY, SIMULATOR-FIRST, MOCK-DATA-FIRST, LOCAL-VALIDATION-FIRST. NO PHI, COMPANY PRODUCTION DATA, CLASSIFIED DATA, PAYMENT-CARD DATA, OR REAL REGULATED PRODUCTION INTEGRATION IS AUTHORIZED BY STEP 158.","DEPLOYMENT PLAN ONLY - NOT IMPLEMENTED","Define device identity, secure boot readiness, signed firmware, trusted update, revocation, loss, theft, cloning, and compromise handling.","HUMAN DEPLOYMENT-PLAN REVIEW REQUIRED"
"DEP-014","RAMAT Vision Wearable and Glasses Client","WEARABLE DISPLAY PLANE","GLASSES, MOBILE, OR WEARABLE SIMULATOR CLIENT","Present minimum-necessary assurance, identity, dependency, authority, timing, No-Bind, and human-action prompts at the point of work.","Brilliant Labs Halo readiness; future Ray-Ban Meta, Vuzix, or RealWear readiness; mobile companion or simulator client.","Expiring display-contract fields, synthetic object IDs, assurance state, human prompts, source references, and connection freshness.","Approval, release, override, No-Bind resolution, source-system editing, unredacted PHI, secrets, full evidence files, or uncontrolled recording.","Role-based user session, paired-device trust, short-lived access, remote revocation readiness, and minimum-necessary display.","No direct access to Azure data stores or source systems; communicates only through the delivery gateway.","Receives bounded display contracts and may send non-binding acknowledgement or witness telemetry.","Displays STALE, UNKNOWN, or DISCONNECTED; never presents cached state as current approval or authority.","Not a source system and not evidence authority.","No assurance-decision authority.","DISPLAY / WITNESS ONLY.","NO BROWSER-EXPOSED SECRETS. USE MANAGED IDENTITIES, KEY VAULT, SERVER-SIDE SECRET RETRIEVAL, FUNCTION-KEY PROTECTION, AND THE APPROVED SAME-ORIGIN PROXY PATTERN.","ENCRYPT DATA IN TRANSIT AND AT REST. USE GOVERNED KEY MANAGEMENT, EXPLICIT KEY OWNERSHIP, ROTATION READINESS, AND AUDITABLE ACCESS.","STORE OR TRANSMIT ONLY THE MINIMUM AUTHORIZED ASSURANCE METADATA, GOVERNED REFERENCES, SYNTHETIC DEMONSTRATION DATA, INTEGRITY VALUES, AND DISPLAY-CONTRACT FIELDS REQUIRED FOR THE USE CASE.","THE DEPLOYMENT COMPONENT DOES NOT CREATE INDEPENDENT APPROVAL, RELEASE, OVERRIDE, NO-BIND RESOLUTION, EXECUTION, OR BINDING AUTHORITY.","QUALIFIED HUMANS AND AUTHORIZED ORGANIZATIONAL ROLES REMAIN ACCOUNTABLE FOR BINDING DECISIONS.","PLATFORM B v1 AND THREAD D v1 REMAIN ARCHITECTURE LOCKED. PLATFORM B1 AND THREAD D2 ARE SEPARATE MVP2 WORKSTREAMS.","PLAN-ONLY, SIMULATOR-FIRST, MOCK-DATA-FIRST, LOCAL-VALIDATION-FIRST. NO PHI, COMPANY PRODUCTION DATA, CLASSIFIED DATA, PAYMENT-CARD DATA, OR REAL REGULATED PRODUCTION INTEGRATION IS AUTHORIZED BY STEP 158.","DEPLOYMENT PLAN ONLY - NOT IMPLEMENTED","Define device loss, screen privacy, recording restrictions, revocation, jailbreak/root detection readiness, and secure wipe.","HUMAN DEPLOYMENT-PLAN REVIEW REQUIRED"
"DEP-015","Controlled Offline Assurance Package","OFFLINE AND DISCONNECTED OPERATIONS PLANE","ENCRYPTED LOCAL PACKAGE OR FIELD DEVICE CACHE","Support controlled disconnected demonstration of object identity, evidence integrity, display state, and later reconciliation without claiming current authority.","Encrypted local cache; signed manifest readiness; local hash verification; bounded event journal; reconciliation service.","Synthetic object manifests, approved display fields, hashes, timestamps, sequence numbers, offline witness events, and explicit expiry metadata.","Current approval claims, autonomous regulated execution, unrestricted source records, PHI, production secrets, or unencrypted evidence packages.","Pre-authorized device and user identities, local unlock control, package signature verification, expiry, and later online reauthentication.","Disconnected boundary with no assumption of current source-system or authority state.","No live dependency; reconciliation is required before offline evidence can affect current assurance state.","All authority, source, dependency, and timing states are marked OFFLINE, STALE, UNKNOWN, or HELD as applicable.","Offline package is not the official source record.","Supports local integrity checks and witness collection only; no final admissibility decision.","May display explicit offline and stale states with human escalation instructions.","NO BROWSER-EXPOSED SECRETS. USE MANAGED IDENTITIES, KEY VAULT, SERVER-SIDE SECRET RETRIEVAL, FUNCTION-KEY PROTECTION, AND THE APPROVED SAME-ORIGIN PROXY PATTERN.","ENCRYPT DATA IN TRANSIT AND AT REST. USE GOVERNED KEY MANAGEMENT, EXPLICIT KEY OWNERSHIP, ROTATION READINESS, AND AUDITABLE ACCESS.","STORE OR TRANSMIT ONLY THE MINIMUM AUTHORIZED ASSURANCE METADATA, GOVERNED REFERENCES, SYNTHETIC DEMONSTRATION DATA, INTEGRITY VALUES, AND DISPLAY-CONTRACT FIELDS REQUIRED FOR THE USE CASE.","THE DEPLOYMENT COMPONENT DOES NOT CREATE INDEPENDENT APPROVAL, RELEASE, OVERRIDE, NO-BIND RESOLUTION, EXECUTION, OR BINDING AUTHORITY.","QUALIFIED HUMANS AND AUTHORIZED ORGANIZATIONAL ROLES REMAIN ACCOUNTABLE FOR BINDING DECISIONS.","PLATFORM B v1 AND THREAD D v1 REMAIN ARCHITECTURE LOCKED. PLATFORM B1 AND THREAD D2 ARE SEPARATE MVP2 WORKSTREAMS.","PLAN-ONLY, SIMULATOR-FIRST, MOCK-DATA-FIRST, LOCAL-VALIDATION-FIRST. NO PHI, COMPANY PRODUCTION DATA, CLASSIFIED DATA, PAYMENT-CARD DATA, OR REAL REGULATED PRODUCTION INTEGRATION IS AUTHORIZED BY STEP 158.","DEPLOYMENT PLAN ONLY - NOT IMPLEMENTED","Define package signing, expiry, encryption, anti-rollback, reconciliation conflicts, device loss, and secure destruction.","HUMAN DEPLOYMENT-PLAN REVIEW REQUIRED"
"DEP-016","Local Simulation and Validation Sandbox","LOCAL NON-PRODUCTION VALIDATION PLANE","WINDOWS LOCALHOST, PYTHON VIRTUAL ENVIRONMENT, AND MOCK SERVICES","Provide a safe local environment for synthetic end-to-end tests, schema validation, wearable simulation, edge simulation, API testing, and evidence reconstruction.","Local repository; Python virtual environment; PowerShell 5.1; mock APIs; synthetic fixtures; local storage; simulator clients.","Synthetic fixtures, mock identities, fictional AURORA-17 records, local hashes, test logs, and generated validation evidence.","PHI, company production data, production credentials, real regulated execution, or production network access.","Local developer access with no production credentials and explicit separation from enterprise systems.","Localhost or isolated development network only.","Mock and simulator integrations only unless a separately governed non-production connector is approved.","Fully local simulation is permitted; all outputs remain local non-production evidence.","Local test output only; not production or regulatory validation evidence.","Supports repeatable local validation of planned controls.","May simulate Thread D2 and RAMAT Vision display contracts.","NO BROWSER-EXPOSED SECRETS. USE MANAGED IDENTITIES, KEY VAULT, SERVER-SIDE SECRET RETRIEVAL, FUNCTION-KEY PROTECTION, AND THE APPROVED SAME-ORIGIN PROXY PATTERN.","ENCRYPT DATA IN TRANSIT AND AT REST. USE GOVERNED KEY MANAGEMENT, EXPLICIT KEY OWNERSHIP, ROTATION READINESS, AND AUDITABLE ACCESS.","STORE OR TRANSMIT ONLY THE MINIMUM AUTHORIZED ASSURANCE METADATA, GOVERNED REFERENCES, SYNTHETIC DEMONSTRATION DATA, INTEGRITY VALUES, AND DISPLAY-CONTRACT FIELDS REQUIRED FOR THE USE CASE.","THE DEPLOYMENT COMPONENT DOES NOT CREATE INDEPENDENT APPROVAL, RELEASE, OVERRIDE, NO-BIND RESOLUTION, EXECUTION, OR BINDING AUTHORITY.","QUALIFIED HUMANS AND AUTHORIZED ORGANIZATIONAL ROLES REMAIN ACCOUNTABLE FOR BINDING DECISIONS.","PLATFORM B v1 AND THREAD D v1 REMAIN ARCHITECTURE LOCKED. PLATFORM B1 AND THREAD D2 ARE SEPARATE MVP2 WORKSTREAMS.","PLAN-ONLY, SIMULATOR-FIRST, MOCK-DATA-FIRST, LOCAL-VALIDATION-FIRST. NO PHI, COMPANY PRODUCTION DATA, CLASSIFIED DATA, PAYMENT-CARD DATA, OR REAL REGULATED PRODUCTION INTEGRATION IS AUTHORIZED BY STEP 158.","DEPLOYMENT PLAN ONLY - NOT IMPLEMENTED","Define development-environment hardening, dependency integrity, package trust, secret scanning, and test-evidence protection.","HUMAN DEPLOYMENT-PLAN REVIEW REQUIRED"
