STATE	BYTE_LENGTH	SHA-256	RELATIVE_PATH
DIRECT_SHA256	561	6032319B84FB06FF9DD913DE41C88C7760C5FB589FAB65990C3F7DEFC285D1AC	platform_b1_mvp2/assurance_os/inventory/step_171_assurance_os_governed_demonstration_control_plane_scope_review/scope_readme.md
DIRECT_SHA256	420	EEC59E63D71B3F4FA372D962E23B8DE7C3C960A5F75B03764837C3DD76DE1D0F	platform_b1_mvp2/assurance_os/inventory/step_171_assurance_os_governed_demonstration_control_plane_scope_review/program_identity.json
DIRECT_SHA256	367	78036B6C757A21E415D7BB8FAC02EDDFD9929157B1BB8B8F2D1711E0AC620116	platform_b1_mvp2/assurance_os/inventory/step_171_assurance_os_governed_demonstration_control_plane_scope_review/authorized_tracks.json
DIRECT_SHA256	498	DBEE311AB29BA8BD4D99C75D2F324F0A8B671C327227D486C09FADA71A246482	platform_b1_mvp2/assurance_os/inventory/step_171_assurance_os_governed_demonstration_control_plane_scope_review/authority_and_binding_boundary.json
DIRECT_SHA256	510	B58B9ED8AB8F882F9E620829FEF9BFE4FD97B71B5E7CA384B6B592705D8B0601	platform_b1_mvp2/assurance_os/inventory/step_171_assurance_os_governed_demonstration_control_plane_scope_review/fail_closed_conditions.json
DIRECT_SHA256	487	26DCF639010FDD2C6418137CC5647D43149DE950E2C9E31A771509682DA5F141	platform_b1_mvp2/assurance_os/inventory/step_171_assurance_os_governed_demonstration_control_plane_scope_review/prohibited_and_deferred_scope.json
DIRECT_SHA256	196	027F63DC8A11D05ADB89812A4FE3EACDB66B5E291775ED0F3F8CA3CF2D7D39E6	platform_b1_mvp2/assurance_os/inventory/step_171_assurance_os_governed_demonstration_control_plane_scope_review/predecessor_freeze_manifest.json
DIRECT_SHA256	517	001E23E42C4DCF8921D629E21DAE5064876C631CA46176D9C5DE5CE4B9A68E9D	platform_b1_mvp2/assurance_os/inventory/step_171_assurance_os_governed_demonstration_control_plane_scope_review/step170_reference_catalog.json
DIRECT_SHA256	477	71071B2CD89B6869485635A479B64D379E4E0EEAD8E5636BE63DD9340490DCA4	platform_b1_mvp2/assurance_os/implementation/step_171_assurance_os_governed_demonstration_control_plane/README.md
DIRECT_SHA256	58	77EF37212291B0A408B1863286FF03DD16A931CB0D4D90E49D146AC9DBD07028	platform_b1_mvp2/assurance_os/implementation/step_171_assurance_os_governed_demonstration_control_plane/requirements.txt
DIRECT_SHA256	2051	33982911F20279675DABB0835185485949F5D6E290F3189EC690B07976B5F4FE	platform_b1_mvp2/assurance_os/implementation/step_171_assurance_os_governed_demonstration_control_plane/run_control_plane.py
DIRECT_SHA256	1433	EB52FE7A498060BF866253107C4B7B5E9163969BA47A3A86B6C78C2203390062	platform_b1_mvp2/assurance_os/implementation/step_171_assurance_os_governed_demonstration_control_plane/verify_control_plane.py
DIRECT_SHA256	802	4CDF1C88CCB8840FD5DE574442C57EDA1CD95281A49DED4EEDAE2FC00E4D6D38	platform_b1_mvp2/assurance_os/implementation/step_171_assurance_os_governed_demonstration_control_plane/config/runtime_config.json
DIRECT_SHA256	559	6057ADDD798929C42B89C8CE3C3A24853DB514C07EAAE1746623DAF1493BC187	platform_b1_mvp2/assurance_os/implementation/step_171_assurance_os_governed_demonstration_control_plane/config/track_registry.json
DIRECT_SHA256	5541	356EBC696095F8C443D449E4CAA6E04465EFF365139DD253F94EFF9B349F68BD	platform_b1_mvp2/assurance_os/implementation/step_171_assurance_os_governed_demonstration_control_plane/config/scenario_registry.json
DIRECT_SHA256	419	AD6B2EE231D0B7A428BA8BF54B5042C851C95C65EB24B0FFABA96DE2C0619912	platform_b1_mvp2/assurance_os/implementation/step_171_assurance_os_governed_demonstration_control_plane/config/authority_policy.json
DIRECT_SHA256	237	8953819926D6AF0C6D38DA7A9CBAAD63107036FFDB2D50E93C0D0A255DCB6215	platform_b1_mvp2/assurance_os/implementation/step_171_assurance_os_governed_demonstration_control_plane/config/evidence_policy.json
DIRECT_SHA256	432	2B735DDCB0169430987CFC6121EDF586FE03357A2EF5613CED1430420B3255A1	platform_b1_mvp2/assurance_os/implementation/step_171_assurance_os_governed_demonstration_control_plane/schemas/session_manifest.schema.json
DIRECT_SHA256	248	4E00B352830DCED8BB1B3457162B32A245A53E860A562F9D39E49DB97DED1428	platform_b1_mvp2/assurance_os/implementation/step_171_assurance_os_governed_demonstration_control_plane/schemas/preflight_result.schema.json
DIRECT_SHA256	383	4EA54F8AD829869E2125DC43BE2691B41363CF297E846277D4BF70F0CC6E22B6	platform_b1_mvp2/assurance_os/implementation/step_171_assurance_os_governed_demonstration_control_plane/schemas/evidence_dependency_state.schema.json
DIRECT_SHA256	376	F06140C90839E8CBE2BA3FF0FFC984B4D92D13C696DBFAE874B5B95BE481E0AD	platform_b1_mvp2/assurance_os/implementation/step_171_assurance_os_governed_demonstration_control_plane/schemas/identity_authority_state.schema.json
DIRECT_SHA256	340	3C8AB115E4068A9E422F3CF06CB15610033C62D318AA626B7954D1E5E6C74145	platform_b1_mvp2/assurance_os/implementation/step_171_assurance_os_governed_demonstration_control_plane/schemas/execution_revalidation.schema.json
DIRECT_SHA256	385	7C5A96D9D8DBE9A1B27DF8D8EABC256C89DE41E74B1C033598DF71F314B8B275	platform_b1_mvp2/assurance_os/implementation/step_171_assurance_os_governed_demonstration_control_plane/schemas/action_admissibility.schema.json
DIRECT_SHA256	336	A578D4E14B7E222EF694D7F1A51CCAA4CFE81BA73D8D556B7D2231F3422690A1	platform_b1_mvp2/assurance_os/implementation/step_171_assurance_os_governed_demonstration_control_plane/schemas/no_bind_handoff.schema.json
DIRECT_SHA256	341	AFB86E979F7C14E350D056627603E70C2E497E3FCD1D8073F2AE0BD6ED26341F	platform_b1_mvp2/assurance_os/implementation/step_171_assurance_os_governed_demonstration_control_plane/schemas/audit_event.schema.json
DIRECT_SHA256	415	46C7865B09EA69579AE31BA44573B0F8FDE7CA78EEAB4FECD975D0552ACCBBBF	platform_b1_mvp2/assurance_os/implementation/step_171_assurance_os_governed_demonstration_control_plane/schemas/assurance_passport.schema.json
DIRECT_SHA256	558	75A8DF895021C18ADB8142C67F26A8E23A9BA51F85AA49824DE712D01A5C6C01	platform_b1_mvp2/assurance_os/implementation/step_171_assurance_os_governed_demonstration_control_plane/schemas/display_contract.schema.json
DIRECT_SHA256	349	E80F56A714626472B2C435284E3BE4F5A393EBB2FC44776EDD53B2176DFC1195	platform_b1_mvp2/assurance_os/implementation/step_171_assurance_os_governed_demonstration_control_plane/schemas/inspection_reconstruction.schema.json
DIRECT_SHA256	339	CEDCE38C2BC3D878B1DD3FF3A8C30729B5B82BCC87077F3AB84EC20E3EF118EC	platform_b1_mvp2/assurance_os/implementation/step_171_assurance_os_governed_demonstration_control_plane/schemas/evidence_package_manifest.schema.json
DIRECT_SHA256	417	EA9B0EA753644D8E41EA05240A15161A972064CCEC014C9FD1C63E9721839D68	platform_b1_mvp2/assurance_os/implementation/step_171_assurance_os_governed_demonstration_control_plane/src/__init__.py
DIRECT_SHA256	624	10BD2D3A23945A65C41F97533B8F63E853532F635ECB1F7668E8A8F33C3F049C	platform_b1_mvp2/assurance_os/implementation/step_171_assurance_os_governed_demonstration_control_plane/src/canonical.py
DIRECT_SHA256	692	4423BD918025158ACB51BD9E28F9E013D68723C9E8B4D6EC5E4CC9F0FACF9368	platform_b1_mvp2/assurance_os/implementation/step_171_assurance_os_governed_demonstration_control_plane/src/hashing.py
DIRECT_SHA256	1403	8C5E1E9E1AC608580ED33982E979A7F1D39AC66503B1CC67215FE659E6AD3E16	platform_b1_mvp2/assurance_os/implementation/step_171_assurance_os_governed_demonstration_control_plane/src/step170_reference.py
DIRECT_SHA256	888	9234C3DAF964055906DEBCF1941627E883130338F45BFFD242AF0343CBE78E2D	platform_b1_mvp2/assurance_os/implementation/step_171_assurance_os_governed_demonstration_control_plane/src/session_manifest.py
DIRECT_SHA256	845	E33DC3367538A97BC119DF8CCD8B0D3913896B6D370CCE0BE384B0138646BE54	platform_b1_mvp2/assurance_os/implementation/step_171_assurance_os_governed_demonstration_control_plane/src/track_registry.py
DIRECT_SHA256	1058	9714FB238751BCA7B046115332DD50D6556EBDED9EFD0CE3C1DB9D42A47A0979	platform_b1_mvp2/assurance_os/implementation/step_171_assurance_os_governed_demonstration_control_plane/src/scenario_registry.py
DIRECT_SHA256	1068	90E19E5C08FB452D82E6DE17F2D8C3B0B27F71F2BF38B2AEA1F832777460F8DF	platform_b1_mvp2/assurance_os/implementation/step_171_assurance_os_governed_demonstration_control_plane/src/preflight.py
DIRECT_SHA256	656	19B9375CB07544C2F7E3B3B13007D6CEF603C46064AA1B1FE7800A6838D8DB60	platform_b1_mvp2/assurance_os/implementation/step_171_assurance_os_governed_demonstration_control_plane/src/evidence_integrity.py
DIRECT_SHA256	867	3244E9D249C21ADF0381211A129CAF34B821CD6ADBFB4C78A7E36511BE45E72E	platform_b1_mvp2/assurance_os/implementation/step_171_assurance_os_governed_demonstration_control_plane/src/dependency_assurance.py
DIRECT_SHA256	939	A0D05F05B6C979A6665DD2194A57192113E8E418AEF2FA672A059080E05AE782	platform_b1_mvp2/assurance_os/implementation/step_171_assurance_os_governed_demonstration_control_plane/src/source_state.py
DIRECT_SHA256	945	8F467FF4D8AC6599CBF33914B63258E170C6ADF3617E9CF54E86AD18C57E2E00	platform_b1_mvp2/assurance_os/implementation/step_171_assurance_os_governed_demonstration_control_plane/src/identity_accountability.py
DIRECT_SHA256	1134	0011FC438F51C2B273467E5ED4329983DF8F13BC0A6E3610E4A072CDA43FEEF9	platform_b1_mvp2/assurance_os/implementation/step_171_assurance_os_governed_demonstration_control_plane/src/authority_revalidation.py
DIRECT_SHA256	864	E198F00A6EF401ADBF6AEF02B821E5DA72B1862982AA4735987E524688DA5EF2	platform_b1_mvp2/assurance_os/implementation/step_171_assurance_os_governed_demonstration_control_plane/src/no_bind.py
DIRECT_SHA256	1003	663A5B6C33932965B69880939882D771EF24D8A697F593D13206C825D44388DB	platform_b1_mvp2/assurance_os/implementation/step_171_assurance_os_governed_demonstration_control_plane/src/inspection_reconstruction.py
DIRECT_SHA256	2305	079DECAE805AC2AF9781E985EEFB9CF9B640FF85BAAEC8FDE35EA2813DFFD14E	platform_b1_mvp2/assurance_os/implementation/step_171_assurance_os_governed_demonstration_control_plane/src/control_plane.py
DIRECT_SHA256	317	307C8E131F07934ABF40784CBBD1834360046881BBB254213919E9318F06734B	platform_b1_mvp2/assurance_os/implementation/step_171_assurance_os_governed_demonstration_control_plane/data/tracks/aurora17.json
DIRECT_SHA256	284	1943C7DB6490073BF8C2F69818DF108B4F0960288A580BB95E060131FC674607	platform_b1_mvp2/assurance_os/implementation/step_171_assurance_os_governed_demonstration_control_plane/data/tracks/irlt.json
DIRECT_SHA256	321	3FB0461266CC0C6357672127D2C03CC317A52E28AFE92B22D8926D5B3850664B	platform_b1_mvp2/assurance_os/implementation/step_171_assurance_os_governed_demonstration_control_plane/data/tracks/compounding.json
DIRECT_SHA256	288	2001CEBE41B9FEF7F32EE4F0A3EBEEF1702E757C603F3A69A8E8DD1450D0203D	platform_b1_mvp2/assurance_os/implementation/step_171_assurance_os_governed_demonstration_control_plane/data/tracks/dscsa.json
DIRECT_SHA256	3418	658274BFCD8CC9340A8C3D89CEEA82D2805911CB260448E49BA729B35AF83183	platform_b1_mvp2/assurance_os/implementation/step_171_assurance_os_governed_demonstration_control_plane/data/scenarios/aurora17_01_governed_success.json
DIRECT_SHA256	3428	28B2EC556AE208BCC46C547A12C4EF45B88F837BD2098F298B7171E2C33FF22A	platform_b1_mvp2/assurance_os/implementation/step_171_assurance_os_governed_demonstration_control_plane/data/scenarios/aurora17_02_evidence_provenance_failure.json
DIRECT_SHA256	3426	146FA11A7C86822A931EC8A6510C2EA76D7BBA70DDC652A3C6B5361D6A77613C	platform_b1_mvp2/assurance_os/implementation/step_171_assurance_os_governed_demonstration_control_plane/data/scenarios/aurora17_03_dependency_source_disagreement.json
DIRECT_SHA256	3414	EA1D881035E6244E2E3788696761EF2C2215CF73E14640A03B3882F4D7D3A13F	platform_b1_mvp2/assurance_os/implementation/step_171_assurance_os_governed_demonstration_control_plane/data/scenarios/aurora17_04_authority_or_no_bind_hold.json
DIRECT_SHA256	3482	9E9B83B3472E2B549CADA129C97BA27234D56321BA59CD3BEF4C9CE077C74E2F	platform_b1_mvp2/assurance_os/implementation/step_171_assurance_os_governed_demonstration_control_plane/data/scenarios/aurora17_05_correction_recovery_revalidation_success.json
DIRECT_SHA256	3366	9C39FA5961A1C582B1051FB39BB819AD2191E25D8DE240CE55411E5893B4BAE0	platform_b1_mvp2/assurance_os/implementation/step_171_assurance_os_governed_demonstration_control_plane/data/scenarios/irlt_01_governed_success.json
DIRECT_SHA256	3376	106E778BF927F85F7B6864850874722F29E5A279608EC89BE40697FCD398F02E	platform_b1_mvp2/assurance_os/implementation/step_171_assurance_os_governed_demonstration_control_plane/data/scenarios/irlt_02_evidence_provenance_failure.json
DIRECT_SHA256	3374	F81CBE36ABA2AA24AE66BEA883F073B997251066F3198FB7D6EC57B026CDF792	platform_b1_mvp2/assurance_os/implementation/step_171_assurance_os_governed_demonstration_control_plane/data/scenarios/irlt_03_dependency_source_disagreement.json
DIRECT_SHA256	3362	9761CA044FC8F60CC6089F14971CEFBC7A191F8ADE9FC0602BB8D9042B3B1771	platform_b1_mvp2/assurance_os/implementation/step_171_assurance_os_governed_demonstration_control_plane/data/scenarios/irlt_04_authority_or_no_bind_hold.json
DIRECT_SHA256	3430	A69B1EC75781D6642708111AF2B5FB211FCBBF4A9EF67FA62953490302F42861	platform_b1_mvp2/assurance_os/implementation/step_171_assurance_os_governed_demonstration_control_plane/data/scenarios/irlt_05_correction_recovery_revalidation_success.json
DIRECT_SHA256	3457	2FAB6C5DD6F4F03A7A8B2820065DE3E48F9B36801AA5025AABB4B59F3E9A85E5	platform_b1_mvp2/assurance_os/implementation/step_171_assurance_os_governed_demonstration_control_plane/data/scenarios/compounding_01_governed_success.json
DIRECT_SHA256	3467	5CB924A61F3C0603BDF7FF06F2A149B92CE937C44273E76B1FB433347F691EB6	platform_b1_mvp2/assurance_os/implementation/step_171_assurance_os_governed_demonstration_control_plane/data/scenarios/compounding_02_evidence_provenance_failure.json
DIRECT_SHA256	3465	B3FAF2784DE0846C2F51BAE3C4A652F9576FBF58442C791401FDEF8598C4FD28	platform_b1_mvp2/assurance_os/implementation/step_171_assurance_os_governed_demonstration_control_plane/data/scenarios/compounding_03_dependency_source_disagreement.json
DIRECT_SHA256	3453	0FCEC80BA061B209AF52C0479F3D466139644BFDBCB170192022A51BEEEC7FA3	platform_b1_mvp2/assurance_os/implementation/step_171_assurance_os_governed_demonstration_control_plane/data/scenarios/compounding_04_authority_or_no_bind_hold.json
DIRECT_SHA256	3521	CB4E6753DA1151AED64525ED44D2A69A24455654684439666CEDE8463127319D	platform_b1_mvp2/assurance_os/implementation/step_171_assurance_os_governed_demonstration_control_plane/data/scenarios/compounding_05_correction_recovery_revalidation_success.json
DIRECT_SHA256	3379	A5190C6EEF52295A23F658D8E0A1491C04B097098E1FFB53BF0E89A55105163B	platform_b1_mvp2/assurance_os/implementation/step_171_assurance_os_governed_demonstration_control_plane/data/scenarios/dscsa_01_governed_success.json
DIRECT_SHA256	3389	6EF7F339E9889BC237B33681C183A6817198D788A4635DE14878AA739FAF9D44	platform_b1_mvp2/assurance_os/implementation/step_171_assurance_os_governed_demonstration_control_plane/data/scenarios/dscsa_02_evidence_provenance_failure.json
DIRECT_SHA256	3387	1895591274242FF8CDD381A43F46CAE2FF5518B4877A39C399BDC2D9E1C6DFD0	platform_b1_mvp2/assurance_os/implementation/step_171_assurance_os_governed_demonstration_control_plane/data/scenarios/dscsa_03_dependency_source_disagreement.json
DIRECT_SHA256	3373	53B7ECFAE4FDD39D38E667B1DBC5A5635675E8DB00ABFB8F42E5D7F504D86087	platform_b1_mvp2/assurance_os/implementation/step_171_assurance_os_governed_demonstration_control_plane/data/scenarios/dscsa_04_authority_or_no_bind_hold.json
DIRECT_SHA256	3443	ACA4615E088EEB51A6977197B133E55B39185067B82D23B416F992BF4F4AF9D3	platform_b1_mvp2/assurance_os/implementation/step_171_assurance_os_governed_demonstration_control_plane/data/scenarios/dscsa_05_correction_recovery_revalidation_success.json
DIRECT_SHA256	456	CC759752B0DCC39A0E5C5BBB8202D4AC7840A67A41975D530A7B0E5362F77D03	platform_b1_mvp2/assurance_os/implementation/step_171_assurance_os_governed_demonstration_control_plane/tests/test_manifest_conformance.py
DIRECT_SHA256	222	CDBC5B9DBC7457940EEE65CFE69A3E13F7BC6F24A95D81549FE5618CCE01E156	platform_b1_mvp2/assurance_os/implementation/step_171_assurance_os_governed_demonstration_control_plane/tests/test_step170_immutability.py
DIRECT_SHA256	959	901F62488B8A1ED85562AE0C6EFEFE0B701DCDDF4239F84F2F57585FD63065E2	platform_b1_mvp2/assurance_os/implementation/step_171_assurance_os_governed_demonstration_control_plane/tests/test_session_manifest.py
DIRECT_SHA256	576	A38272F226C1A55AD100D8C7465CC72878E3CDBC5D23C026F733CDB4935F28B9	platform_b1_mvp2/assurance_os/implementation/step_171_assurance_os_governed_demonstration_control_plane/tests/test_preflight.py
DIRECT_SHA256	507	963795B431BBECB11941EC9D872BBB769C1E26A105292D9D4A6DCB4EEFF7B3AA	platform_b1_mvp2/assurance_os/implementation/step_171_assurance_os_governed_demonstration_control_plane/tests/test_evidence_integrity.py
DIRECT_SHA256	547	7E40410C9EA0B86C1CBBA7BEFD9A6D89DF89AC576CA60A91D0ACE6F9B8DD63A1	platform_b1_mvp2/assurance_os/implementation/step_171_assurance_os_governed_demonstration_control_plane/tests/test_dependency_assurance.py
DIRECT_SHA256	532	E792B197BB3CEB1A8A9673DB887F5783D06BE26D6D3F2B961BBE449D56FC4A96	platform_b1_mvp2/assurance_os/implementation/step_171_assurance_os_governed_demonstration_control_plane/tests/test_source_state.py
DIRECT_SHA256	559	6145AA835D3754A24E81CB47BA3946DB613E5111033227FF685EDF887EA57EDD	platform_b1_mvp2/assurance_os/implementation/step_171_assurance_os_governed_demonstration_control_plane/tests/test_identity_accountability.py
DIRECT_SHA256	644	E72521051A33676D1B3BB91AC8743FA89A60E7757EE5664D46E3B58C6C9D2410	platform_b1_mvp2/assurance_os/implementation/step_171_assurance_os_governed_demonstration_control_plane/tests/test_authority_revalidation.py
DIRECT_SHA256	464	F6D9B4EF351FD2D9F5C16FEBD197D3C757AA6018956218D959FA0219BE254BDC	platform_b1_mvp2/assurance_os/implementation/step_171_assurance_os_governed_demonstration_control_plane/tests/test_no_bind.py
DIRECT_SHA256	452	983FD242EDBD91FF92987BED779DFF6671EEA3C21988D4A28CFDC5683DF83798	platform_b1_mvp2/assurance_os/implementation/step_171_assurance_os_governed_demonstration_control_plane/tests/test_human_handoff.py
DIRECT_SHA256	673	52EEF08E0BBE071155A38A93247ABD88D580F6F6E5126212DA679586D433F9F3	platform_b1_mvp2/assurance_os/implementation/step_171_assurance_os_governed_demonstration_control_plane/tests/test_display_only.py
DIRECT_SHA256	576	6FE417747318C819492003B768DEA7D7C18C804843345B4B67208E770B5644E0	platform_b1_mvp2/assurance_os/implementation/step_171_assurance_os_governed_demonstration_control_plane/tests/test_inspection_reconstruction.py
DIRECT_SHA256	299	435B8340812AB0EC96319AF144B94C54B9CDB1084ED1D3C8547965D8369DA40F	platform_b1_mvp2/assurance_os/implementation/step_171_assurance_os_governed_demonstration_control_plane/tests/test_backup_restore.py
DIRECT_SHA256	399	921852E04CFF410CA498E5D51B09C4864D65A4F7D79D5E4BAC9D03FCCDBBDF4F	platform_b1_mvp2/assurance_os/implementation/step_171_assurance_os_governed_demonstration_control_plane/tests/test_determinism.py
DIRECT_SHA256	622	BA690C80AC153DE43E607FA618EAA272BFF23283F767B8694A78D961854C21B0	platform_b1_mvp2/assurance_os/implementation/step_171_assurance_os_governed_demonstration_control_plane/tests/test_security_boundaries.py
DIRECT_SHA256	830	8CD3B91363872DC7EE646088FD723F80300379C2D6528A9B4D66DD8AA55C3E1A	platform_b1_mvp2/assurance_os/implementation/step_171_assurance_os_governed_demonstration_control_plane/manifests/component_manifest.json
DIRECT_SHA256	25961	5EB1ED8CC4F19D3BCDDFB07FFC0F6DF525AB069C23A67D244296EF8EED9E6AFA	platform_b1_mvp2/assurance_os/implementation/step_171_assurance_os_governed_demonstration_control_plane/manifests/static_source_manifest.json
DIRECT_SHA256	654	2EFF11A2FC70263F157C0C957EB786A4D56A54FBA6EA04BD873A6C047673F5AC	platform_b1_mvp2/assurance_os/implementation/step_171_assurance_os_governed_demonstration_control_plane/docs/architecture.md
DIRECT_SHA256	749	58934FD51DEC04AA48BEDB66DF229EAC1FAF78A6910227D960EA4C9BD866FA2C	platform_b1_mvp2/assurance_os/implementation/step_171_assurance_os_governed_demonstration_control_plane/docs/operating_model.md
DIRECT_SHA256	2124	58B0ECB0E5D1A73D69F949EE33A125933A2498948F27FE5C125D978C10ACB28D	platform_b1_mvp2/assurance_os/implementation/step_171_assurance_os_governed_demonstration_control_plane/scenario_runs/aurora17_01_governed_success/session_manifest.json
DIRECT_SHA256	1044	B3D7C30A161463522D253032F6C8E242F5B927963B4B6577B814816CE1395626	platform_b1_mvp2/assurance_os/implementation/step_171_assurance_os_governed_demonstration_control_plane/scenario_runs/aurora17_01_governed_success/preflight_result.json
DIRECT_SHA256	659	D2081BE65531BB0C6D834F0C0C5789D37FE367C2A12E328F6E8DFCC728273967	platform_b1_mvp2/assurance_os/implementation/step_171_assurance_os_governed_demonstration_control_plane/scenario_runs/aurora17_01_governed_success/evidence_dependency_state.json
DIRECT_SHA256	693	5DAA440ED28D2AEF54CEB4F075622213D8DC4544B4F29883C30EC77D47EDFBA5	platform_b1_mvp2/assurance_os/implementation/step_171_assurance_os_governed_demonstration_control_plane/scenario_runs/aurora17_01_governed_success/identity_authority_state.json
DIRECT_SHA256	224	8A480F4FFC89E64F71EC401322BB4BA70FCD3B167C0502D6228E3EBCC2FB7C2E	platform_b1_mvp2/assurance_os/implementation/step_171_assurance_os_governed_demonstration_control_plane/scenario_runs/aurora17_01_governed_success/execution_revalidation.json
DIRECT_SHA256	361	927313C26ED199798122F17BE902D7E686ACFDBFC27BF5721C454DCDA82A84BF	platform_b1_mvp2/assurance_os/implementation/step_171_assurance_os_governed_demonstration_control_plane/scenario_runs/aurora17_01_governed_success/action_admissibility.json
DIRECT_SHA256	311	D3A8B726C17CFB6A24F94468A3656D5A161CEC84A2EE6D4EAED7F8DB5AD7CE47	platform_b1_mvp2/assurance_os/implementation/step_171_assurance_os_governed_demonstration_control_plane/scenario_runs/aurora17_01_governed_success/no_bind_handoff.json
DIRECT_SHA256	436	3EAB4164CF251C650449A27E8E8E729C4BF650E16745F7753554224C14AA911C	platform_b1_mvp2/assurance_os/implementation/step_171_assurance_os_governed_demonstration_control_plane/scenario_runs/aurora17_01_governed_success/audit_event.json
DIRECT_SHA256	2912	13665AFFC5EF54A82580E6F2C2F5F4EF9842A24FF5F3133A485E5C9DAC29B3E5	platform_b1_mvp2/assurance_os/implementation/step_171_assurance_os_governed_demonstration_control_plane/scenario_runs/aurora17_01_governed_success/assurance_passport.json
DIRECT_SHA256	1572	E8BA3E56A9B7F4CAF3F8DF1BF79E020C4BB6A045626F7AC10E849E19C01A1E9D	platform_b1_mvp2/assurance_os/implementation/step_171_assurance_os_governed_demonstration_control_plane/scenario_runs/aurora17_01_governed_success/inspection_reconstruction.json
DIRECT_SHA256	2146	222FC8A0F0CFC5CB370A4E2A58E7670B8A16CDD6CF9AC9492751D8EA3169609D	platform_b1_mvp2/assurance_os/implementation/step_171_assurance_os_governed_demonstration_control_plane/scenario_runs/aurora17_02_evidence_provenance_failure/session_manifest.json
DIRECT_SHA256	1074	35D8D8414D8D12B04AB7041DDD10BDD57284FFAF5FD6D79E4171F1DFDA66455C	platform_b1_mvp2/assurance_os/implementation/step_171_assurance_os_governed_demonstration_control_plane/scenario_runs/aurora17_02_evidence_provenance_failure/preflight_result.json
DIRECT_SHA256	691	8765DD227080628522F42DCE0646D27CDC03007DB27CA778B91B5F7155326A0C	platform_b1_mvp2/assurance_os/implementation/step_171_assurance_os_governed_demonstration_control_plane/scenario_runs/aurora17_02_evidence_provenance_failure/evidence_dependency_state.json
DIRECT_SHA256	704	39E981690DECFAFF62B6F856626FAF8A64F00FE91FF436BF678D088633BC6709	platform_b1_mvp2/assurance_os/implementation/step_171_assurance_os_governed_demonstration_control_plane/scenario_runs/aurora17_02_evidence_provenance_failure/identity_authority_state.json
DIRECT_SHA256	235	5D9A27CC7C63FF4987537C6FF8AEBF305F83A750386CA8BA586795651C0D2975	platform_b1_mvp2/assurance_os/implementation/step_171_assurance_os_governed_demonstration_control_plane/scenario_runs/aurora17_02_evidence_provenance_failure/execution_revalidation.json
DIRECT_SHA256	352	1D6001132BBFF25139FA57892D4CA76574F5F319B9353CC6F4B18A014DFCF503	platform_b1_mvp2/assurance_os/implementation/step_171_assurance_os_governed_demonstration_control_plane/scenario_runs/aurora17_02_evidence_provenance_failure/action_admissibility.json
DIRECT_SHA256	303	F2F6B0E32C56974EA771EC22F7872B94F29718551D794CC73C8BFB42B3D3EAEC	platform_b1_mvp2/assurance_os/implementation/step_171_assurance_os_governed_demonstration_control_plane/scenario_runs/aurora17_02_evidence_provenance_failure/no_bind_handoff.json
DIRECT_SHA256	423	720DA093D6BBA0BAC5162A9925D9871DEA8ED97A12D3ADB33BC1FB6CE69B8638	platform_b1_mvp2/assurance_os/implementation/step_171_assurance_os_governed_demonstration_control_plane/scenario_runs/aurora17_02_evidence_provenance_failure/audit_event.json
DIRECT_SHA256	2899	64617F24FF2EA41D388B5054D0763DBC734C572879FA7DCFB98555E9998D7D39	platform_b1_mvp2/assurance_os/implementation/step_171_assurance_os_governed_demonstration_control_plane/scenario_runs/aurora17_02_evidence_provenance_failure/assurance_passport.json
DIRECT_SHA256	1559	B4F924766D14F545F826169385FDD2E9854CD3689FF15DA371087EC580C3BBF3	platform_b1_mvp2/assurance_os/implementation/step_171_assurance_os_governed_demonstration_control_plane/scenario_runs/aurora17_02_evidence_provenance_failure/inspection_reconstruction.json
DIRECT_SHA256	2152	8E4AB95B71CEF152084B420E13E208A533CD40952681AC8E17E262B43EA51148	platform_b1_mvp2/assurance_os/implementation/step_171_assurance_os_governed_demonstration_control_plane/scenario_runs/aurora17_03_dependency_source_disagreement/session_manifest.json
DIRECT_SHA256	1087	3D0FDC9AA0B571CE68CE5017B1DAC5A58D84415E87F50E2EE03DF57D2CA9A4EC	platform_b1_mvp2/assurance_os/implementation/step_171_assurance_os_governed_demonstration_control_plane/scenario_runs/aurora17_03_dependency_source_disagreement/preflight_result.json
DIRECT_SHA256	696	E0A1C9E2AE75AA4A53EF87E077F2C399772FAF978A3ADB36BE10105F351ADBEF	platform_b1_mvp2/assurance_os/implementation/step_171_assurance_os_governed_demonstration_control_plane/scenario_runs/aurora17_03_dependency_source_disagreement/evidence_dependency_state.json
DIRECT_SHA256	707	87AAA80DE6106B79154AE2F6C23FC6AE86B59F2C23B224E93BFD08D17C826E67	platform_b1_mvp2/assurance_os/implementation/step_171_assurance_os_governed_demonstration_control_plane/scenario_runs/aurora17_03_dependency_source_disagreement/identity_authority_state.json
DIRECT_SHA256	238	F7ADBA6B3865B7A4457DABBBA3AF8218AAE7D6A586C85464F6183FB85F06215E	platform_b1_mvp2/assurance_os/implementation/step_171_assurance_os_governed_demonstration_control_plane/scenario_runs/aurora17_03_dependency_source_disagreement/execution_revalidation.json
DIRECT_SHA256	355	F6E5C9158910CEFBBB0DCFD61BF69F60D2E605DB5F9858E013BC6A8123DFE589	platform_b1_mvp2/assurance_os/implementation/step_171_assurance_os_governed_demonstration_control_plane/scenario_runs/aurora17_03_dependency_source_disagreement/action_admissibility.json
DIRECT_SHA256	306	D42CE00B4349B157939903D609522B80537660DB408F93B479FE41BF4E6DD574	platform_b1_mvp2/assurance_os/implementation/step_171_assurance_os_governed_demonstration_control_plane/scenario_runs/aurora17_03_dependency_source_disagreement/no_bind_handoff.json
DIRECT_SHA256	426	1870AEBABEA39F9EFED39656A42DABC8B047360E80F2B07649FBEC74B6F7D7FA	platform_b1_mvp2/assurance_os/implementation/step_171_assurance_os_governed_demonstration_control_plane/scenario_runs/aurora17_03_dependency_source_disagreement/audit_event.json
DIRECT_SHA256	2902	D88EDDBCF2F08762E87A073A93F361BC127B4DDFEB7A26C77C18168D282E8D76	platform_b1_mvp2/assurance_os/implementation/step_171_assurance_os_governed_demonstration_control_plane/scenario_runs/aurora17_03_dependency_source_disagreement/assurance_passport.json
DIRECT_SHA256	1562	03BB9A87DC2CB120C9756DDDDF017B1281C76523F5CAFFA773301BC9F45572DD	platform_b1_mvp2/assurance_os/implementation/step_171_assurance_os_governed_demonstration_control_plane/scenario_runs/aurora17_03_dependency_source_disagreement/inspection_reconstruction.json
DIRECT_SHA256	2142	8D88EDE34F3370FA6C82B45EF668046FB09BFDFF8A0ACBAB1A4EFC56FABA62D0	platform_b1_mvp2/assurance_os/implementation/step_171_assurance_os_governed_demonstration_control_plane/scenario_runs/aurora17_04_authority_or_no_bind_hold/session_manifest.json
DIRECT_SHA256	1078	8965BD62CC29508E2E7A7A9A74507F3C70AA9D277F70B0EF5E10CC96042E6D17	platform_b1_mvp2/assurance_os/implementation/step_171_assurance_os_governed_demonstration_control_plane/scenario_runs/aurora17_04_authority_or_no_bind_hold/preflight_result.json
DIRECT_SHA256	668	EA31913DEFF641DDF59B00EDD1B90FBBAD4A93E762D5AEC0C9E0EA94F342F9CA	platform_b1_mvp2/assurance_os/implementation/step_171_assurance_os_governed_demonstration_control_plane/scenario_runs/aurora17_04_authority_or_no_bind_hold/evidence_dependency_state.json
DIRECT_SHA256	720	D6B8797AB996B701D740B178A8B55D33317D5788042C80C41C907DAFAAE7FFB0	platform_b1_mvp2/assurance_os/implementation/step_171_assurance_os_governed_demonstration_control_plane/scenario_runs/aurora17_04_authority_or_no_bind_hold/identity_authority_state.json
DIRECT_SHA256	233	675C352F729C6FC27ADC99E878D18ABAE60DEAA82C8A18A83DDF7B36F9D1140A	platform_b1_mvp2/assurance_os/implementation/step_171_assurance_os_governed_demonstration_control_plane/scenario_runs/aurora17_04_authority_or_no_bind_hold/execution_revalidation.json
DIRECT_SHA256	347	63C406D79358C63237033524BC86A86AC5927AE7B1FFE3A92E9D49D5FD3F3F59	platform_b1_mvp2/assurance_os/implementation/step_171_assurance_os_governed_demonstration_control_plane/scenario_runs/aurora17_04_authority_or_no_bind_hold/action_admissibility.json
DIRECT_SHA256	373	20B62238B27C06F4DFF29A70780AD84F72129C0A76477FFC90F13852A4015171	platform_b1_mvp2/assurance_os/implementation/step_171_assurance_os_governed_demonstration_control_plane/scenario_runs/aurora17_04_authority_or_no_bind_hold/no_bind_handoff.json
DIRECT_SHA256	418	177FEB30062BD41D27D92FDC94E12808FCF5C8A08388779F18CE785A18308667	platform_b1_mvp2/assurance_os/implementation/step_171_assurance_os_governed_demonstration_control_plane/scenario_runs/aurora17_04_authority_or_no_bind_hold/audit_event.json
DIRECT_SHA256	2894	D48C09286D80B4944109592CF1FF4DE70005892EA1589B3E920D6B78A6FBD2ED	platform_b1_mvp2/assurance_os/implementation/step_171_assurance_os_governed_demonstration_control_plane/scenario_runs/aurora17_04_authority_or_no_bind_hold/assurance_passport.json
DIRECT_SHA256	1554	1989207C67F108708FAC0EBA40D75EA966EF4BC9677B270FC59571049E2E4885	platform_b1_mvp2/assurance_os/implementation/step_171_assurance_os_governed_demonstration_control_plane/scenario_runs/aurora17_04_authority_or_no_bind_hold/inspection_reconstruction.json
DIRECT_SHA256	2172	2B4F5A334F28301E586109851822BE604069C9EA8743CE37FC457EC7FFCD33FC	platform_b1_mvp2/assurance_os/implementation/step_171_assurance_os_governed_demonstration_control_plane/scenario_runs/aurora17_05_correction_recovery_revalidation_success/session_manifest.json
DIRECT_SHA256	1068	BDF20E13945762093BB177DA079B80849663157B6E7929E515E67A72C07EDA23	platform_b1_mvp2/assurance_os/implementation/step_171_assurance_os_governed_demonstration_control_plane/scenario_runs/aurora17_05_correction_recovery_revalidation_success/preflight_result.json
DIRECT_SHA256	683	309AF15D052D26753318CE38F15C3EDA0BAFBB2641D4E19AFEAEFEB72B9922C6	platform_b1_mvp2/assurance_os/implementation/step_171_assurance_os_governed_demonstration_control_plane/scenario_runs/aurora17_05_correction_recovery_revalidation_success/evidence_dependency_state.json
DIRECT_SHA256	717	A29B0C2FA142DAC2FCEA4F6D81DF2ABE1447869E6016B005B5C144BE45E176A8	platform_b1_mvp2/assurance_os/implementation/step_171_assurance_os_governed_demonstration_control_plane/scenario_runs/aurora17_05_correction_recovery_revalidation_success/identity_authority_state.json
DIRECT_SHA256	247	3AFEF050B0AAA41F220DD5276FC42646D5B50BC4A1AD34D144D0B666D29CF23F	platform_b1_mvp2/assurance_os/implementation/step_171_assurance_os_governed_demonstration_control_plane/scenario_runs/aurora17_05_correction_recovery_revalidation_success/execution_revalidation.json
DIRECT_SHA256	393	6C15314C1EC085ED6ACEBDA7BB521B36CFB3FF2603BE19D31A8A13C38F0A18A7	platform_b1_mvp2/assurance_os/implementation/step_171_assurance_os_governed_demonstration_control_plane/scenario_runs/aurora17_05_correction_recovery_revalidation_success/action_admissibility.json
DIRECT_SHA256	335	86D4B48604E600AE3A8843920498D15DC978EBD553C1B96C0234BD60D013175C	platform_b1_mvp2/assurance_os/implementation/step_171_assurance_os_governed_demonstration_control_plane/scenario_runs/aurora17_05_correction_recovery_revalidation_success/no_bind_handoff.json
DIRECT_SHA256	451	BE5098A940F472A867324EAA3F648FB7FDBA054130315C801F8CCAFCA61C7425	platform_b1_mvp2/assurance_os/implementation/step_171_assurance_os_governed_demonstration_control_plane/scenario_runs/aurora17_05_correction_recovery_revalidation_success/audit_event.json
DIRECT_SHA256	2927	71D0C9D54D5BAE5C09C26F1AE813AF2B2D9BEBECBBD5FD2C30021951A381EF46	platform_b1_mvp2/assurance_os/implementation/step_171_assurance_os_governed_demonstration_control_plane/scenario_runs/aurora17_05_correction_recovery_revalidation_success/assurance_passport.json
DIRECT_SHA256	1587	523819DB765358A38277C5422CADA79B5BB0B81C5CF77230D7BCB5FCDD0ABAF8	platform_b1_mvp2/assurance_os/implementation/step_171_assurance_os_governed_demonstration_control_plane/scenario_runs/aurora17_05_correction_recovery_revalidation_success/inspection_reconstruction.json
DIRECT_SHA256	2067	4B2A8D2ACC3D02B1A13D0BB27C8515BD59DA333FA834E02D763C1436977742F2	platform_b1_mvp2/assurance_os/implementation/step_171_assurance_os_governed_demonstration_control_plane/scenario_runs/irlt_01_governed_success/session_manifest.json
DIRECT_SHA256	1032	8C0032B2B430066B4EC03AF1C86FDD543FD389E3070AD8B54463A31A3F4DB2EB	platform_b1_mvp2/assurance_os/implementation/step_171_assurance_os_governed_demonstration_control_plane/scenario_runs/irlt_01_governed_success/preflight_result.json
DIRECT_SHA256	647	D68391AE2A56FB0C7FDBE1C1DFB9A819950B521E92AE17EA848BAF03E47F8774	platform_b1_mvp2/assurance_os/implementation/step_171_assurance_os_governed_demonstration_control_plane/scenario_runs/irlt_01_governed_success/evidence_dependency_state.json
DIRECT_SHA256	685	BEB56A47510187FEC8D4EC1EC0E2666AE13617691EF0F3701083D2AD5C0BC615	platform_b1_mvp2/assurance_os/implementation/step_171_assurance_os_governed_demonstration_control_plane/scenario_runs/irlt_01_governed_success/identity_authority_state.json
DIRECT_SHA256	220	E00B99A4558DEACE87ED037DCA40AACAC342F267DE76BE0DA373E113CAEF9666	platform_b1_mvp2/assurance_os/implementation/step_171_assurance_os_governed_demonstration_control_plane/scenario_runs/irlt_01_governed_success/execution_revalidation.json
DIRECT_SHA256	357	D5201D678F9D7B62B55AE6FC50589853889382E106A142DF58B34117441510B0	platform_b1_mvp2/assurance_os/implementation/step_171_assurance_os_governed_demonstration_control_plane/scenario_runs/irlt_01_governed_success/action_admissibility.json
DIRECT_SHA256	303	C16E59CD49CF3F555865A48496FBF8D20237D77CEFE9C20633C7976A710A205E	platform_b1_mvp2/assurance_os/implementation/step_171_assurance_os_governed_demonstration_control_plane/scenario_runs/irlt_01_governed_success/no_bind_handoff.json
DIRECT_SHA256	428	AD63F6950C31FF44EF84971465D4BE4D92D1711C2F9F4C5155C3715EFA8184CA	platform_b1_mvp2/assurance_os/implementation/step_171_assurance_os_governed_demonstration_control_plane/scenario_runs/irlt_01_governed_success/audit_event.json
DIRECT_SHA256	2880	B19D206C17D2BA6EB4200E36D3458532BD6DA82ADA7DFD677574AD8BAC91036B	platform_b1_mvp2/assurance_os/implementation/step_171_assurance_os_governed_demonstration_control_plane/scenario_runs/irlt_01_governed_success/assurance_passport.json
DIRECT_SHA256	1568	1D705DFBFA2E1447EEFF4FE5D75393333236A4B97E473B670BB6DC00BB4548D6	platform_b1_mvp2/assurance_os/implementation/step_171_assurance_os_governed_demonstration_control_plane/scenario_runs/irlt_01_governed_success/inspection_reconstruction.json
DIRECT_SHA256	2089	C4782921EFADC744084C96A6600876C91D90A2F13ACD43FCB74C8A81F277399E	platform_b1_mvp2/assurance_os/implementation/step_171_assurance_os_governed_demonstration_control_plane/scenario_runs/irlt_02_evidence_provenance_failure/session_manifest.json
DIRECT_SHA256	1062	F993291FB030D5EB61A39ED8D1CE6512AC643354E4236AE6CA863EC2A27297C6	platform_b1_mvp2/assurance_os/implementation/step_171_assurance_os_governed_demonstration_control_plane/scenario_runs/irlt_02_evidence_provenance_failure/preflight_result.json
DIRECT_SHA256	679	9B1113707DAEB49FFFFA951FD0B48FFAAD917D8EAD3EB05179B6F9D3C31D4354	platform_b1_mvp2/assurance_os/implementation/step_171_assurance_os_governed_demonstration_control_plane/scenario_runs/irlt_02_evidence_provenance_failure/evidence_dependency_state.json
DIRECT_SHA256	696	356CDCF9A4E966C697F44DB901615DE0FB40D016561A5FD57B87F69DE600B30D	platform_b1_mvp2/assurance_os/implementation/step_171_assurance_os_governed_demonstration_control_plane/scenario_runs/irlt_02_evidence_provenance_failure/identity_authority_state.json
DIRECT_SHA256	231	B4497E4C589248466851EBBBEFB157816165C77FFE2E9403A660DF62ABDFE24D	platform_b1_mvp2/assurance_os/implementation/step_171_assurance_os_governed_demonstration_control_plane/scenario_runs/irlt_02_evidence_provenance_failure/execution_revalidation.json
DIRECT_SHA256	348	4EC8ED1F77BB28221699247BFAF01AF870FC6AE2FDFDF0CD1B68E797F74E0C66	platform_b1_mvp2/assurance_os/implementation/step_171_assurance_os_governed_demonstration_control_plane/scenario_runs/irlt_02_evidence_provenance_failure/action_admissibility.json
DIRECT_SHA256	295	660D841C4CEC0A8F6DAEF30FC97D6C2D46011C61E615DB2714C34070BC931371	platform_b1_mvp2/assurance_os/implementation/step_171_assurance_os_governed_demonstration_control_plane/scenario_runs/irlt_02_evidence_provenance_failure/no_bind_handoff.json
DIRECT_SHA256	415	FA653522CAEC00465CDC9B11E2969B7E432E0F86B4FA4613977A94B4D1AA6397	platform_b1_mvp2/assurance_os/implementation/step_171_assurance_os_governed_demonstration_control_plane/scenario_runs/irlt_02_evidence_provenance_failure/audit_event.json
DIRECT_SHA256	2867	CEFD35E1109E9ADFBAC42D0B323CE00EBB491FAC17863451CFE2B625AD319EE2	platform_b1_mvp2/assurance_os/implementation/step_171_assurance_os_governed_demonstration_control_plane/scenario_runs/irlt_02_evidence_provenance_failure/assurance_passport.json
DIRECT_SHA256	1555	1C7C7FBCF98B58DFD549E0B8BDDABAD9FF69C39F98AE9084D783394BA1F3E768	platform_b1_mvp2/assurance_os/implementation/step_171_assurance_os_governed_demonstration_control_plane/scenario_runs/irlt_02_evidence_provenance_failure/inspection_reconstruction.json
DIRECT_SHA256	2095	2136BC7C81A3A42A98CDA8D7DB3CC20DF868D17C5E80D807C43839D466B574DB	platform_b1_mvp2/assurance_os/implementation/step_171_assurance_os_governed_demonstration_control_plane/scenario_runs/irlt_03_dependency_source_disagreement/session_manifest.json
DIRECT_SHA256	1075	F56435B1FA9F180DC51F2AEB19082818F11215C3605D5BFAC63E9363C439BB11	platform_b1_mvp2/assurance_os/implementation/step_171_assurance_os_governed_demonstration_control_plane/scenario_runs/irlt_03_dependency_source_disagreement/preflight_result.json
DIRECT_SHA256	684	2D6E9E9295AD4459E3BE1DE12FA947D9AB5E1B50AC6CF6CDA972B0A5FD75A486	platform_b1_mvp2/assurance_os/implementation/step_171_assurance_os_governed_demonstration_control_plane/scenario_runs/irlt_03_dependency_source_disagreement/evidence_dependency_state.json
DIRECT_SHA256	699	713177BE9B2F93B8628CCAEBA29A910C1F7FF9F50290EACA92EF573C206FFF50	platform_b1_mvp2/assurance_os/implementation/step_171_assurance_os_governed_demonstration_control_plane/scenario_runs/irlt_03_dependency_source_disagreement/identity_authority_state.json
DIRECT_SHA256	234	22B44E2411FE9E6D59E8F953839AB9C9496F671699ACA873EBEA73F68AD1FE81	platform_b1_mvp2/assurance_os/implementation/step_171_assurance_os_governed_demonstration_control_plane/scenario_runs/irlt_03_dependency_source_disagreement/execution_revalidation.json
DIRECT_SHA256	351	595B3996771BC61B783C5CCD32389BBF15970A62FDB6F4971136E1BBA9D8699F	platform_b1_mvp2/assurance_os/implementation/step_171_assurance_os_governed_demonstration_control_plane/scenario_runs/irlt_03_dependency_source_disagreement/action_admissibility.json
DIRECT_SHA256	298	93B8685253C24FCA0A6FC7823D238365C0B92079F8CFEB09B23395E50293F68D	platform_b1_mvp2/assurance_os/implementation/step_171_assurance_os_governed_demonstration_control_plane/scenario_runs/irlt_03_dependency_source_disagreement/no_bind_handoff.json
DIRECT_SHA256	418	831718EE0C802E81D9441608012B4E06CA11A81A09AC427BF8A0AD0B1E17C102	platform_b1_mvp2/assurance_os/implementation/step_171_assurance_os_governed_demonstration_control_plane/scenario_runs/irlt_03_dependency_source_disagreement/audit_event.json
DIRECT_SHA256	2870	C88D79F8648F999C9F04CEF95CD09799471542EDB47BD068D0C3B90AEC700552	platform_b1_mvp2/assurance_os/implementation/step_171_assurance_os_governed_demonstration_control_plane/scenario_runs/irlt_03_dependency_source_disagreement/assurance_passport.json
DIRECT_SHA256	1558	375C6B0BE779473511F98E96690352597197DB508E8908F1F68A60A5B6958F75	platform_b1_mvp2/assurance_os/implementation/step_171_assurance_os_governed_demonstration_control_plane/scenario_runs/irlt_03_dependency_source_disagreement/inspection_reconstruction.json
DIRECT_SHA256	2085	EA1823E17255FE398A5D5FB73420C564C24D6EA19628FA6E62CA19080ED98DE8	platform_b1_mvp2/assurance_os/implementation/step_171_assurance_os_governed_demonstration_control_plane/scenario_runs/irlt_04_authority_or_no_bind_hold/session_manifest.json
DIRECT_SHA256	1064	E66A7417721CFDE4A2F63698FE2E124F0534271480C5E57B1DB25446980C4D1E	platform_b1_mvp2/assurance_os/implementation/step_171_assurance_os_governed_demonstration_control_plane/scenario_runs/irlt_04_authority_or_no_bind_hold/preflight_result.json
DIRECT_SHA256	656	4946ACEBCCF0FB7C8FEFA682C2B4E9441477936D2297444BDFB2ABE0E1B9D071	platform_b1_mvp2/assurance_os/implementation/step_171_assurance_os_governed_demonstration_control_plane/scenario_runs/irlt_04_authority_or_no_bind_hold/evidence_dependency_state.json
DIRECT_SHA256	710	300E2979A2CC3F1C6DEE8B9247FC6B4D3B68890E909C0904E0804BA5076FC48E	platform_b1_mvp2/assurance_os/implementation/step_171_assurance_os_governed_demonstration_control_plane/scenario_runs/irlt_04_authority_or_no_bind_hold/identity_authority_state.json
DIRECT_SHA256	229	BC56CEE3978CC2B9146E27D941D12717F524373FEB89A069BA6E843C253A775E	platform_b1_mvp2/assurance_os/implementation/step_171_assurance_os_governed_demonstration_control_plane/scenario_runs/irlt_04_authority_or_no_bind_hold/execution_revalidation.json
DIRECT_SHA256	343	D46441CC979AF31C72D43206F218801D0F331561AED79B843A4ADC6623436EB0	platform_b1_mvp2/assurance_os/implementation/step_171_assurance_os_governed_demonstration_control_plane/scenario_runs/irlt_04_authority_or_no_bind_hold/action_admissibility.json
DIRECT_SHA256	365	D54042214E9AE830969405F8447123649D3F2DDB4A7F17545D9FA9E54128CB09	platform_b1_mvp2/assurance_os/implementation/step_171_assurance_os_governed_demonstration_control_plane/scenario_runs/irlt_04_authority_or_no_bind_hold/no_bind_handoff.json
DIRECT_SHA256	410	6F23C0066EC1AEA81F47D433375CF4A14BC24262ED39D2ED9482768D81879580	platform_b1_mvp2/assurance_os/implementation/step_171_assurance_os_governed_demonstration_control_plane/scenario_runs/irlt_04_authority_or_no_bind_hold/audit_event.json
DIRECT_SHA256	2862	351788CA3B973F039BD888901CD5061BFFB9A3581BFC1BBB6E5F7E5E3145AF12	platform_b1_mvp2/assurance_os/implementation/step_171_assurance_os_governed_demonstration_control_plane/scenario_runs/irlt_04_authority_or_no_bind_hold/assurance_passport.json
DIRECT_SHA256	1550	D683F594908E695B9BDF848968E069E0F1FDF29FE25B52575E36788036209240	platform_b1_mvp2/assurance_os/implementation/step_171_assurance_os_governed_demonstration_control_plane/scenario_runs/irlt_04_authority_or_no_bind_hold/inspection_reconstruction.json
DIRECT_SHA256	2116	86F11E99A7C76254C1870675988C2F0AD44CAECFD16E8C045C66023B035C24AA	platform_b1_mvp2/assurance_os/implementation/step_171_assurance_os_governed_demonstration_control_plane/scenario_runs/irlt_05_correction_recovery_revalidation_success/session_manifest.json
DIRECT_SHA256	1057	61F7FE4C60B6994A7940E25B6DB9BAB100CD49D1CF0D08ACD9FD620DC47A2377	platform_b1_mvp2/assurance_os/implementation/step_171_assurance_os_governed_demonstration_control_plane/scenario_runs/irlt_05_correction_recovery_revalidation_success/preflight_result.json
DIRECT_SHA256	671	1B0647F6F668CC314FF722E97C764FB9AFED8BD722DE4F8B51DD409CD3F0374D	platform_b1_mvp2/assurance_os/implementation/step_171_assurance_os_governed_demonstration_control_plane/scenario_runs/irlt_05_correction_recovery_revalidation_success/evidence_dependency_state.json
DIRECT_SHA256	709	64FE126C5D7A56F076E5E59DCB540EE7A3BF75851EEF20345FBE90EA9902B39B	platform_b1_mvp2/assurance_os/implementation/step_171_assurance_os_governed_demonstration_control_plane/scenario_runs/irlt_05_correction_recovery_revalidation_success/identity_authority_state.json
DIRECT_SHA256	244	A6E9C9D2BB13C7D0CE13196D849688FEE7837D501E2F85B263B415565A28AFC0	platform_b1_mvp2/assurance_os/implementation/step_171_assurance_os_governed_demonstration_control_plane/scenario_runs/irlt_05_correction_recovery_revalidation_success/execution_revalidation.json
DIRECT_SHA256	389	09E58B36309A642D79736B26E6310A56B7C139AB897BB212189950C6CEDF71B8	platform_b1_mvp2/assurance_os/implementation/step_171_assurance_os_governed_demonstration_control_plane/scenario_runs/irlt_05_correction_recovery_revalidation_success/action_admissibility.json
DIRECT_SHA256	327	83F388FBF960190A68FDB1A87C43818EBCF2A05D7B23864A8550EE7890A6CB30	platform_b1_mvp2/assurance_os/implementation/step_171_assurance_os_governed_demonstration_control_plane/scenario_runs/irlt_05_correction_recovery_revalidation_success/no_bind_handoff.json
DIRECT_SHA256	444	346EDE81B92C7677BC7246C6160BF8AB9A7DC053E6E6978B0198DA16EE33269D	platform_b1_mvp2/assurance_os/implementation/step_171_assurance_os_governed_demonstration_control_plane/scenario_runs/irlt_05_correction_recovery_revalidation_success/audit_event.json
DIRECT_SHA256	2895	C23B9DFA5652D0E3D63D236FF1C763C7A2ED7B31C4457F60F9D684C39672CAFA	platform_b1_mvp2/assurance_os/implementation/step_171_assurance_os_governed_demonstration_control_plane/scenario_runs/irlt_05_correction_recovery_revalidation_success/assurance_passport.json
DIRECT_SHA256	1583	B8D97DB4D9CD222C1673EAD11247873B44B2724DDEAD7B723FB40217C0474944	platform_b1_mvp2/assurance_os/implementation/step_171_assurance_os_governed_demonstration_control_plane/scenario_runs/irlt_05_correction_recovery_revalidation_success/inspection_reconstruction.json
DIRECT_SHA256	2147	17917515046D720C09C306C26D201DD08457A99775A2A74E4999D26EC7C7347C	platform_b1_mvp2/assurance_os/implementation/step_171_assurance_os_governed_demonstration_control_plane/scenario_runs/compounding_01_governed_success/session_manifest.json
DIRECT_SHA256	1054	6DE537C2039DDB60B211FB66161A20E614D5EE09ED05F032FACA5E0441B54D22	platform_b1_mvp2/assurance_os/implementation/step_171_assurance_os_governed_demonstration_control_plane/scenario_runs/compounding_01_governed_success/preflight_result.json
DIRECT_SHA256	668	2E7C32A7CA08B17F82198B046C1AFA3F5A05689A88D394E977AAE849BD8D7021	platform_b1_mvp2/assurance_os/implementation/step_171_assurance_os_governed_demonstration_control_plane/scenario_runs/compounding_01_governed_success/evidence_dependency_state.json
DIRECT_SHA256	699	72B13385DE22481AA41E257126A6BEE149F15EEA6C8AE67880DCD65ADE4F97AA	platform_b1_mvp2/assurance_os/implementation/step_171_assurance_os_governed_demonstration_control_plane/scenario_runs/compounding_01_governed_success/identity_authority_state.json
DIRECT_SHA256	228	82431C54EFD79079522E7DBC92CF5A1B0631AE763BC39419733B11CD348A0F37	platform_b1_mvp2/assurance_os/implementation/step_171_assurance_os_governed_demonstration_control_plane/scenario_runs/compounding_01_governed_success/execution_revalidation.json
DIRECT_SHA256	364	517F11C6E72D5C47A2017C5286C4AF900169A506E8388A8A69204E2726DB62D7	platform_b1_mvp2/assurance_os/implementation/step_171_assurance_os_governed_demonstration_control_plane/scenario_runs/compounding_01_governed_success/action_admissibility.json
DIRECT_SHA256	317	35C09CAF0CA0B887BFCEC769CB100AAF3DC9FFAD38C9D47B275633CBB6F84748	platform_b1_mvp2/assurance_os/implementation/step_171_assurance_os_governed_demonstration_control_plane/scenario_runs/compounding_01_governed_success/no_bind_handoff.json
DIRECT_SHA256	443	16093BA5FBCAADEE1C846FA66F739E4CD6E7C29BF059B98B4ECC52669F35C449	platform_b1_mvp2/assurance_os/implementation/step_171_assurance_os_governed_demonstration_control_plane/scenario_runs/compounding_01_governed_success/audit_event.json
DIRECT_SHA256	2936	921EACB80972B966C5B75D87C8F9EE4257D7F66836B3D4243C924FE69DBCD297	platform_b1_mvp2/assurance_os/implementation/step_171_assurance_os_governed_demonstration_control_plane/scenario_runs/compounding_01_governed_success/assurance_passport.json
DIRECT_SHA256	1575	A2AD84C1FC05007B0D692933DDA10C5FF6EB1B04574B507F5C573EC2A381A07E	platform_b1_mvp2/assurance_os/implementation/step_171_assurance_os_governed_demonstration_control_plane/scenario_runs/compounding_01_governed_success/inspection_reconstruction.json
DIRECT_SHA256	2169	D39859C2C5180469681676606CC1A17FCD7739E2AD433D8A11859C81BE61D259	platform_b1_mvp2/assurance_os/implementation/step_171_assurance_os_governed_demonstration_control_plane/scenario_runs/compounding_02_evidence_provenance_failure/session_manifest.json
DIRECT_SHA256	1084	9C82612CD13A7A57DEF7BB4417A80790CDF562852F3DCD0A0168B4AECC494AEF	platform_b1_mvp2/assurance_os/implementation/step_171_assurance_os_governed_demonstration_control_plane/scenario_runs/compounding_02_evidence_provenance_failure/preflight_result.json
DIRECT_SHA256	700	37816E4CF7E1563BC4D0807D7AA01ACEBD106278645EEF0DCC528C2FB831C434	platform_b1_mvp2/assurance_os/implementation/step_171_assurance_os_governed_demonstration_control_plane/scenario_runs/compounding_02_evidence_provenance_failure/evidence_dependency_state.json
DIRECT_SHA256	710	383C73BE577C4B8BC3679B1787E706C3E7F794C797805B6004D2B9F4E1CB3C61	platform_b1_mvp2/assurance_os/implementation/step_171_assurance_os_governed_demonstration_control_plane/scenario_runs/compounding_02_evidence_provenance_failure/identity_authority_state.json
DIRECT_SHA256	239	EE261C2BB3ED95DB1D709E483220782B4370626895526D190988DF0D664FC529	platform_b1_mvp2/assurance_os/implementation/step_171_assurance_os_governed_demonstration_control_plane/scenario_runs/compounding_02_evidence_provenance_failure/execution_revalidation.json
DIRECT_SHA256	355	F52A087DE77E57F7D849E0E61462829622F1CE00F918F9ED37720227D2798781	platform_b1_mvp2/assurance_os/implementation/step_171_assurance_os_governed_demonstration_control_plane/scenario_runs/compounding_02_evidence_provenance_failure/action_admissibility.json
DIRECT_SHA256	309	91C94C512792B44CFE577C11325FB220B4496E0DC39EC5454379130210D84DF8	platform_b1_mvp2/assurance_os/implementation/step_171_assurance_os_governed_demonstration_control_plane/scenario_runs/compounding_02_evidence_provenance_failure/no_bind_handoff.json
DIRECT_SHA256	430	A2CD4AC06FCAFC1FA1CCEAC474FF93E697459D5E7079D040214D06FD5AD7A9DC	platform_b1_mvp2/assurance_os/implementation/step_171_assurance_os_governed_demonstration_control_plane/scenario_runs/compounding_02_evidence_provenance_failure/audit_event.json
DIRECT_SHA256	2923	FA820B481D3FF8C301B8CD4753B5EF8B89CCA4483D1B419A1FF5723C234ABA8D	platform_b1_mvp2/assurance_os/implementation/step_171_assurance_os_governed_demonstration_control_plane/scenario_runs/compounding_02_evidence_provenance_failure/assurance_passport.json
DIRECT_SHA256	1562	E98A2BA203B09EAD349DA6B6CBCEB04052A04F2663B116E95D65EC598ACACE4A	platform_b1_mvp2/assurance_os/implementation/step_171_assurance_os_governed_demonstration_control_plane/scenario_runs/compounding_02_evidence_provenance_failure/inspection_reconstruction.json
DIRECT_SHA256	2175	EAE535D0F5ED561826EE95BE52811B4BCD24EB53E5F203516BA639C6D3DBCCAC	platform_b1_mvp2/assurance_os/implementation/step_171_assurance_os_governed_demonstration_control_plane/scenario_runs/compounding_03_dependency_source_disagreement/session_manifest.json
DIRECT_SHA256	1097	1AFB686CC2C61AB3EB98408A3ADD2503C18506E62521F22D1D4394E177979048	platform_b1_mvp2/assurance_os/implementation/step_171_assurance_os_governed_demonstration_control_plane/scenario_runs/compounding_03_dependency_source_disagreement/preflight_result.json
DIRECT_SHA256	705	3D53379BED5DE8999810C117BE181B7D07DB41397E1C13641E4A4037D69B7E23	platform_b1_mvp2/assurance_os/implementation/step_171_assurance_os_governed_demonstration_control_plane/scenario_runs/compounding_03_dependency_source_disagreement/evidence_dependency_state.json
DIRECT_SHA256	713	3C0B05156546EC11518BE65DA27095EEE40F9040AE2794BFB8D4A07C1E13E518	platform_b1_mvp2/assurance_os/implementation/step_171_assurance_os_governed_demonstration_control_plane/scenario_runs/compounding_03_dependency_source_disagreement/identity_authority_state.json
DIRECT_SHA256	242	CE8866D2F7C4DCE93DA9688F184E28EC6AB8E0B5CD3D13B1BFEF4EF61AFB805B	platform_b1_mvp2/assurance_os/implementation/step_171_assurance_os_governed_demonstration_control_plane/scenario_runs/compounding_03_dependency_source_disagreement/execution_revalidation.json
DIRECT_SHA256	358	88295C0CC65B52B6D0D84A5097C2369C88E97CD41F33A9B465F68C61BC61078D	platform_b1_mvp2/assurance_os/implementation/step_171_assurance_os_governed_demonstration_control_plane/scenario_runs/compounding_03_dependency_source_disagreement/action_admissibility.json
DIRECT_SHA256	312	10EF21C6FE3F42404FA3B82448661CF86DB59DB79610DB886689B26FD8A2C6D2	platform_b1_mvp2/assurance_os/implementation/step_171_assurance_os_governed_demonstration_control_plane/scenario_runs/compounding_03_dependency_source_disagreement/no_bind_handoff.json
DIRECT_SHA256	433	B508518F4AF2092FFB56229AC1352D6B741E626A03F424A242281CDE5F8ED18E	platform_b1_mvp2/assurance_os/implementation/step_171_assurance_os_governed_demonstration_control_plane/scenario_runs/compounding_03_dependency_source_disagreement/audit_event.json
DIRECT_SHA256	2926	FC21504316B88D945CEC6ED09FD80F09349BA5B50F6492EAC900A93DF3C4C77B	platform_b1_mvp2/assurance_os/implementation/step_171_assurance_os_governed_demonstration_control_plane/scenario_runs/compounding_03_dependency_source_disagreement/assurance_passport.json
DIRECT_SHA256	1565	944297134336DF064B809AF8D06EF321E52695FF56AEE8EA6F2AA40013ED6154	platform_b1_mvp2/assurance_os/implementation/step_171_assurance_os_governed_demonstration_control_plane/scenario_runs/compounding_03_dependency_source_disagreement/inspection_reconstruction.json
DIRECT_SHA256	2165	0FF9C60A29A47592C6F9597738184C2F6B9EE16F11396FF6E2CADC1C106E8127	platform_b1_mvp2/assurance_os/implementation/step_171_assurance_os_governed_demonstration_control_plane/scenario_runs/compounding_04_authority_or_no_bind_hold/session_manifest.json
DIRECT_SHA256	1086	8E2CC62C2E101654B681F0022941DE19D8EB0D0B3542FC2975C437D03B1FA4F0	platform_b1_mvp2/assurance_os/implementation/step_171_assurance_os_governed_demonstration_control_plane/scenario_runs/compounding_04_authority_or_no_bind_hold/preflight_result.json
DIRECT_SHA256	677	E41B3B20BCCF00FC1446EFD14457F1784C7C78AA4EA3FD1EEA6B7F4EBDCB0512	platform_b1_mvp2/assurance_os/implementation/step_171_assurance_os_governed_demonstration_control_plane/scenario_runs/compounding_04_authority_or_no_bind_hold/evidence_dependency_state.json
DIRECT_SHA256	724	D696CDBA009F8FF81A76A8EF6A7134CFD6A97399F72B6B7DBB5CD34E5796217F	platform_b1_mvp2/assurance_os/implementation/step_171_assurance_os_governed_demonstration_control_plane/scenario_runs/compounding_04_authority_or_no_bind_hold/identity_authority_state.json
DIRECT_SHA256	237	7405FCE76799FD537424326E69428FA623D72BF6A6C724732D083F25E37C4572	platform_b1_mvp2/assurance_os/implementation/step_171_assurance_os_governed_demonstration_control_plane/scenario_runs/compounding_04_authority_or_no_bind_hold/execution_revalidation.json
DIRECT_SHA256	350	E4E593D4221C9CA6BEFADCF71EB1D2043EBC47C9501A78B33DC0C67C664018C8	platform_b1_mvp2/assurance_os/implementation/step_171_assurance_os_governed_demonstration_control_plane/scenario_runs/compounding_04_authority_or_no_bind_hold/action_admissibility.json
DIRECT_SHA256	379	60750343C33AF97DEA0689F0E9AC23773A327BE32755BD71B017431CDD2CAC89	platform_b1_mvp2/assurance_os/implementation/step_171_assurance_os_governed_demonstration_control_plane/scenario_runs/compounding_04_authority_or_no_bind_hold/no_bind_handoff.json
DIRECT_SHA256	425	1804E732618579133DD1EF54E332DF2007BB60CE82FAB56E3B381F8900D251B6	platform_b1_mvp2/assurance_os/implementation/step_171_assurance_os_governed_demonstration_control_plane/scenario_runs/compounding_04_authority_or_no_bind_hold/audit_event.json
DIRECT_SHA256	2918	719EE914CE8AEF9CF60BC7CED2286AACA1B0C1342E53C68D59D02512EAB7F988	platform_b1_mvp2/assurance_os/implementation/step_171_assurance_os_governed_demonstration_control_plane/scenario_runs/compounding_04_authority_or_no_bind_hold/assurance_passport.json
DIRECT_SHA256	1557	F639FFB1E60FD57446052CF49FE8D1509A3556DE8E14B6EBD616BC8516A75B0E	platform_b1_mvp2/assurance_os/implementation/step_171_assurance_os_governed_demonstration_control_plane/scenario_runs/compounding_04_authority_or_no_bind_hold/inspection_reconstruction.json
DIRECT_SHA256	2195	8F89C17A471AEF4A064BC64151F78D6755CD4D7D421CAB4F79FCD8366EE7A572	platform_b1_mvp2/assurance_os/implementation/step_171_assurance_os_governed_demonstration_control_plane/scenario_runs/compounding_05_correction_recovery_revalidation_success/session_manifest.json
DIRECT_SHA256	1078	D4482FBB5055FBAE82C03BCC2001522ABB9A335DE08B02FDAE77E7F25A9FE249	platform_b1_mvp2/assurance_os/implementation/step_171_assurance_os_governed_demonstration_control_plane/scenario_runs/compounding_05_correction_recovery_revalidation_success/preflight_result.json
DIRECT_SHA256	692	897DEE7F2E8D8A372A95E58A4B7993F4D5D91D3860CA77D6E5C2A25ABF674ED5	platform_b1_mvp2/assurance_os/implementation/step_171_assurance_os_governed_demonstration_control_plane/scenario_runs/compounding_05_correction_recovery_revalidation_success/evidence_dependency_state.json
DIRECT_SHA256	723	D4E668FE9FD00B4377B93D2F26E1612767DB81EA428FD88F6FB1AE8FE414C4F0	platform_b1_mvp2/assurance_os/implementation/step_171_assurance_os_governed_demonstration_control_plane/scenario_runs/compounding_05_correction_recovery_revalidation_success/identity_authority_state.json
DIRECT_SHA256	251	C5FAFCE21C01CEA42FDBF9396CD5D0C86A309BF5E2A2BFDA4FB349E544DF540F	platform_b1_mvp2/assurance_os/implementation/step_171_assurance_os_governed_demonstration_control_plane/scenario_runs/compounding_05_correction_recovery_revalidation_success/execution_revalidation.json
DIRECT_SHA256	396	BAAE4EF5CF4035AC5FDF68281667C6C3F2EA024E16A6D6943E98053970FF5533	platform_b1_mvp2/assurance_os/implementation/step_171_assurance_os_governed_demonstration_control_plane/scenario_runs/compounding_05_correction_recovery_revalidation_success/action_admissibility.json
DIRECT_SHA256	341	7A15589B7C9920A201ACEDFDB2BC457FB688E4ACB2A22C7FAEB346C7FDD68433	platform_b1_mvp2/assurance_os/implementation/step_171_assurance_os_governed_demonstration_control_plane/scenario_runs/compounding_05_correction_recovery_revalidation_success/no_bind_handoff.json
DIRECT_SHA256	458	BA3584C7AA0299EDA842A6F263F38ED6B574A06DE677C85FC448FCCEC6E5BA47	platform_b1_mvp2/assurance_os/implementation/step_171_assurance_os_governed_demonstration_control_plane/scenario_runs/compounding_05_correction_recovery_revalidation_success/audit_event.json
DIRECT_SHA256	2951	9205F5A816B3390FBBFD32B965F72F1A9BDE0B5E275369E1808055AF247CBDC5	platform_b1_mvp2/assurance_os/implementation/step_171_assurance_os_governed_demonstration_control_plane/scenario_runs/compounding_05_correction_recovery_revalidation_success/assurance_passport.json
DIRECT_SHA256	1590	15A5657AA414D5BC0D30631BC84ECD3220D121305EA0DC742A886EC152F33F97	platform_b1_mvp2/assurance_os/implementation/step_171_assurance_os_governed_demonstration_control_plane/scenario_runs/compounding_05_correction_recovery_revalidation_success/inspection_reconstruction.json
DIRECT_SHA256	2078	783981BC9B42800A48D27DB765203DA0B5139227AB8EE784B6799D71699B5C76	platform_b1_mvp2/assurance_os/implementation/step_171_assurance_os_governed_demonstration_control_plane/scenario_runs/dscsa_01_governed_success/session_manifest.json
DIRECT_SHA256	1036	6D8BD5B316F807A4C46A1AAEE26FFBFA70674CF2909995983FB23ABCE67FFFB7	platform_b1_mvp2/assurance_os/implementation/step_171_assurance_os_governed_demonstration_control_plane/scenario_runs/dscsa_01_governed_success/preflight_result.json
DIRECT_SHA256	650	B53B05F1C3FE5069D076000A6D4E401C5D17C5E49470DEEA25042228A7795DCB	platform_b1_mvp2/assurance_os/implementation/step_171_assurance_os_governed_demonstration_control_plane/scenario_runs/dscsa_01_governed_success/evidence_dependency_state.json
DIRECT_SHA256	687	4544D6FEA3614185AEF09C9DB36D6BBB26E69CE3599F3FB8ACF52C2D85EC9CE9	platform_b1_mvp2/assurance_os/implementation/step_171_assurance_os_governed_demonstration_control_plane/scenario_runs/dscsa_01_governed_success/identity_authority_state.json
DIRECT_SHA256	222	63924CE9F1AC3700BE9142CD8B33C2A3500741AC20E98AC837E79797A139BDE9	platform_b1_mvp2/assurance_os/implementation/step_171_assurance_os_governed_demonstration_control_plane/scenario_runs/dscsa_01_governed_success/execution_revalidation.json
DIRECT_SHA256	358	FA3C49C94E5D7EA6D6251250E8FF1BDA69136A30C97B5CB21C36FE8DEDA54066	platform_b1_mvp2/assurance_os/implementation/step_171_assurance_os_governed_demonstration_control_plane/scenario_runs/dscsa_01_governed_success/action_admissibility.json
DIRECT_SHA256	305	3AB8ADBB0411B3BE9E26787C7A118B94BDA3A34C80E04535EB9561A37DBF9801	platform_b1_mvp2/assurance_os/implementation/step_171_assurance_os_governed_demonstration_control_plane/scenario_runs/dscsa_01_governed_success/no_bind_handoff.json
DIRECT_SHA256	431	64B3E599C655ACC22421A1EC378D514ACC09E811AC39B6FB57764938ACDFFB40	platform_b1_mvp2/assurance_os/implementation/step_171_assurance_os_governed_demonstration_control_plane/scenario_runs/dscsa_01_governed_success/audit_event.json
DIRECT_SHA256	2888	F1F4CE75AC2D96E604F776F12F739C44AD3E60D8C3D82047C10D5D6368B94651	platform_b1_mvp2/assurance_os/implementation/step_171_assurance_os_governed_demonstration_control_plane/scenario_runs/dscsa_01_governed_success/assurance_passport.json
DIRECT_SHA256	1569	5CBE5369553E37A45ACAFEF485D3C4D38706884E7DD9FE60C324D2C9956420E6	platform_b1_mvp2/assurance_os/implementation/step_171_assurance_os_governed_demonstration_control_plane/scenario_runs/dscsa_01_governed_success/inspection_reconstruction.json
DIRECT_SHA256	2100	29DFAFE2712C976108C4699B79181DABF5D2125DDE04C3A52FA183B6428F85D7	platform_b1_mvp2/assurance_os/implementation/step_171_assurance_os_governed_demonstration_control_plane/scenario_runs/dscsa_02_evidence_provenance_failure/session_manifest.json
DIRECT_SHA256	1066	2F240D0B41F0B509DC2EE5BF618C388AB160DC19EBC04B32A505A3012037D21E	platform_b1_mvp2/assurance_os/implementation/step_171_assurance_os_governed_demonstration_control_plane/scenario_runs/dscsa_02_evidence_provenance_failure/preflight_result.json
DIRECT_SHA256	682	B6B1AFB316F0A72A46544CC82FC30047D9F89E47C70E5799EA8541F6F3320DB6	platform_b1_mvp2/assurance_os/implementation/step_171_assurance_os_governed_demonstration_control_plane/scenario_runs/dscsa_02_evidence_provenance_failure/evidence_dependency_state.json
DIRECT_SHA256	698	BB9A4165BAF02D4E012272042C2B8C4CEEFFCD416DDF48111BEBB85B14F5EEC8	platform_b1_mvp2/assurance_os/implementation/step_171_assurance_os_governed_demonstration_control_plane/scenario_runs/dscsa_02_evidence_provenance_failure/identity_authority_state.json
DIRECT_SHA256	233	C8F442D11E515CFB0434AD391F9612B38496E8C7E4B89300B557345CC84C5A64	platform_b1_mvp2/assurance_os/implementation/step_171_assurance_os_governed_demonstration_control_plane/scenario_runs/dscsa_02_evidence_provenance_failure/execution_revalidation.json
DIRECT_SHA256	349	177A7ACEF59542CF9A3AF8C7B14DF72E97FF110D983B1B94995DC6A90E647992	platform_b1_mvp2/assurance_os/implementation/step_171_assurance_os_governed_demonstration_control_plane/scenario_runs/dscsa_02_evidence_provenance_failure/action_admissibility.json
DIRECT_SHA256	297	3CB73DC092D74AE3B0284F06AA04535FE10B58C1EFFDBB2B0A77F9699DE1C4C5	platform_b1_mvp2/assurance_os/implementation/step_171_assurance_os_governed_demonstration_control_plane/scenario_runs/dscsa_02_evidence_provenance_failure/no_bind_handoff.json
DIRECT_SHA256	418	77FD6EC2D8B7BE4D3EE8C2225FA23DD1EA7191C5DA505B724FF0493C44EFBC62	platform_b1_mvp2/assurance_os/implementation/step_171_assurance_os_governed_demonstration_control_plane/scenario_runs/dscsa_02_evidence_provenance_failure/audit_event.json
DIRECT_SHA256	2875	5A3F1369844D9104C345F4C5E50ACF7BBB7825FDBDD32210B5C849499D3B8570	platform_b1_mvp2/assurance_os/implementation/step_171_assurance_os_governed_demonstration_control_plane/scenario_runs/dscsa_02_evidence_provenance_failure/assurance_passport.json
DIRECT_SHA256	1556	DB22A01B10C1204B998A0A025EF2E3EF666CF390669E6826FDF13600B1B63C68	platform_b1_mvp2/assurance_os/implementation/step_171_assurance_os_governed_demonstration_control_plane/scenario_runs/dscsa_02_evidence_provenance_failure/inspection_reconstruction.json
DIRECT_SHA256	2106	4EAEFDB51FAD32397ED42770DE3CD2CCA51D9DC718CA43A4D530E8B0586F716D	platform_b1_mvp2/assurance_os/implementation/step_171_assurance_os_governed_demonstration_control_plane/scenario_runs/dscsa_03_dependency_source_disagreement/session_manifest.json
DIRECT_SHA256	1079	D504065BB37017425A8DA3BD2BF2EE7F1B5EEBE2920776E56B6562F6A3C19878	platform_b1_mvp2/assurance_os/implementation/step_171_assurance_os_governed_demonstration_control_plane/scenario_runs/dscsa_03_dependency_source_disagreement/preflight_result.json
DIRECT_SHA256	687	4277029710909F8DBE2680C2E3D121B79F6FB9715F8A500ACFAD51FB8D450B87	platform_b1_mvp2/assurance_os/implementation/step_171_assurance_os_governed_demonstration_control_plane/scenario_runs/dscsa_03_dependency_source_disagreement/evidence_dependency_state.json
DIRECT_SHA256	701	BE68860E8881B1B60B4DFDF5BC7CD3BBED1EFA2040E52439168C4D2CB41DE8AE	platform_b1_mvp2/assurance_os/implementation/step_171_assurance_os_governed_demonstration_control_plane/scenario_runs/dscsa_03_dependency_source_disagreement/identity_authority_state.json
DIRECT_SHA256	236	486B22D7114E435727E06DC426523B40A43113C4F375564C3B55F4669735FDB1	platform_b1_mvp2/assurance_os/implementation/step_171_assurance_os_governed_demonstration_control_plane/scenario_runs/dscsa_03_dependency_source_disagreement/execution_revalidation.json
DIRECT_SHA256	352	D94BD771355EA3B613039FDBBD5C046B6FE5F0711BE391C10231E976704888BB	platform_b1_mvp2/assurance_os/implementation/step_171_assurance_os_governed_demonstration_control_plane/scenario_runs/dscsa_03_dependency_source_disagreement/action_admissibility.json
DIRECT_SHA256	300	9A96159B352A459AC1C5D13AE9463486AAABBCFE8C7C8329CE7A894052FE1061	platform_b1_mvp2/assurance_os/implementation/step_171_assurance_os_governed_demonstration_control_plane/scenario_runs/dscsa_03_dependency_source_disagreement/no_bind_handoff.json
DIRECT_SHA256	421	AD062E800949660C884964F95BFFE34C4C20A4118D124B9596E47E6DBE50B28F	platform_b1_mvp2/assurance_os/implementation/step_171_assurance_os_governed_demonstration_control_plane/scenario_runs/dscsa_03_dependency_source_disagreement/audit_event.json
DIRECT_SHA256	2878	3D728261CDD776EA6A108F6AB59DC0C71461AA20959220FFC05E402B7F973019	platform_b1_mvp2/assurance_os/implementation/step_171_assurance_os_governed_demonstration_control_plane/scenario_runs/dscsa_03_dependency_source_disagreement/assurance_passport.json
DIRECT_SHA256	1559	6C721986FA0F110F9C05BF421C42FADBB8F01928D8A94B6BCB972CA95AB67294	platform_b1_mvp2/assurance_os/implementation/step_171_assurance_os_governed_demonstration_control_plane/scenario_runs/dscsa_03_dependency_source_disagreement/inspection_reconstruction.json
DIRECT_SHA256	2096	9C14C2989854446EBC4332C368E378F2FBB4CE10DEDE3EADF230112D3541056B	platform_b1_mvp2/assurance_os/implementation/step_171_assurance_os_governed_demonstration_control_plane/scenario_runs/dscsa_04_authority_or_no_bind_hold/session_manifest.json
DIRECT_SHA256	1063	3F8D29C230117D3356C64A198F681D95F81CFCADE877A6CDF4E4C251640CE2F8	platform_b1_mvp2/assurance_os/implementation/step_171_assurance_os_governed_demonstration_control_plane/scenario_runs/dscsa_04_authority_or_no_bind_hold/preflight_result.json
DIRECT_SHA256	659	BEC459F2666994A998EF134B29A52A5AC555D293094D591F52896C038538D7C8	platform_b1_mvp2/assurance_os/implementation/step_171_assurance_os_governed_demonstration_control_plane/scenario_runs/dscsa_04_authority_or_no_bind_hold/evidence_dependency_state.json
DIRECT_SHA256	707	5484E188A618938FAEC0C7CB6F2D76D046B39AAFCD443002722EEB7882DEE98B	platform_b1_mvp2/assurance_os/implementation/step_171_assurance_os_governed_demonstration_control_plane/scenario_runs/dscsa_04_authority_or_no_bind_hold/identity_authority_state.json
DIRECT_SHA256	231	DA48FD0B8D2609A2C6B455D84B3638DCEAB79DF665AD6577EBADBFF3FD81CB2D	platform_b1_mvp2/assurance_os/implementation/step_171_assurance_os_governed_demonstration_control_plane/scenario_runs/dscsa_04_authority_or_no_bind_hold/execution_revalidation.json
DIRECT_SHA256	344	18DA7E598229C4D9E1FFF3AFDCD0605D8FAD1E420E5A42D9361A760F5112E153	platform_b1_mvp2/assurance_os/implementation/step_171_assurance_os_governed_demonstration_control_plane/scenario_runs/dscsa_04_authority_or_no_bind_hold/action_admissibility.json
DIRECT_SHA256	367	ECEE74963E00E4EFFD4103835AF0B746D3BF47D61D0E1B9A52CA9F0A99839D4A	platform_b1_mvp2/assurance_os/implementation/step_171_assurance_os_governed_demonstration_control_plane/scenario_runs/dscsa_04_authority_or_no_bind_hold/no_bind_handoff.json
DIRECT_SHA256	413	73AB01AAB386C94C597DE37E2FC631BBAACA75497796DAF2296D70576DE86E85	platform_b1_mvp2/assurance_os/implementation/step_171_assurance_os_governed_demonstration_control_plane/scenario_runs/dscsa_04_authority_or_no_bind_hold/audit_event.json
DIRECT_SHA256	2870	C9E0366B6D50D0DFE1F8251C296C9DB8B3E8B2960EDBEFEEDC94696645AAD636	platform_b1_mvp2/assurance_os/implementation/step_171_assurance_os_governed_demonstration_control_plane/scenario_runs/dscsa_04_authority_or_no_bind_hold/assurance_passport.json
DIRECT_SHA256	1551	A87B10D0C5C7F908D7E4402E8782B13469D4FA69833DA3EEA64B0A9B5DBFF134	platform_b1_mvp2/assurance_os/implementation/step_171_assurance_os_governed_demonstration_control_plane/scenario_runs/dscsa_04_authority_or_no_bind_hold/inspection_reconstruction.json
DIRECT_SHA256	2126	84605F45D22901CBC4F0EF4517ACD89CDFCD79429F47E392EFEFEC86B7432E94	platform_b1_mvp2/assurance_os/implementation/step_171_assurance_os_governed_demonstration_control_plane/scenario_runs/dscsa_05_correction_recovery_revalidation_success/session_manifest.json
DIRECT_SHA256	1060	67DAD6DEAE172CEBCFDCDD7CEA5B3B4526A0FAD0495123051809D152FAE60E6F	platform_b1_mvp2/assurance_os/implementation/step_171_assurance_os_governed_demonstration_control_plane/scenario_runs/dscsa_05_correction_recovery_revalidation_success/preflight_result.json
DIRECT_SHA256	674	B25E3614DF64643DAC1512C399A9B1ECBB96F825042DF05586CE1B2FCAE1F338	platform_b1_mvp2/assurance_os/implementation/step_171_assurance_os_governed_demonstration_control_plane/scenario_runs/dscsa_05_correction_recovery_revalidation_success/evidence_dependency_state.json
DIRECT_SHA256	711	6924682A21786A2AD87E74DA5D5D88C8EDBA029D62778E69C6CE56514B237D59	platform_b1_mvp2/assurance_os/implementation/step_171_assurance_os_governed_demonstration_control_plane/scenario_runs/dscsa_05_correction_recovery_revalidation_success/identity_authority_state.json
DIRECT_SHA256	245	918E005733D267D5215AB954A28A0CD5CAD4C9398B1478A2C20EBD489391363F	platform_b1_mvp2/assurance_os/implementation/step_171_assurance_os_governed_demonstration_control_plane/scenario_runs/dscsa_05_correction_recovery_revalidation_success/execution_revalidation.json
DIRECT_SHA256	390	AB241E2C700DC0C37964D44B8F2726A7866C05CA175B9DD18CDC77C9B502410B	platform_b1_mvp2/assurance_os/implementation/step_171_assurance_os_governed_demonstration_control_plane/scenario_runs/dscsa_05_correction_recovery_revalidation_success/action_admissibility.json
DIRECT_SHA256	329	7F892EBEB27135599B7909A353B32C71CDAE989C09169081B00DBE344A49F126	platform_b1_mvp2/assurance_os/implementation/step_171_assurance_os_governed_demonstration_control_plane/scenario_runs/dscsa_05_correction_recovery_revalidation_success/no_bind_handoff.json
DIRECT_SHA256	446	79DA3D084345580ECDAFBB2D4A72E199BDB26A212457C6071CC6B7615F7070AC	platform_b1_mvp2/assurance_os/implementation/step_171_assurance_os_governed_demonstration_control_plane/scenario_runs/dscsa_05_correction_recovery_revalidation_success/audit_event.json
DIRECT_SHA256	2903	F62663D459069FDDA52837AB9CECACD9129BF112C638484F0B0E89DB8A6C64F9	platform_b1_mvp2/assurance_os/implementation/step_171_assurance_os_governed_demonstration_control_plane/scenario_runs/dscsa_05_correction_recovery_revalidation_success/assurance_passport.json
DIRECT_SHA256	1584	B01145F31F0FB847384D2C70C16218A5B81D58D365FF19E66FC1ABC99EFB25FD	platform_b1_mvp2/assurance_os/implementation/step_171_assurance_os_governed_demonstration_control_plane/scenario_runs/dscsa_05_correction_recovery_revalidation_success/inspection_reconstruction.json
DIRECT_SHA256	284	50D2EDB3F6FBBA3C2153BF2024962EB738EA256C0616AEFDA190D178B405D5FD	platform_b1_mvp2/assurance_os/implementation/step_171_assurance_os_governed_demonstration_control_plane/tracks/aurora17/current_session_summary.json
DIRECT_SHA256	2978	03C73C1CAF5B20E4C706AC5B44360ED236B74085C10CE09471A1C07AFF9468B5	platform_b1_mvp2/assurance_os/implementation/step_171_assurance_os_governed_demonstration_control_plane/tracks/aurora17/current_assurance_passport.json
DIRECT_SHA256	137	0049C550072998462A9B8CAAEE67B8EF2D9C1C45F946C13FED080575D0FA3112	platform_b1_mvp2/assurance_os/implementation/step_171_assurance_os_governed_demonstration_control_plane/tracks/aurora17/current_assurance_passport.seal.json
DIRECT_SHA256	247	ECE1560518FAB4BCEEA7ACAB0EF6B3AC4E26E58B68F19E9A67B2A0C42A456B90	platform_b1_mvp2/assurance_os/implementation/step_171_assurance_os_governed_demonstration_control_plane/tracks/aurora17/current_display_contract.json
DIRECT_SHA256	1638	5EB4C7D372E3241F9322AA9C735F04C6A95E41DC9BCA1CFF4264DC1297E395C8	platform_b1_mvp2/assurance_os/implementation/step_171_assurance_os_governed_demonstration_control_plane/tracks/aurora17/current_inspection_reconstruction.json
DIRECT_SHA256	310	0BCB5ACDA6FFACC02FFED941EAE0A665D237F6CA153CA441BC7C4F788B8659AC	platform_b1_mvp2/assurance_os/implementation/step_171_assurance_os_governed_demonstration_control_plane/tracks/aurora17/recovery_verification.json
DIRECT_SHA256	255	79792333EC9EC2586E33079FB68B44D193CE4989A0D040C8F6AC0064A5F71C74	platform_b1_mvp2/assurance_os/implementation/step_171_assurance_os_governed_demonstration_control_plane/tracks/irlt/current_session_summary.json
DIRECT_SHA256	2942	EA7D0A2DDBB55B3A27AEC975196E954556DCC3CA7C135DAF76573B51FD25E245	platform_b1_mvp2/assurance_os/implementation/step_171_assurance_os_governed_demonstration_control_plane/tracks/irlt/current_assurance_passport.json
DIRECT_SHA256	133	78F40919C2BA7E1CFEABCD787B58E31DBC1879E8F210A4C83FEAF2E901B7D2AD	platform_b1_mvp2/assurance_os/implementation/step_171_assurance_os_governed_demonstration_control_plane/tracks/irlt/current_assurance_passport.seal.json
DIRECT_SHA256	243	F533896B91101482C384A23F74157A72A7A000D5215F93435A253EB405B0D5F2	platform_b1_mvp2/assurance_os/implementation/step_171_assurance_os_governed_demonstration_control_plane/tracks/irlt/current_display_contract.json
DIRECT_SHA256	1630	ABFEF2EB3D0ED133BFF31203E197D232DDB6AF3FA09ADEA075BADCEA84B4DEF6	platform_b1_mvp2/assurance_os/implementation/step_171_assurance_os_governed_demonstration_control_plane/tracks/irlt/current_inspection_reconstruction.json
DIRECT_SHA256	302	5DBAE012FB32D918777D4B63C4F7E484FE792F99178498A610D5845F92C91D9B	platform_b1_mvp2/assurance_os/implementation/step_171_assurance_os_governed_demonstration_control_plane/tracks/irlt/recovery_verification.json
DIRECT_SHA256	285	6A80E9DF4720748CBB18A39EF3FB42E1D64993309CF41871E762829C33CF9C84	platform_b1_mvp2/assurance_os/implementation/step_171_assurance_os_governed_demonstration_control_plane/tracks/compounding/current_session_summary.json
DIRECT_SHA256	3005	1D4260B3EDE1E569428F5538BE8D39DABD24E04264E36E9A1CBD142FC9F50A43	platform_b1_mvp2/assurance_os/implementation/step_171_assurance_os_governed_demonstration_control_plane/tracks/compounding/current_assurance_passport.json
DIRECT_SHA256	140	1C8C5D751E51AF2D1A75D73DC8E7EB522B2177DAC7E85FA47B28F6A90D3825FF	platform_b1_mvp2/assurance_os/implementation/step_171_assurance_os_governed_demonstration_control_plane/tracks/compounding/current_assurance_passport.seal.json
DIRECT_SHA256	250	D0236EA86D04227E17E523E98C0A84691F2E163BB51B3CED20B76B29896BD5E6	platform_b1_mvp2/assurance_os/implementation/step_171_assurance_os_governed_demonstration_control_plane/tracks/compounding/current_display_contract.json
DIRECT_SHA256	1644	E9CBE69482428ECC3B708106B5813D449BBBD411506FD10A9C7FD788ADCC5897	platform_b1_mvp2/assurance_os/implementation/step_171_assurance_os_governed_demonstration_control_plane/tracks/compounding/current_inspection_reconstruction.json
DIRECT_SHA256	316	5A1E200052FCA3F8568365040A95348561B241CC00EB3BDADA6D3A1AE03E206D	platform_b1_mvp2/assurance_os/implementation/step_171_assurance_os_governed_demonstration_control_plane/tracks/compounding/recovery_verification.json
DIRECT_SHA256	258	3A02FA4C144940015A76E83DA7A62B5D57CE125177D7405C504B40CF553A24CF	platform_b1_mvp2/assurance_os/implementation/step_171_assurance_os_governed_demonstration_control_plane/tracks/dscsa/current_session_summary.json
DIRECT_SHA256	2951	31A1C3D7410E37739C934C1B12498850CFA1FA5357937519013B56994635AA08	platform_b1_mvp2/assurance_os/implementation/step_171_assurance_os_governed_demonstration_control_plane/tracks/dscsa/current_assurance_passport.json
DIRECT_SHA256	134	41AB7437268A4E45D48419818BF25A93D3A586384A573F8A166FDCB4568A302C	platform_b1_mvp2/assurance_os/implementation/step_171_assurance_os_governed_demonstration_control_plane/tracks/dscsa/current_assurance_passport.seal.json
DIRECT_SHA256	244	2C1143E1BA726526B0C9DBAC3FD27C5F1F5CF3EA63C7546B712A62447AE1D909	platform_b1_mvp2/assurance_os/implementation/step_171_assurance_os_governed_demonstration_control_plane/tracks/dscsa/current_display_contract.json
DIRECT_SHA256	1632	986F77B7E6902DA8169A32D08E6D526F145ACECBEAEA4A5AA5E770ACDD54F4BA	platform_b1_mvp2/assurance_os/implementation/step_171_assurance_os_governed_demonstration_control_plane/tracks/dscsa/current_inspection_reconstruction.json
DIRECT_SHA256	304	BC0CF15989C4B15E093A901EDE401CBE4494B2E16A4B611E8C54B9A774C21EFA	platform_b1_mvp2/assurance_os/implementation/step_171_assurance_os_governed_demonstration_control_plane/tracks/dscsa/recovery_verification.json
DIRECT_SHA256	8587	F43DABC4E34BFBF3D2816F36ABC20E72BCCCC65180647E523AF081E80754727F	platform_b1_mvp2/assurance_os/implementation/step_171_assurance_os_governed_demonstration_control_plane/runs/audit_events.jsonl
DIRECT_SHA256	257	A7252BC457954CAC0AF3C6EE9169E35F9691B9168C5C0B00D92DCB17FCBB1FA4	platform_b1_mvp2/assurance_os/implementation/step_171_assurance_os_governed_demonstration_control_plane/runs/control_plane_summary.json
DIRECT_SHA256	222	8969341DB54BFAC5003C1D8303D555A81052EDCDA2D3AB6BD6A7F5C61F83A710	platform_b1_mvp2/assurance_os/implementation/step_171_assurance_os_governed_demonstration_control_plane/runs/determinism_verification.json
DIRECT_SHA256	271	4E4B3239B11F58BFBA2257DBA585DC82E7D10A3D0453A7744CCEE6134552CDC6	platform_b1_mvp2/assurance_os/implementation/step_171_assurance_os_governed_demonstration_control_plane/runs/security_boundary_verification.json
DIRECT_SHA256	447	7795194BCF746A3CAF7898C4126E876B3FC516D5EE00D2958262C0588577D894	platform_b1_mvp2/assurance_os/implementation/step_171_assurance_os_governed_demonstration_control_plane/runs/authority_boundary_verification.json
DIRECT_SHA256	155	7090CE2C601683192DFE78000C739923A42C78506E406311A549DA22DAAFF740	platform_b1_mvp2/assurance_os/implementation/step_171_assurance_os_governed_demonstration_control_plane/runs/source_authority_verification.json
DIRECT_SHA256	238	A9F4FCEB7E45282F20084E5717E13188CF246BF28F9E8C897C6C5A3C0729D4B7	platform_b1_mvp2/assurance_os/implementation/step_171_assurance_os_governed_demonstration_control_plane/runs/no_bind_verification.json
DIRECT_SHA256	162	F240FC8921CE0F7A17C19326EDFBA868C45C650F821BEF1921BCF94F1F0BBF27	platform_b1_mvp2/assurance_os/implementation/step_171_assurance_os_governed_demonstration_control_plane/runs/step170_reference_verification.json
DIRECT_SHA256	9372	EBC93BD6AFDC0A9CD5D446640A1444AE85ABEBF5F252611E805ACA5F10C1A64D	platform_b1_mvp2/assurance_os/implementation/step_171_assurance_os_governed_demonstration_control_plane/inspection/inspection_reconstruction_bundle.json
DIRECT_SHA256	325	834A466D834DB42E059589C6779E950C09AC10D82F65CC431D2318D4F9A6CF7C	platform_b1_mvp2/assurance_os/implementation/step_171_assurance_os_governed_demonstration_control_plane/inspection/inspection_reconstruction_bundle_manifest.json
DIRECT_SHA256	1002	6BD6755278312B7BF424584641E3334E44A36C6624017EF8751CD5282148A1E0	platform_b1_mvp2/assurance_os/implementation/step_171_assurance_os_governed_demonstration_control_plane/inspection/cross_track_demonstration_summary.json
DIRECT_SHA256	88127	32149921689011B71D047397FF3C8233986C814B65C7C0FBDB1DDE1BEDC36424	platform_b1_mvp2/assurance_os/implementation/step_171_assurance_os_governed_demonstration_control_plane/backup/control_plane_evidence.backup.json
DIRECT_SHA256	471	7A977EE9CD29F9C9602AE838FCA9181309C098AFB795E40290AEB728D537EAA6	platform_b1_mvp2/assurance_os/implementation/step_171_assurance_os_governed_demonstration_control_plane/backup/control_plane_restore_verification.json
DIRECT_SHA256	248	24108BCAE416F18DB13D2404A71C2BBBD424CAA13B0E0111D8634F9D1AB7B2BD	platform_b1_mvp2/assurance_os/implementation/step_171_assurance_os_governed_demonstration_control_plane/self_test/self_test_result.json
DIRECT_SHA256	61435	EF5A037DC5579FF0159BB9874BCDD26DD8299F6FDE808F8990806574E6BD18F1	platform_b1_mvp2/assurance_os/implementation/step_171_assurance_os_governed_demonstration_control_plane/manifests/generated_output_manifest.json
DIRECT_SHA256	115831	3266AA9809418CCF9BC8946F08C3836E0DB703068764BE3DBDEBFC32E2A5580B	platform_b1_mvp2/assurance_os/implementation/step_171_assurance_os_governed_demonstration_control_plane/manifests/file_integrity_manifest.json
DIRECT_SHA256	917	2DACC689F2C48F793B15930F5A35756ADBDC62D7420BAFC64F7924E1D004EEA5	platform_b1_mvp2/assurance_os/implementation/step_171_assurance_os_governed_demonstration_control_plane/manifests/evidence_package_manifest.json
CONTROLLED_SELF_ENTRY	CONTROLLED	CONTROLLED	platform_b1_mvp2/assurance_os/implementation/step_171_assurance_os_governed_demonstration_control_plane/checksums/complete_evidence_checksums.tsv
DERIVED_SHA256_OF_LEDGER	DERIVED	DERIVED	platform_b1_mvp2/assurance_os/implementation/step_171_assurance_os_governed_demonstration_control_plane/checksums/complete_evidence_package.sha256
