SEQUENCE	CLASS	PHASE	BYTE_LENGTH	SHA-256	ROLE	RELATIVE_PATH	STATUS
001	STATIC	173C	617	C0FD86CABC9C55FCCD1E2F359B635EDC4013BE0F87639E00C1C27436B3D1729A	INVENTORY_CONTROL	platform_b1_mvp2/assurance_os/inventory/step_173_labtrust_ramat_gxp_control_patterns_scope_review/README.md	SEALED
002	STATIC	173C	728	C637782C60AB87C197E62147C6ABB05DE7348CF925E158077516B69995B07339	INVENTORY_CONTROL	platform_b1_mvp2/assurance_os/inventory/step_173_labtrust_ramat_gxp_control_patterns_scope_review/scope_statement.md	SEALED
003	STATIC	173C	506	D5D3D896935CE9F2868A4A6A9B84141DA657E43AE43D4881E82B8A53D80FEBE0	SANITIZATION_CONTROL	platform_b1_mvp2/assurance_os/inventory/step_173_labtrust_ramat_gxp_control_patterns_scope_review/sanitization_boundary.md	SEALED
004	STATIC	173C	3407	5B812613011FA69EB689A825CAB34D501FDC3CDC5EAB5EF6B975493D1EA0FE56	SCOPE_REGISTER	platform_b1_mvp2/assurance_os/inventory/step_173_labtrust_ramat_gxp_control_patterns_scope_review/capability_family_register.json	SEALED
005	STATIC	173C	1851	189D2FF2D3ECF7A949630564C7419C8DC8382584709FEE06433D1FA7630D805B	SOURCE_REGISTER	platform_b1_mvp2/assurance_os/inventory/step_173_labtrust_ramat_gxp_control_patterns_scope_review/source_system_family_register.json	SEALED
006	STATIC	173C	285	A1C11A5A61C8E97702568D52437ADC30F7023FF3180A5E95FB47B05D447FE7CA	BOUNDARY_REGISTER	platform_b1_mvp2/assurance_os/inventory/step_173_labtrust_ramat_gxp_control_patterns_scope_review/frozen_dependency_register.json	SEALED
007	STATIC	173C	476	FC8A4FCD56FCF493A49760ABBDC80FDE6FCE02AA81080229A39317D8F6F80E2E	BOUNDARY_REGISTER	platform_b1_mvp2/assurance_os/inventory/step_173_labtrust_ramat_gxp_control_patterns_scope_review/prohibited_content_register.json	SEALED
008	STATIC	173C	362	6FBFF73EA8AFBA82CF504750D4DDC28CDAE9C1F754B03E148723983ECFFCA8A2	EXECUTION_GATE	platform_b1_mvp2/assurance_os/inventory/step_173_labtrust_ramat_gxp_control_patterns_scope_review/step_173c_entry_gate.md	SEALED
009	STATIC	173C	457	DB1ED8F5E1B03A952D39583CDE5EC21698F7D84C111CDEF11FFD3EDDEC4A0DB0	EXECUTION_GATE	platform_b1_mvp2/assurance_os/inventory/step_173_labtrust_ramat_gxp_control_patterns_scope_review/step_173d_entry_gate.md	SEALED
010	STATIC	173C	155671	9A8FBF01151687C674AB490EE23AA3A3F3E8CAE822F5760DD2F9D2EAD5D35785	MANIFEST_CONTROL	platform_b1_mvp2/assurance_os/inventory/step_173_labtrust_ramat_gxp_control_patterns_scope_review/exact_create_only_manifest.json	SEALED
011	STATIC	173C	3426	ACA6E6A6AA47A8E925B9CDC140B1D93D1CD8F495358FD607876646113D2BB503	ACCEPTANCE_CONTROL	platform_b1_mvp2/assurance_os/inventory/step_173_labtrust_ramat_gxp_control_patterns_scope_review/acceptance_control_index.json	SEALED
012	STATIC	173C	849	C29193F45340CC7EFA5D3C77F89C00A4E45DFAAFD33098AFBA890C9C531FD1DF	TRACEABILITY_CONTROL	platform_b1_mvp2/assurance_os/inventory/step_173_labtrust_ramat_gxp_control_patterns_scope_review/planning_traceability_map.json	SEALED
013	STATIC	173C	783	F0039AA186D35ECBFA229B64CB77ACE1AE7A58894E4AB853186D0537257EDF4B	DOCTRINE	platform_b1_mvp2/assurance_os/implementation/step_173_labtrust_ramat_gxp_control_patterns/README.md	SEALED
014	STATIC	173C	577	4F2DAADE46666805F619BDF61F26587EFBC1F45125166E9F24F9F0DE21E0EAF9	DOCTRINE	platform_b1_mvp2/assurance_os/implementation/step_173_labtrust_ramat_gxp_control_patterns/docs/labtrust_doctrine.md	SEALED
015	STATIC	173C	311	9F91EA96F98F7EE38DD8AF55164CEE5DD8074A1E00A6775E6D4D36D1383C13CC	DOCTRINE	platform_b1_mvp2/assurance_os/implementation/step_173_labtrust_ramat_gxp_control_patterns/docs/assurance_decision_doctrine.md	SEALED
016	STATIC	173C	369	1872A5574D1D32B20B9B89E9D6A9E6ED3284BEF08BF6C867E04686FFAFCBEC89	DOCTRINE	platform_b1_mvp2/assurance_os/implementation/step_173_labtrust_ramat_gxp_control_patterns/docs/no_bind_governance.md	SEALED
017	STATIC	173C	296	66BB63068A0C2AEDF27E66A30EBFB72F86C1D1AF2E46EA3BC55E988CF2C34329	DOCTRINE	platform_b1_mvp2/assurance_os/implementation/step_173_labtrust_ramat_gxp_control_patterns/docs/source_system_authority.md	SEALED
018	STATIC	173C	275	DC4739370F25394C94D3FE2255535B82FA2F259B891D379740FB9A84CB249219	DOCTRINE	platform_b1_mvp2/assurance_os/implementation/step_173_labtrust_ramat_gxp_control_patterns/docs/accountable_human_authority.md	SEALED
019	STATIC	173C	438	909EEBBAFB624774ADE984A1E77B5F5396D8B3544024E18962D1AD57CF618666	DOCTRINE	platform_b1_mvp2/assurance_os/implementation/step_173_labtrust_ramat_gxp_control_patterns/docs/ramat_vision_display_only_boundary.md	SEALED
020	STATIC	173C	319	25A497AAD315099124EDE263F4F542D09EFFCE7A7AD54C9AF79E07E7B17088AD	DOCTRINE	platform_b1_mvp2/assurance_os/implementation/step_173_labtrust_ramat_gxp_control_patterns/docs/synthetic_data_and_sanitization_policy.md	SEALED
021	STATIC	173C	260	5351755A93DB9156752A39747F227A93D50F373A28CB3924F8914C08E0F8A471	DOCTRINE	platform_b1_mvp2/assurance_os/implementation/step_173_labtrust_ramat_gxp_control_patterns/docs/inspection_reconstruction_doctrine.md	SEALED
022	STATIC	173C	403	C5631B9DA26A7A59826ACEC8B847E9C6177C8FD2001E926A9D0557CF14D59271	DOCTRINE	platform_b1_mvp2/assurance_os/implementation/step_173_labtrust_ramat_gxp_control_patterns/docs/regulated_equipment_reality_graph_doctrine.md	SEALED
023	STATIC	173C	925	2F158245D54B7021115ABF2240624F2E3EE79DDC63EFC91FEC8FC876BC60D3CC	SCHEMA	platform_b1_mvp2/assurance_os/implementation/step_173_labtrust_ramat_gxp_control_patterns/schemas/control_pattern.schema.json	SEALED
024	STATIC	173C	670	51CE9C8C63A7E57577C16FE651AD1979F7C49C0C694DF4CA4BCD80A1A1A16FEA	SCHEMA	platform_b1_mvp2/assurance_os/implementation/step_173_labtrust_ramat_gxp_control_patterns/schemas/control_input.schema.json	SEALED
025	STATIC	173C	798	EE3A1B1D11433CC657CB6DD86C9A5092FFD502FFE25F05EF19E7BE3C767DC592	SCHEMA	platform_b1_mvp2/assurance_os/implementation/step_173_labtrust_ramat_gxp_control_patterns/schemas/decision_outcome.schema.json	SEALED
026	STATIC	173C	794	420C02DFD19332088F51F36B3B62F8B4A11D057ED60F082F2CC1BCD177F0AA94	SCHEMA	platform_b1_mvp2/assurance_os/implementation/step_173_labtrust_ramat_gxp_control_patterns/schemas/decision_precedence.schema.json	SEALED
027	STATIC	173C	760	E92B8C0CF80C16B0DEC4CFB4F6A3C5535E778EB740E6F1EF8BC695260D99910B	SCHEMA	platform_b1_mvp2/assurance_os/implementation/step_173_labtrust_ramat_gxp_control_patterns/schemas/authority_state.schema.json	SEALED
028	STATIC	173C	801	D1A1ECAEF2514182C2025E5558CEC9B42CB7B3BBB908CE1E974AE37162BAA760	SCHEMA	platform_b1_mvp2/assurance_os/implementation/step_173_labtrust_ramat_gxp_control_patterns/schemas/evidence_state.schema.json	SEALED
029	STATIC	173C	765	EE83B8AC72D43530F43BBE4C002D4AD3BCA5DEA650704439597C639443ECB8C1	SCHEMA	platform_b1_mvp2/assurance_os/implementation/step_173_labtrust_ramat_gxp_control_patterns/schemas/review_state.schema.json	SEALED
030	STATIC	173C	789	6ECA390FCF857121CA34257709324085E4EE96D0D57F4FD9DE7981FB21CACB94	SCHEMA	platform_b1_mvp2/assurance_os/implementation/step_173_labtrust_ramat_gxp_control_patterns/schemas/source_snapshot.schema.json	SEALED
031	STATIC	173C	854	F40BF7127391860F154969B0C8029247609F3CFA0A99841B2B142904F2AF1CCE	SCHEMA	platform_b1_mvp2/assurance_os/implementation/step_173_labtrust_ramat_gxp_control_patterns/schemas/source_disagreement.schema.json	SEALED
032	STATIC	173C	911	36D7FBC0A7AE7CDB0B177CE3EDEAB1650805AF3C116D3DFC4B40818757722A06	SCHEMA	platform_b1_mvp2/assurance_os/implementation/step_173_labtrust_ramat_gxp_control_patterns/schemas/ramat_display_state.schema.json	SEALED
033	STATIC	173C	1096	4224D4C6A378E42E55334904419CE7BB1727D47EE8F4C0105FDAA64E67833BD8	SCHEMA	platform_b1_mvp2/assurance_os/implementation/step_173_labtrust_ramat_gxp_control_patterns/schemas/ramat_display_contract.schema.json	SEALED
034	STATIC	173C	1071	C60095C7D045C4B22746361BA5F628BA9C58CAD4FBEC0B650D3682D0C44B18BB	SCHEMA	platform_b1_mvp2/assurance_os/implementation/step_173_labtrust_ramat_gxp_control_patterns/schemas/equipment_passport.schema.json	SEALED
035	STATIC	173C	1028	1631C383F4E75BFDC81BCA8E0FFFCC44292254E02536E45AA438A6605561A197	SCHEMA	platform_b1_mvp2/assurance_os/implementation/step_173_labtrust_ramat_gxp_control_patterns/schemas/validation_standing.schema.json	SEALED
036	STATIC	173C	938	0F143CA2D81A58F310D204A4DEB9BC1B1763375DD0B24CCF067D49E8FA991876	SCHEMA	platform_b1_mvp2/assurance_os/implementation/step_173_labtrust_ramat_gxp_control_patterns/schemas/measurement_integrity.schema.json	SEALED
037	STATIC	173C	926	9DE39A9515B51723892D42C53C5C077360F360F98533E4DCBB104862CF7B22D1	SCHEMA	platform_b1_mvp2/assurance_os/implementation/step_173_labtrust_ramat_gxp_control_patterns/schemas/environmental_readiness.schema.json	SEALED
038	STATIC	173C	978	350BB46C5DEA7F3E0DE3D91E647E28DBB05445A51CCBA9037D8E25DC28D80E36	SCHEMA	platform_b1_mvp2/assurance_os/implementation/step_173_labtrust_ramat_gxp_control_patterns/schemas/analytical_result_reliance.schema.json	SEALED
039	STATIC	173C	899	8232F3227E479F800E129E79823339471D9C1C9D71F8ACC66C7ADA57276DD571	SCHEMA	platform_b1_mvp2/assurance_os/implementation/step_173_labtrust_ramat_gxp_control_patterns/schemas/maintenance_lifecycle.schema.json	SEALED
040	STATIC	173C	933	3EA8055DAEC3E6F61AF7D0BE703DD8AAB4079169FA893538B421212DE3618C2B	SCHEMA	platform_b1_mvp2/assurance_os/implementation/step_173_labtrust_ramat_gxp_control_patterns/schemas/cmdb_authority.schema.json	SEALED
041	STATIC	173C	1227	BA9F8587D95F891676E54A7D00305C88FCB453181EF04894A9602B0963C5B4FB	SCHEMA	platform_b1_mvp2/assurance_os/implementation/step_173_labtrust_ramat_gxp_control_patterns/schemas/migration_readiness.schema.json	SEALED
042	STATIC	173C	999	8718752674BD94FB323DED25584C589207E8EB8BF20D16DFCF7AB32E4737D626	SCHEMA	platform_b1_mvp2/assurance_os/implementation/step_173_labtrust_ramat_gxp_control_patterns/schemas/inspection_reconstruction.schema.json	SEALED
043	STATIC	173C	768	055C798D2552015092536743FA7AE946CDE47390BF128AE8B788A6CF6A56ABCA	SCHEMA	platform_b1_mvp2/assurance_os/implementation/step_173_labtrust_ramat_gxp_control_patterns/schemas/equipment_reality_graph.schema.json	SEALED
044	STATIC	173C	886	3C62BC3B9DD3DE17D67879FAB8781E0AE5F4261EB61FCBBE314BA4A142F329CB	SCHEMA	platform_b1_mvp2/assurance_os/implementation/step_173_labtrust_ramat_gxp_control_patterns/schemas/synthetic_scenario.schema.json	SEALED
045	STATIC	173C	942	334B34F94C80F25E3200440AF2A4B073EA9CBE1CA259C4F61975BDCE9E70ED7E	GOVERNED_CONFIG	platform_b1_mvp2/assurance_os/implementation/step_173_labtrust_ramat_gxp_control_patterns/config/decision_outcomes.json	SEALED
046	STATIC	173C	193	A48B90EA72E7EA46943CBA8AA68420C396D51C0D2CC1F75E6DDD5916D9B08154	GOVERNED_CONFIG	platform_b1_mvp2/assurance_os/implementation/step_173_labtrust_ramat_gxp_control_patterns/config/decision_precedence.json	SEALED
047	STATIC	173C	3381	9B3BDD708BCB481096B4AB23A88568D595A4A8CB173785700FAE591174F7C11E	GOVERNED_CONFIG	platform_b1_mvp2/assurance_os/implementation/step_173_labtrust_ramat_gxp_control_patterns/config/control_families.json	SEALED
048	STATIC	173C	3445	C659229D672A2D1075611BA744319AA7AB386DB09F282F343F1240358E03EC0F	GOVERNED_CONFIG	platform_b1_mvp2/assurance_os/implementation/step_173_labtrust_ramat_gxp_control_patterns/config/display_states.json	SEALED
049	STATIC	173C	1871	C8F00D22ACF25BD542920D540D2CDEE46906ABB586D527DCCB0C83ACCFA715A0	GOVERNED_CONFIG	platform_b1_mvp2/assurance_os/implementation/step_173_labtrust_ramat_gxp_control_patterns/config/source_system_families.json	SEALED
050	STATIC	173C	283	CB3D1EAD425FA50BB4E52CB704E07F5009AB0CF4774050CA061D73903E05F2DA	GOVERNED_CONFIG	platform_b1_mvp2/assurance_os/implementation/step_173_labtrust_ramat_gxp_control_patterns/config/prohibited_actions.json	SEALED
051	STATIC	173C	1826	0ED5D3611313E5ABEB24974CA2B2384FDD634048656B532F22802B92705FC794	CONTROL_PATTERN	platform_b1_mvp2/assurance_os/implementation/step_173_labtrust_ramat_gxp_control_patterns/patterns/labtrust/core.json	SEALED
052	STATIC	173C	1754	00507F75E28D645DCB02CE32B05EB2AA1408C944527E4B79959B3C8542E9C52C	CONTROL_PATTERN	platform_b1_mvp2/assurance_os/implementation/step_173_labtrust_ramat_gxp_control_patterns/patterns/spreadsheettrust/core.json	SEALED
053	STATIC	173C	1732	06D5CC5D44CC37B6371D9DBEE9DD781A65BBFB998A548A2DEE948C75F1237D0E	CONTROL_PATTERN	platform_b1_mvp2/assurance_os/implementation/step_173_labtrust_ramat_gxp_control_patterns/patterns/pipettetrust/core.json	SEALED
054	STATIC	173C	1763	BAE943175A6D4063F400E4FCBB4AE1C9328F99A20C39B2951D473482AB10AE4A	CONTROL_PATTERN	platform_b1_mvp2/assurance_os/implementation/step_173_labtrust_ramat_gxp_control_patterns/patterns/balancetrust/core.json	SEALED
055	STATIC	173C	1748	CF86E15F34E692619448F6BF4E54F3E3A291EB256966C5A75109D4A4B9CE868B	CONTROL_PATTERN	platform_b1_mvp2/assurance_os/implementation/step_173_labtrust_ramat_gxp_control_patterns/patterns/equipment_passport/core.json	SEALED
056	STATIC	173C	1736	448412108B7E1911263DF7D730B8DA28C80F07619BDB9B49943C53B7449077FD	CONTROL_PATTERN	platform_b1_mvp2/assurance_os/implementation/step_173_labtrust_ramat_gxp_control_patterns/patterns/validation_standing/core.json	SEALED
057	STATIC	173C	1728	F6E9EC951591F3DCCFA757B30D770AA55632A240FBAF5F3EBF08818B96A22A1E	CONTROL_PATTERN	platform_b1_mvp2/assurance_os/implementation/step_173_labtrust_ramat_gxp_control_patterns/patterns/measurement_integrity/core.json	SEALED
058	STATIC	173C	1756	2C64575202DE6AD201D118573A270553C6EB022E2A5D421DCFDEF60D960FBC34	CONTROL_PATTERN	platform_b1_mvp2/assurance_os/implementation/step_173_labtrust_ramat_gxp_control_patterns/patterns/environmental_readiness/core.json	SEALED
059	STATIC	173C	1783	7967654F7E97CED9C82FEEF3E6F9396DB63156AB0052BBC2151DE7D7B882150A	CONTROL_PATTERN	platform_b1_mvp2/assurance_os/implementation/step_173_labtrust_ramat_gxp_control_patterns/patterns/analytical_result_reliance/core.json	SEALED
060	STATIC	173C	1739	1A8AA4F1938C7BCF5D2F007E7BA47D06DBB2DE3DB17E83D5E53D05A30DD0E3A9	CONTROL_PATTERN	platform_b1_mvp2/assurance_os/implementation/step_173_labtrust_ramat_gxp_control_patterns/patterns/maintenance_lifecycle/core.json	SEALED
061	STATIC	173C	1722	253E55B5D9DA871ADB9DF5F40CC53270FDD5E0DFDF8F16FA7E44DADB67BDD9AD	CONTROL_PATTERN	platform_b1_mvp2/assurance_os/implementation/step_173_labtrust_ramat_gxp_control_patterns/patterns/cmdb_authority/core.json	SEALED
062	STATIC	173C	1712	F1C367EF6AB2690FA3D5E5FCD71F1B130F7BD337719C826462A329BEDA6AA638	CONTROL_PATTERN	platform_b1_mvp2/assurance_os/implementation/step_173_labtrust_ramat_gxp_control_patterns/patterns/rlt_trust/core.json	SEALED
063	STATIC	173C	1788	8BEC51D4053DEDFF1176BC5E7D4E599EA46C821E92E68F864A19D8D1FB3E88DD	CONTROL_PATTERN	platform_b1_mvp2/assurance_os/implementation/step_173_labtrust_ramat_gxp_control_patterns/patterns/migration_trust/core.json	SEALED
064	STATIC	173C	1742	ECE96DC390B53A860FF4953D2F78EA9B90DBF86398891956F7C248F4905EF56D	CONTROL_PATTERN	platform_b1_mvp2/assurance_os/implementation/step_173_labtrust_ramat_gxp_control_patterns/patterns/inspection_reconstruction/core.json	SEALED
065	STATIC	173C	1787	69787CE0D3F829F26833F716E0944AFC8517CBF8686997906B542E9AFC639685	CONTROL_PATTERN	platform_b1_mvp2/assurance_os/implementation/step_173_labtrust_ramat_gxp_control_patterns/patterns/regulated_equipment_reality_graph/core.json	SEALED
066	STATIC	173C	1740	4648DE719E984DFD4A577B7DD4C9AA24B0432DC528B56944FD90937B43D586E3	CONTROL_PATTERN	platform_b1_mvp2/assurance_os/implementation/step_173_labtrust_ramat_gxp_control_patterns/patterns/power_cold_chain/core.json	SEALED
067	STATIC	173C	892	A0F568FF0D41B68733E662749CE41B47F144D12D9E8FE760FD4369521E79B8E2	SANITIZED_SYSTEM_PATTERN	platform_b1_mvp2/assurance_os/implementation/step_173_labtrust_ramat_gxp_control_patterns/patterns/systems/validated_spreadsheet.json	SEALED
068	STATIC	173C	830	B95DF5E85AF8306CE96BAC0FBDC40226CD0DE3DA0BCE587E6A8A4906FD59BF25	SANITIZED_SYSTEM_PATTERN	platform_b1_mvp2/assurance_os/implementation/step_173_labtrust_ramat_gxp_control_patterns/patterns/systems/pipette.json	SEALED
069	STATIC	173C	862	CF3F2497F7A3B8B3679E6C2CB615E56A19CD21AEC714396E2C47DBD0477DEC63	SANITIZED_SYSTEM_PATTERN	platform_b1_mvp2/assurance_os/implementation/step_173_labtrust_ramat_gxp_control_patterns/patterns/systems/balance.json	SEALED
070	STATIC	173C	891	FC9B0D8A8FF1B3C719A006AC6003C03EAC32C9696580E04A791E56390801E853	SANITIZED_SYSTEM_PATTERN	platform_b1_mvp2/assurance_os/implementation/step_173_labtrust_ramat_gxp_control_patterns/patterns/systems/laura_migration.json	SEALED
071	STATIC	173C	836	07498CCC281DC3B4ABA39C46F9742326ABB6DABD967A9682279BF121C3B5CFF2	SANITIZED_SYSTEM_PATTERN	platform_b1_mvp2/assurance_os/implementation/step_173_labtrust_ramat_gxp_control_patterns/patterns/systems/lasair_particle_monitoring.json	SEALED
072	STATIC	173C	855	528EB59A58A51C487AF9E0803004A140C4D3A3BE8CE229396433CC0B4E72F675	SANITIZED_SYSTEM_PATTERN	platform_b1_mvp2/assurance_os/implementation/step_173_labtrust_ramat_gxp_control_patterns/patterns/systems/viewlinc_environmental_monitoring.json	SEALED
073	STATIC	173C	871	DD0744ED7FB92F1D8383AF8D2CBD51AC1D1DB5DD764A5839A3065FA40E49232D	SANITIZED_SYSTEM_PATTERN	platform_b1_mvp2/assurance_os/implementation/step_173_labtrust_ramat_gxp_control_patterns/patterns/systems/niagara_building_management.json	SEALED
074	STATIC	173C	852	BD0BC0D3D8348B9E357754A98D85E6AD346F51312353D5B30DF408A3FF43F76A	SANITIZED_SYSTEM_PATTERN	platform_b1_mvp2/assurance_os/implementation/step_173_labtrust_ramat_gxp_control_patterns/patterns/systems/qtegra_analytical_result.json	SEALED
075	STATIC	173C	856	0754D0FD1FE72F45E0CBF799E71D956E70E9ADFB5028236BF96BA2299501A248	SANITIZED_SYSTEM_PATTERN	platform_b1_mvp2/assurance_os/implementation/step_173_labtrust_ramat_gxp_control_patterns/patterns/systems/chromeleon_analytical_result.json	SEALED
076	STATIC	173C	853	B281E8D440C15FC23CD5721586FA15E3F159407E1B91642D2A22AF2F75BA3DA9	SANITIZED_SYSTEM_PATTERN	platform_b1_mvp2/assurance_os/implementation/step_173_labtrust_ramat_gxp_control_patterns/patterns/systems/empower_analytical_result.json	SEALED
077	STATIC	173C	855	2E5233615E13878AE807C0B9F13EE656C7B3281326F312D9EC564E1FDC486837	SANITIZED_SYSTEM_PATTERN	platform_b1_mvp2/assurance_os/implementation/step_173_labtrust_ramat_gxp_control_patterns/patterns/systems/endotoxin_analytical_result.json	SEALED
078	STATIC	173C	880	597F621A9B76DF014B09247B5A473CFBDF525A1A114385FBFDE5D646ABE1847C	SANITIZED_SYSTEM_PATTERN	platform_b1_mvp2/assurance_os/implementation/step_173_labtrust_ramat_gxp_control_patterns/patterns/systems/sepha_ccit.json	SEALED
079	STATIC	173C	839	647D3AC279ECFEA68EA3D04E9AB963DDC8A0DA20D15821F15AB17CBF174687BB	SANITIZED_SYSTEM_PATTERN	platform_b1_mvp2/assurance_os/implementation/step_173_labtrust_ramat_gxp_control_patterns/patterns/systems/cmms_maintenance.json	SEALED
080	STATIC	173C	843	39352B08AD0C644C43B342E0C32BB47D9CC14DDF34C1ED0E1C4EDF8C92B8C3E3	SANITIZED_SYSTEM_PATTERN	platform_b1_mvp2/assurance_os/implementation/step_173_labtrust_ramat_gxp_control_patterns/patterns/systems/cmdb_authority.json	SEALED
081	STATIC	173C	854	61662E00D57D7DF9D2DB4054CFFE43CB0321F2E7C97F8FD001F55F2D0BF36882	SANITIZED_SYSTEM_PATTERN	platform_b1_mvp2/assurance_os/implementation/step_173_labtrust_ramat_gxp_control_patterns/patterns/systems/power_ats_generator_ups.json	SEALED
082	STATIC	173C	822	1991F281AF9F2B03C2E54842C2FC5F4B18407A9AD6C323DBFE2D50A0935C03BD	SANITIZED_SYSTEM_PATTERN	platform_b1_mvp2/assurance_os/implementation/step_173_labtrust_ramat_gxp_control_patterns/patterns/systems/cold_chain.json	SEALED
083	STATIC	173C	920	94CDD64DD80F82189C5FF7941459D4D398634733605719818CB6D4A5312E24D5	SANITIZED_SYSTEM_PATTERN	platform_b1_mvp2/assurance_os/implementation/step_173_labtrust_ramat_gxp_control_patterns/patterns/systems/generic_lab_equipment.json	SEALED
084	STATIC	173C	614	8A4565745BC60006C110FFE9C7F67FE307B4D030A8B7054FC6CBEE8DC4834736	DISPLAY_STATE	platform_b1_mvp2/assurance_os/implementation/step_173_labtrust_ramat_gxp_control_patterns/ramat_display_states/allow.json	SEALED
085	STATIC	173C	644	62A6AB7676C99CF2A11756ABDE6BEC244D1C0ADC2DF4F07297EE93FF4C3664D6	DISPLAY_STATE	platform_b1_mvp2/assurance_os/implementation/step_173_labtrust_ramat_gxp_control_patterns/ramat_display_states/hold.json	SEALED
086	STATIC	173C	655	96AF4C2137641B616AF898FEA294C452CA610BB02F3972CA69DB437EC8169B82	DISPLAY_STATE	platform_b1_mvp2/assurance_os/implementation/step_173_labtrust_ramat_gxp_control_patterns/ramat_display_states/no_bind.json	SEALED
087	STATIC	173C	619	07CCCC2CDFE7C09875B4753254E1C850DF54BF31AF06AF73E4F4435B4115803A	DISPLAY_STATE	platform_b1_mvp2/assurance_os/implementation/step_173_labtrust_ramat_gxp_control_patterns/ramat_display_states/deny.json	SEALED
088	STATIC	173C	626	47E41BBDF32D5712364A2E098B04DF8EA15A98E36E679A997F27023CA285BC42	DISPLAY_STATE	platform_b1_mvp2/assurance_os/implementation/step_173_labtrust_ramat_gxp_control_patterns/ramat_display_states/fail_closed.json	SEALED
089	STATIC	173C	682	1F4B58826B3D4AEC8AEB7DA9A0FEEC00AAE2C91C374150A7D86B59736912BDA0	DISPLAY_STATE	platform_b1_mvp2/assurance_os/implementation/step_173_labtrust_ramat_gxp_control_patterns/ramat_display_states/validation_current.json	SEALED
090	STATIC	173C	669	F4CED7AEAE337ABF6069D39085D57C2CAC9D3D8F58CA77FF41D814EAA4DFA963	DISPLAY_STATE	platform_b1_mvp2/assurance_os/implementation/step_173_labtrust_ramat_gxp_control_patterns/ramat_display_states/validation_drift.json	SEALED
091	STATIC	173C	671	F321218A0C1768F0D51085F7E4E3B5B9492CFE6C5561138C3A5E6CEB1FB0BB89	DISPLAY_STATE	platform_b1_mvp2/assurance_os/implementation/step_173_labtrust_ramat_gxp_control_patterns/ramat_display_states/validation_uncertain.json	SEALED
092	STATIC	173C	672	D0138AD24ED3CC8B0DC10644773BA95925C98259F05BD4D17C054729F7D85AD7	DISPLAY_STATE	platform_b1_mvp2/assurance_os/implementation/step_173_labtrust_ramat_gxp_control_patterns/ramat_display_states/revalidation_required.json	SEALED
093	STATIC	173C	658	972EC7777F96D262AE4901E9E586139CB2675869339BC22F6C993AC3EB6555EA	DISPLAY_STATE	platform_b1_mvp2/assurance_os/implementation/step_173_labtrust_ramat_gxp_control_patterns/ramat_display_states/context_changed.json	SEALED
094	STATIC	173C	660	3C77C5E2C841C3EB8D498509E6A65B0B3C20469D252ACB511917DA4FFD205C53	DISPLAY_STATE	platform_b1_mvp2/assurance_os/implementation/step_173_labtrust_ramat_gxp_control_patterns/ramat_display_states/dependency_mismatch.json	SEALED
095	STATIC	173C	668	0D7A4FEEFAEB3F4D485D9EF7A5E8F0626F9A671006E78A80023D21E49D21C183	DISPLAY_STATE	platform_b1_mvp2/assurance_os/implementation/step_173_labtrust_ramat_gxp_control_patterns/ramat_display_states/evidence_expired.json	SEALED
096	STATIC	173C	684	3E5B45E1EE88DA845D901D871255B24896B4B2AC72CE187504334F188E65B2F1	DISPLAY_STATE	platform_b1_mvp2/assurance_os/implementation/step_173_labtrust_ramat_gxp_control_patterns/ramat_display_states/authority_unavailable.json	SEALED
097	STATIC	173C	668	0DBD0A92276D07465B04050AAC4E8F55DBAC1611BD0F73EC2557A2FCF5FE2C52	DISPLAY_STATE	platform_b1_mvp2/assurance_os/implementation/step_173_labtrust_ramat_gxp_control_patterns/ramat_display_states/human_judgment_required.json	SEALED
098	STATIC	173C	707	2EF8E7F9E6594DECABA3D11C24A57EB7A724EFF3E40C7CAB76D35943C17FB707	DISPLAY_STATE	platform_b1_mvp2/assurance_os/implementation/step_173_labtrust_ramat_gxp_control_patterns/ramat_display_states/independent_reconstruction_available.json	SEALED
099	STATIC	173C	516	04847C8A5371D0B28521248375320701B96330DD03E965CB78B15BD80F623E1A	SYNTHETIC_SCENARIO	platform_b1_mvp2/assurance_os/implementation/step_173_labtrust_ramat_gxp_control_patterns/scenarios/scenario_01_validated_spreadsheet_assurance.json	SEALED
100	STATIC	173C	487	DF13C2196FA630EC6D53DADDCD311DED722B59AE8AB11585BCFA447228866547	SYNTHETIC_SCENARIO	platform_b1_mvp2/assurance_os/implementation/step_173_labtrust_ramat_gxp_control_patterns/scenarios/scenario_02_pipette_measurement_integrity.json	SEALED
101	STATIC	173C	467	4B459851905F84151CE1E7BB209D511FA1677F0AD284D01F9F6F00EE630AB0AA	SYNTHETIC_SCENARIO	platform_b1_mvp2/assurance_os/implementation/step_173_labtrust_ramat_gxp_control_patterns/scenarios/scenario_03_pipette_verification_missing.json	SEALED
102	STATIC	173C	518	EEF7A2E3B97CBEAC0F281B6863ED894D98E56B9CF257ADFE7DDD6314B3590446	SYNTHETIC_SCENARIO	platform_b1_mvp2/assurance_os/implementation/step_173_labtrust_ramat_gxp_control_patterns/scenarios/scenario_04_balance_day_of_use_assurance.json	SEALED
103	STATIC	173C	436	17B3AF022DEA100D9EB898C8622466B98646CF9196AC28A992CCA96B0882CA1F	SYNTHETIC_SCENARIO	platform_b1_mvp2/assurance_os/implementation/step_173_labtrust_ramat_gxp_control_patterns/scenarios/scenario_05_balance_requalification_required.json	SEALED
104	STATIC	173C	442	C3AE1C203AAFC371C5AA85CBE17CC180FA959370877DD97E684AE1FD680C49AC	SYNTHETIC_SCENARIO	platform_b1_mvp2/assurance_os/implementation/step_173_labtrust_ramat_gxp_control_patterns/scenarios/scenario_06_environmental_readiness.json	SEALED
105	STATIC	173C	434	8BCAA4243339D743F741670E724622A9229C2FF74A17719F0A8FC7C61C4A21EF	SYNTHETIC_SCENARIO	platform_b1_mvp2/assurance_os/implementation/step_173_labtrust_ramat_gxp_control_patterns/scenarios/scenario_07_environmental_excursion.json	SEALED
106	STATIC	173C	545	60D84BF8AB649309940B0C77E7AECE251E9645E131EC874897E2E4C22AF5136E	SYNTHETIC_SCENARIO	platform_b1_mvp2/assurance_os/implementation/step_173_labtrust_ramat_gxp_control_patterns/scenarios/scenario_08_analytical_result_reliance.json	SEALED
107	STATIC	173C	556	789884236F1A63A0090DABB53A603FCEC1C9DD73B7C9724C30BF78AC817970F1	SYNTHETIC_SCENARIO	platform_b1_mvp2/assurance_os/implementation/step_173_labtrust_ramat_gxp_control_patterns/scenarios/scenario_09_migration_readiness.json	SEALED
108	STATIC	173C	450	7AADC7BAA5F253F21AFF818F93D9BB18A268F0917A402CD10A85C5963DE8C0F0	SYNTHETIC_SCENARIO	platform_b1_mvp2/assurance_os/implementation/step_173_labtrust_ramat_gxp_control_patterns/scenarios/scenario_10_cmdb_authority_gap.json	SEALED
109	STATIC	173C	541	7A3636CE3A3CBF4EB758C86C234DC92C9B4DE5190BAE8A259A93F96AC7053897	SYNTHETIC_SCENARIO	platform_b1_mvp2/assurance_os/implementation/step_173_labtrust_ramat_gxp_control_patterns/scenarios/scenario_11_power_cold_chain_dependency.json	SEALED
110	STATIC	173C	488	B9AC91796293282263452F72C5B1F607882EC250F8F85DE6803337F37ACD92CB	SYNTHETIC_SCENARIO	platform_b1_mvp2/assurance_os/implementation/step_173_labtrust_ramat_gxp_control_patterns/scenarios/scenario_12_ramat_vision_display_only.json	SEALED
111	STATIC	173C	1088	AAE39E61D6249EF5C6D3C4FF46A6BEE7DE87DFFE1E3B99BFA090C665922F56A9	LOCAL_VALIDATOR	platform_b1_mvp2/assurance_os/implementation/step_173_labtrust_ramat_gxp_control_patterns/validators/validate_manifest.py	SEALED
112	STATIC	173C	1086	D5BBCCE20667A59E3784B63741FFFEC357D4C878B468F647FBE4B3D788FDD6E6	LOCAL_VALIDATOR	platform_b1_mvp2/assurance_os/implementation/step_173_labtrust_ramat_gxp_control_patterns/validators/validate_schemas.py	SEALED
113	STATIC	173C	1088	6CB1D9D70BC5FA3DE92835534698499EFC07D3954BC1A6B39BD7D769F214DD7A	LOCAL_VALIDATOR	platform_b1_mvp2/assurance_os/implementation/step_173_labtrust_ramat_gxp_control_patterns/validators/validate_patterns.py	SEALED
114	STATIC	173C	1110	4FB34AFE01C5C9734798BA93D508BCB34533B55BAEF84B40EE39EF2182F1032F	LOCAL_VALIDATOR	platform_b1_mvp2/assurance_os/implementation/step_173_labtrust_ramat_gxp_control_patterns/validators/validate_decision_precedence.py	SEALED
115	STATIC	173C	1114	8A8AFF47D09441F3B52696B6E2C0B53553B2AA0A39F659413019091BB8A6AE85	LOCAL_VALIDATOR	platform_b1_mvp2/assurance_os/implementation/step_173_labtrust_ramat_gxp_control_patterns/validators/validate_ramat_vision_contract.py	SEALED
116	STATIC	173C	1096	5636E496A46C29167D434AAEEDE1C08816D428A51F90DCB8545FDF214BA52201	LOCAL_VALIDATOR	platform_b1_mvp2/assurance_os/implementation/step_173_labtrust_ramat_gxp_control_patterns/validators/validate_sanitization.py	SEALED
117	STATIC	173C	1090	2BBAD936650AAFEBA54E271BCC3AF0F1635B4447F5DC8A4CEDE92A3B5F0D52F4	LOCAL_VALIDATOR	platform_b1_mvp2/assurance_os/implementation/step_173_labtrust_ramat_gxp_control_patterns/validators/validate_scenarios.py	SEALED
118	STATIC	173C	1092	500B7FF21FF34385361FC2C71DE428D1C5E31583D71A5798E7E1505931987ACA	LOCAL_VALIDATOR	platform_b1_mvp2/assurance_os/implementation/step_173_labtrust_ramat_gxp_control_patterns/validators/validate_boundaries.py	SEALED
119	STATIC	173C	947	FC0F9709736A46A0DFF7F0165515F3A6C91F8ACC4A5D985F3AD9E800F7FFBEB4	LOCAL_UNIT_TEST	platform_b1_mvp2/assurance_os/implementation/step_173_labtrust_ramat_gxp_control_patterns/tests/test_manifest_exactness.py	SEALED
120	STATIC	173C	945	5887434364CC160C0B401470AD41FCF7C3BA5BFF1F9C943C47477799F4D4D8AF	LOCAL_UNIT_TEST	platform_b1_mvp2/assurance_os/implementation/step_173_labtrust_ramat_gxp_control_patterns/tests/test_schema_validation.py	SEALED
121	STATIC	173C	945	E3088CEDDFAB308A42FEE782AA0FB48AA5666BF6BC1C359144B1FD60A4986F88	LOCAL_UNIT_TEST	platform_b1_mvp2/assurance_os/implementation/step_173_labtrust_ramat_gxp_control_patterns/tests/test_decision_outcomes.py	SEALED
122	STATIC	173C	949	A82C66599C1840AFD1A4AA8069DC77A0F074D8966C586E40A3E2FB63A44E505F	LOCAL_UNIT_TEST	platform_b1_mvp2/assurance_os/implementation/step_173_labtrust_ramat_gxp_control_patterns/tests/test_decision_precedence.py	SEALED
123	STATIC	173C	947	909990D0D6277E71E29C5FB25EF3FA7870E9D23F93678B501F000799AC5E2DEF	LOCAL_UNIT_TEST	platform_b1_mvp2/assurance_os/implementation/step_173_labtrust_ramat_gxp_control_patterns/tests/test_no_bind_governance.py	SEALED
124	STATIC	173C	959	FD91F6D83E555A1429FF79486F4B7FB8E565FFFC375B2FF66B0DED88B519628D	LOCAL_UNIT_TEST	platform_b1_mvp2/assurance_os/implementation/step_173_labtrust_ramat_gxp_control_patterns/tests/test_human_authority_boundary.py	SEALED
125	STATIC	173C	961	B69A8C56AE0B38D88927B27E4BE01CFE80E60DA4783D45B97D6B490F327E5EEE	LOCAL_UNIT_TEST	platform_b1_mvp2/assurance_os/implementation/step_173_labtrust_ramat_gxp_control_patterns/tests/test_source_state_disagreement.py	SEALED
126	STATIC	173C	947	BC07ACC0C125F7AC62949611F671993E1573853937FB4EC56B50953C45667AD0	LOCAL_UNIT_TEST	platform_b1_mvp2/assurance_os/implementation/step_173_labtrust_ramat_gxp_control_patterns/tests/test_ramat_display_only.py	SEALED
127	STATIC	173C	947	3AD0A98FFCBAF8824EAF0BCC15F24ECF97416997A59B888D00A82CE7A4DF34E1	LOCAL_UNIT_TEST	platform_b1_mvp2/assurance_os/implementation/step_173_labtrust_ramat_gxp_control_patterns/tests/test_equipment_passport.py	SEALED
128	STATIC	173C	949	F109AA113590163C1652E9BEDA98FF5A1BF465728B56EB0FECB297CE949A523D	LOCAL_UNIT_TEST	platform_b1_mvp2/assurance_os/implementation/step_173_labtrust_ramat_gxp_control_patterns/tests/test_validation_standing.py	SEALED
129	STATIC	173C	953	3613BD5E1D1971F8B66F4A9476A1EFB33B6312663D53CDE3303D8842E02B6178	LOCAL_UNIT_TEST	platform_b1_mvp2/assurance_os/implementation/step_173_labtrust_ramat_gxp_control_patterns/tests/test_measurement_integrity.py	SEALED
130	STATIC	173C	957	1A7232672F3E9926BB9493C9093B37F8FAFB8C99A20339132AAB9B4DE3CE9FD0	LOCAL_UNIT_TEST	platform_b1_mvp2/assurance_os/implementation/step_173_labtrust_ramat_gxp_control_patterns/tests/test_environmental_readiness.py	SEALED
131	STATIC	173C	963	679A560466E553707D7E75C60B644BB31C8C7C28BFAD29A407EB4932CCEBE5F0	LOCAL_UNIT_TEST	platform_b1_mvp2/assurance_os/implementation/step_173_labtrust_ramat_gxp_control_patterns/tests/test_analytical_result_reliance.py	SEALED
132	STATIC	173C	953	D1342F84A2430EF0363E1A1744124AB30DAD4FC3C5F39B6C093D63855784CBE2	LOCAL_UNIT_TEST	platform_b1_mvp2/assurance_os/implementation/step_173_labtrust_ramat_gxp_control_patterns/tests/test_maintenance_lifecycle.py	SEALED
133	STATIC	173C	939	8F9FB19E5CA42E3323A2A71DABB8783DA72F7498812A7B0D10F611DA593AE64D	LOCAL_UNIT_TEST	platform_b1_mvp2/assurance_os/implementation/step_173_labtrust_ramat_gxp_control_patterns/tests/test_cmdb_authority.py	SEALED
134	STATIC	173C	943	BED05DEEDC511334165B271104553FB7FFD4729F784A1D17F584AAA7E5AA842A	LOCAL_UNIT_TEST	platform_b1_mvp2/assurance_os/implementation/step_173_labtrust_ramat_gxp_control_patterns/tests/test_spreadsheettrust.py	SEALED
135	STATIC	173C	935	2DE9CAC0711A9CDBAA53BFA1DCE2257793611A1AE30BF4F0780E072AE7400181	LOCAL_UNIT_TEST	platform_b1_mvp2/assurance_os/implementation/step_173_labtrust_ramat_gxp_control_patterns/tests/test_pipettetrust.py	SEALED
136	STATIC	173C	935	0938599FC9473B287E678E45BFE404FE7C9B6B4AC4D20E8CAA67F8C92BA27EF1	LOCAL_UNIT_TEST	platform_b1_mvp2/assurance_os/implementation/step_173_labtrust_ramat_gxp_control_patterns/tests/test_balancetrust.py	SEALED
137	STATIC	173C	939	8003ED0A9FFE71E5D3EE01D9B787FFC8C81C417D3D393E57B2BB21482461A014	LOCAL_UNIT_TEST	platform_b1_mvp2/assurance_os/implementation/step_173_labtrust_ramat_gxp_control_patterns/tests/test_migrationtrust.py	SEALED
138	STATIC	173C	943	063F9C66C29A86C2C260B9F1E752A2F09A141C8FFA80084AFA603954700534FE	LOCAL_UNIT_TEST	platform_b1_mvp2/assurance_os/implementation/step_173_labtrust_ramat_gxp_control_patterns/tests/test_power_cold_chain.py	SEALED
139	STATIC	173C	961	42DAABBDE232B7CA64D9346AB4FD3227F5B3E9C2EA8AABEBCAA2C0A91EFEE7B8	LOCAL_UNIT_TEST	platform_b1_mvp2/assurance_os/implementation/step_173_labtrust_ramat_gxp_control_patterns/tests/test_inspection_reconstruction.py	SEALED
140	STATIC	173C	937	0BD0DD0C73D07AAF2D4C6F34B9E848AFA249070D9601CBF9B9568D4D854BF538	LOCAL_UNIT_TEST	platform_b1_mvp2/assurance_os/implementation/step_173_labtrust_ramat_gxp_control_patterns/tests/test_reality_graph.py	SEALED
141	STATIC	173C	953	8E9A3B8C89C317D97A94DDCAEE67FF57F3E8EB4A8E7D76BD383A93481B4EE8A4	LOCAL_UNIT_TEST	platform_b1_mvp2/assurance_os/implementation/step_173_labtrust_ramat_gxp_control_patterns/tests/test_sanitization_boundary.py	SEALED
142	STATIC	173C	933	FCC75C22CADC7DA89AB25BA9455CF452F6F4E28F4B8A8B526D857D5492B6CBDC	LOCAL_UNIT_TEST	platform_b1_mvp2/assurance_os/implementation/step_173_labtrust_ramat_gxp_control_patterns/tests/test_determinism.py	SEALED
143	STATIC	173C	267	42A2FE53D7A50D70C8FCF9B0BC0BD5ADA94F1D6D42EC42C12A7445EC5EE8A9B5	EVIDENCE_TEMPLATE	platform_b1_mvp2/assurance_os/implementation/step_173_labtrust_ramat_gxp_control_patterns/evidence_templates/scenario_execution_template.json	SEALED
144	STATIC	173C	266	BABC9E99BFED428BEDCEA91E7B5909DB212C44153D8B789A9954270BC51EF3F8	EVIDENCE_TEMPLATE	platform_b1_mvp2/assurance_os/implementation/step_173_labtrust_ramat_gxp_control_patterns/evidence_templates/acceptance_result_template.json	SEALED
145	STATIC	173C	262	D85190CC473226ED9508F6FAE310DEF03341FAAD06868EFF19AB5569C4192F73	EVIDENCE_TEMPLATE	platform_b1_mvp2/assurance_os/implementation/step_173_labtrust_ramat_gxp_control_patterns/evidence_templates/tamper_result_template.json	SEALED
146	STATIC	173C	264	81EE24BE96259C8D21D401525EADD783DB0EB6EACF577D60E07F0BA13B4E2184	EVIDENCE_TEMPLATE	platform_b1_mvp2/assurance_os/implementation/step_173_labtrust_ramat_gxp_control_patterns/evidence_templates/recovery_result_template.json	SEALED
147	STATIC	173C	267	2BBA161CF5FE88E66C20D8AD8BC5551065B9264F1255035531CEBED2010CEDA1	EVIDENCE_TEMPLATE	platform_b1_mvp2/assurance_os/implementation/step_173_labtrust_ramat_gxp_control_patterns/evidence_templates/determinism_result_template.json	SEALED
148	STATIC	173C	60	7704804FD2F76B652E4A8CE68DDD50CD1EA55B834857B8565AD8F3AE63C2A520	EVIDENCE_TEMPLATE	platform_b1_mvp2/assurance_os/implementation/step_173_labtrust_ramat_gxp_control_patterns/evidence_templates/blob_ledger_template.tsv	SEALED
149	STATIC	173C	270	63A537BE64FEAE56EAEB5D8B11F7F0759C11736192FA5DD5E52806529AA41E0F	EVIDENCE_TEMPLATE	platform_b1_mvp2/assurance_os/implementation/step_173_labtrust_ramat_gxp_control_patterns/evidence_templates/manifest_verification_template.json	SEALED
150	STATIC	173C	262	494C4EEF9455D2E34D5884717876085F17FE982809F02866D5C06F24056627C9	EVIDENCE_TEMPLATE	platform_b1_mvp2/assurance_os/implementation/step_173_labtrust_ramat_gxp_control_patterns/evidence_templates/final_package_template.json	SEALED
151	STATIC	173C	3415	27AC4668CB2BFA904B21F1060A99CAA5103B2D2778AA073C93884D9938D49741	ACCEPTANCE_CONTROL	platform_b1_mvp2/assurance_os/implementation/step_173_labtrust_ramat_gxp_control_patterns/acceptance/acceptance_control_matrix.json	SEALED
152	STATIC	173C	1088	A08A0B4D4CE98CB2203D28C9706732B06BD6F64C789771CAC7A1B42FD9DF7BD3	ACCEPTANCE_CONTROL	platform_b1_mvp2/assurance_os/implementation/step_173_labtrust_ramat_gxp_control_patterns/acceptance/scenario_acceptance_map.json	SEALED
153	STATIC	173C	240	2ADA6C658CE2AD8A20487FAB1595D72B02F343C7ACBC938D0B2DE0D69C5B6BA7	ACCEPTANCE_CONTROL	platform_b1_mvp2/assurance_os/implementation/step_173_labtrust_ramat_gxp_control_patterns/acceptance/security_sanitization_acceptance.json	SEALED
154	STATIC	173C	360	894FB06743C0CAF06FAD668029DE8CA15B6995BE282C9B8C8CD2453D9DC86F76	ACCEPTANCE_CONTROL	platform_b1_mvp2/assurance_os/implementation/step_173_labtrust_ramat_gxp_control_patterns/acceptance/ramat_boundary_acceptance.json	SEALED
155	STATIC	173C	379	9A44BCAD433EAF545066E9177ECD9B9F037D9232E250FF8CA8B6FBB8FBB2CDE4	ACCEPTANCE_CONTROL	platform_b1_mvp2/assurance_os/implementation/step_173_labtrust_ramat_gxp_control_patterns/acceptance/final_gate_requirements.md	SEALED
156	STATIC	173C	4107	D33EE0A565AF3BF610CDEDF8AAC0E4BF635B87E48B1DB04906523C7A660FD500	ACCEPTANCE_CONTROL	platform_b1_mvp2/assurance_os/implementation/step_173_labtrust_ramat_gxp_control_patterns/acceptance/traceability_matrix.json	SEALED
157	STATIC	173C	335	7BC1C01460A8F5508D3A253245C52EFDEC0801BCF8CFC618A2CE4A5F4DBDC024	CHECKSUM_PLAN	platform_b1_mvp2/assurance_os/implementation/step_173_labtrust_ramat_gxp_control_patterns/checksums/README.md	SEALED
158	STATIC	173C	60	7704804FD2F76B652E4A8CE68DDD50CD1EA55B834857B8565AD8F3AE63C2A520	CHECKSUM_PLAN	platform_b1_mvp2/assurance_os/implementation/step_173_labtrust_ramat_gxp_control_patterns/checksums/static_file_ledger_plan.tsv	SEALED
159	STATIC	173C	60	7704804FD2F76B652E4A8CE68DDD50CD1EA55B834857B8565AD8F3AE63C2A520	CHECKSUM_PLAN	platform_b1_mvp2/assurance_os/implementation/step_173_labtrust_ramat_gxp_control_patterns/checksums/generated_evidence_ledger_plan.tsv	SEALED
160	STATIC	173C	253	FF4295FAAB5531497EDBC810269A1B5A534467376BDE8A39E36B4B6277A5061F	CHECKSUM_PLAN	platform_b1_mvp2/assurance_os/implementation/step_173_labtrust_ramat_gxp_control_patterns/checksums/package_seal_plan.md	SEALED
161	GENERATED	173D	2763	9B40ACD08B960EB12CA1A2406F8242F547B6663D39BFAFCCECBFFE024EA5A207	GENERATED_SCENARIO_EVIDENCE	platform_b1_mvp2/assurance_os/implementation/step_173_labtrust_ramat_gxp_control_patterns/evidence/scenarios/scenario_01_validated_spreadsheet_assurance.result.json	SEALED
162	GENERATED	173D	2826	3FC1F71D2922A68D17381B01AF84919D86A81290C876154BD5A1CE11B0FCFE07	GENERATED_SCENARIO_EVIDENCE	platform_b1_mvp2/assurance_os/implementation/step_173_labtrust_ramat_gxp_control_patterns/evidence/scenarios/scenario_02_pipette_measurement_integrity.result.json	SEALED
163	GENERATED	173D	2477	F93406114C875E1BBFE078D432E5933846FF39093C9B55CE496FD60237477EF2	GENERATED_SCENARIO_EVIDENCE	platform_b1_mvp2/assurance_os/implementation/step_173_labtrust_ramat_gxp_control_patterns/evidence/scenarios/scenario_03_pipette_verification_missing.result.json	SEALED
164	GENERATED	173D	2988	15951E93481BBDBFB5C4B185BC9F830A2868E8C7230899522F72C4FD9C24BB0F	GENERATED_SCENARIO_EVIDENCE	platform_b1_mvp2/assurance_os/implementation/step_173_labtrust_ramat_gxp_control_patterns/evidence/scenarios/scenario_04_balance_day_of_use_assurance.result.json	SEALED
165	GENERATED	173D	2412	9697D22FC9E1203A5FC88CFCD5F26B3248CC313FF97730A2DF7839D2E3187CFE	GENERATED_SCENARIO_EVIDENCE	platform_b1_mvp2/assurance_os/implementation/step_173_labtrust_ramat_gxp_control_patterns/evidence/scenarios/scenario_05_balance_requalification_required.result.json	SEALED
166	GENERATED	173D	2514	5C8949397CE10DECFDC9F4DE1242F898EA9B831590D90A7A5677571F0D3A2D2D	GENERATED_SCENARIO_EVIDENCE	platform_b1_mvp2/assurance_os/implementation/step_173_labtrust_ramat_gxp_control_patterns/evidence/scenarios/scenario_06_environmental_readiness.result.json	SEALED
167	GENERATED	173D	2440	5683D47881289B099DEFBE80C3F0195D78712FA7CAB883F155DF09D40AE30557	GENERATED_SCENARIO_EVIDENCE	platform_b1_mvp2/assurance_os/implementation/step_173_labtrust_ramat_gxp_control_patterns/evidence/scenarios/scenario_07_environmental_excursion.result.json	SEALED
168	GENERATED	173D	2921	223DD64B68E3EAFB87DF45106AB6844EF94EA99EFDB1A52E6F412D60F3DB03A4	GENERATED_SCENARIO_EVIDENCE	platform_b1_mvp2/assurance_os/implementation/step_173_labtrust_ramat_gxp_control_patterns/evidence/scenarios/scenario_08_analytical_result_reliance.result.json	SEALED
169	GENERATED	173D	2992	8A5DFCC5596049D24636A549CB539B2A7B130AFE05E5B889CA1C303CD787DCC4	GENERATED_SCENARIO_EVIDENCE	platform_b1_mvp2/assurance_os/implementation/step_173_labtrust_ramat_gxp_control_patterns/evidence/scenarios/scenario_09_migration_readiness.result.json	SEALED
170	GENERATED	173D	2618	4AC9EA5BD8E524F4C75BE57B4519EF0B9B9868B4D5F1B24139AB2069679F98D9	GENERATED_SCENARIO_EVIDENCE	platform_b1_mvp2/assurance_os/implementation/step_173_labtrust_ramat_gxp_control_patterns/evidence/scenarios/scenario_10_cmdb_authority_gap.result.json	SEALED
171	GENERATED	173D	2852	207B19C9BDBD57667FE8032AEC93D9B3835FBF35078B02D87E8011AA448DA01E	GENERATED_SCENARIO_EVIDENCE	platform_b1_mvp2/assurance_os/implementation/step_173_labtrust_ramat_gxp_control_patterns/evidence/scenarios/scenario_11_power_cold_chain_dependency.result.json	SEALED
172	GENERATED	173D	2645	3863A5B23FA147AB5F898C50F2BB8C74338997A44C4C2264CE3027F28268D401	GENERATED_SCENARIO_EVIDENCE	platform_b1_mvp2/assurance_os/implementation/step_173_labtrust_ramat_gxp_control_patterns/evidence/scenarios/scenario_12_ramat_vision_display_only.result.json	SEALED
173	GENERATED	173D	375	75C02C89B6D9120D937089AD84B29C099B01A93CE7A26C9BD0AF55BBD4ED60C8	GENERATED_ACCEPTANCE_EVIDENCE	platform_b1_mvp2/assurance_os/implementation/step_173_labtrust_ramat_gxp_control_patterns/evidence/acceptance/ac_01.result.json	SEALED
174	GENERATED	173D	401	AE60A952214D206C0EACD43A285B0AB0F8380CEDCC2F8E371C5BA212C36DCBB5	GENERATED_ACCEPTANCE_EVIDENCE	platform_b1_mvp2/assurance_os/implementation/step_173_labtrust_ramat_gxp_control_patterns/evidence/acceptance/ac_02.result.json	SEALED
175	GENERATED	173D	337	61F5425705F001D573971625ABEDD231AFA0A3D009EA0A3358A6A50972B54E39	GENERATED_ACCEPTANCE_EVIDENCE	platform_b1_mvp2/assurance_os/implementation/step_173_labtrust_ramat_gxp_control_patterns/evidence/acceptance/ac_03.result.json	SEALED
176	GENERATED	173D	332	2C011BBA817090A1E8065025D24ED7FF68068847B62E622972DE338A99C3FB02	GENERATED_ACCEPTANCE_EVIDENCE	platform_b1_mvp2/assurance_os/implementation/step_173_labtrust_ramat_gxp_control_patterns/evidence/acceptance/ac_04.result.json	SEALED
177	GENERATED	173D	343	35407B1906027105567B1F8AD6E617FD802EEBFD3625A4FDECE677968BA04E0F	GENERATED_ACCEPTANCE_EVIDENCE	platform_b1_mvp2/assurance_os/implementation/step_173_labtrust_ramat_gxp_control_patterns/evidence/acceptance/ac_05.result.json	SEALED
178	GENERATED	173D	342	4E98D29AC61574B0D6C0CFE7E71743C40F7549C7A1DD757436A45E38AB76F2C5	GENERATED_ACCEPTANCE_EVIDENCE	platform_b1_mvp2/assurance_os/implementation/step_173_labtrust_ramat_gxp_control_patterns/evidence/acceptance/ac_06.result.json	SEALED
179	GENERATED	173D	334	A8167F2A7E95DAF6AA0EBFCDD3A8189DFED2FDF21535A4EACA2FAEE012E9253E	GENERATED_ACCEPTANCE_EVIDENCE	platform_b1_mvp2/assurance_os/implementation/step_173_labtrust_ramat_gxp_control_patterns/evidence/acceptance/ac_07.result.json	SEALED
180	GENERATED	173D	336	255E4A5DF3C8C163602EB4EF5ECC6CD5FAE706C8F4F53FBD8DBE7876D5C41163	GENERATED_ACCEPTANCE_EVIDENCE	platform_b1_mvp2/assurance_os/implementation/step_173_labtrust_ramat_gxp_control_patterns/evidence/acceptance/ac_08.result.json	SEALED
181	GENERATED	173D	329	7B8D3D8D9BE9C132975F631BF90D317FCD32292A13C4ECA0EC7D8898A39F5D8F	GENERATED_ACCEPTANCE_EVIDENCE	platform_b1_mvp2/assurance_os/implementation/step_173_labtrust_ramat_gxp_control_patterns/evidence/acceptance/ac_09.result.json	SEALED
182	GENERATED	173D	342	2085FF9B2378A9DBD434BD1D9F298BAE6BDD67CA1BEC6576276F7D91A21A6105	GENERATED_ACCEPTANCE_EVIDENCE	platform_b1_mvp2/assurance_os/implementation/step_173_labtrust_ramat_gxp_control_patterns/evidence/acceptance/ac_10.result.json	SEALED
183	GENERATED	173D	330	63E9C2F23733B8C2567B6049A2F2D1C901E65751B1B1B03DE651C47F2D924939	GENERATED_ACCEPTANCE_EVIDENCE	platform_b1_mvp2/assurance_os/implementation/step_173_labtrust_ramat_gxp_control_patterns/evidence/acceptance/ac_11.result.json	SEALED
184	GENERATED	173D	332	54B306A04C6C9F9C1F1F35A5A7DF52928EAB34E11C882C1D56A106D0BBC82BB0	GENERATED_ACCEPTANCE_EVIDENCE	platform_b1_mvp2/assurance_os/implementation/step_173_labtrust_ramat_gxp_control_patterns/evidence/acceptance/ac_12.result.json	SEALED
185	GENERATED	173D	335	662CCD438F8B2369CEB1B82FA484F54674D56F178E00A966E06BBCCAF6444277	GENERATED_ACCEPTANCE_EVIDENCE	platform_b1_mvp2/assurance_os/implementation/step_173_labtrust_ramat_gxp_control_patterns/evidence/acceptance/ac_13.result.json	SEALED
186	GENERATED	173D	338	200050EFE59546E15E692BCE827AF7ACCFAFEF40EE9F9455AC06650A5362BFD8	GENERATED_ACCEPTANCE_EVIDENCE	platform_b1_mvp2/assurance_os/implementation/step_173_labtrust_ramat_gxp_control_patterns/evidence/acceptance/ac_14.result.json	SEALED
187	GENERATED	173D	325	9613D9B211EB63FFF7D3D1BBCBDCBCD4A63FD14CB63C61084B5D8DD8C8416543	GENERATED_ACCEPTANCE_EVIDENCE	platform_b1_mvp2/assurance_os/implementation/step_173_labtrust_ramat_gxp_control_patterns/evidence/acceptance/ac_15.result.json	SEALED
188	GENERATED	173D	338	A57B3B8C76636CA888F1AE5E9F116A05ACF524584561D2F26DA9427EDC1F2661	GENERATED_ACCEPTANCE_EVIDENCE	platform_b1_mvp2/assurance_os/implementation/step_173_labtrust_ramat_gxp_control_patterns/evidence/acceptance/ac_16.result.json	SEALED
189	GENERATED	173D	352	F24631FE63849031B8B7FCF94B7749DE7A6F3D3F40F7F2908C1BCE05FBF6F1F3	GENERATED_ACCEPTANCE_EVIDENCE	platform_b1_mvp2/assurance_os/implementation/step_173_labtrust_ramat_gxp_control_patterns/evidence/acceptance/ac_17.result.json	SEALED
190	GENERATED	173D	352	13B0B7CE6A0FEBA5C7AB6808FD935B78EEF3ABA35571C7EFA96FD24D5D7DB72C	GENERATED_ACCEPTANCE_EVIDENCE	platform_b1_mvp2/assurance_os/implementation/step_173_labtrust_ramat_gxp_control_patterns/evidence/acceptance/ac_18.result.json	SEALED
191	GENERATED	173D	355	EFC30AF4132E8E91541EBF11B20AF10F2883887CA92DF2ADFF3071277442CC0E	GENERATED_ACCEPTANCE_EVIDENCE	platform_b1_mvp2/assurance_os/implementation/step_173_labtrust_ramat_gxp_control_patterns/evidence/acceptance/ac_19.result.json	SEALED
192	GENERATED	173D	357	89E3EBBF9D0F54624784A812E4A3BE3D776E33EB7FFC6BF9A39A189232476DCB	GENERATED_ACCEPTANCE_EVIDENCE	platform_b1_mvp2/assurance_os/implementation/step_173_labtrust_ramat_gxp_control_patterns/evidence/acceptance/ac_20.result.json	SEALED
193	GENERATED	173D	322	0ED4DDF9C35A63A0564DF3B8EA99A86ABD9BEA26F785DA13535AD38D7EA37300	GENERATED_TAMPER_EVIDENCE	platform_b1_mvp2/assurance_os/implementation/step_173_labtrust_ramat_gxp_control_patterns/evidence/tamper/tamper_01_unauthorized_outcome.result.json	SEALED
194	GENERATED	173D	409	25FAFA2BB1EBDE9CEDDE7A5BCC7B6A28591ADC3D81A75431A441B9205B4EAB6F	GENERATED_TAMPER_EVIDENCE	platform_b1_mvp2/assurance_os/implementation/step_173_labtrust_ramat_gxp_control_patterns/evidence/tamper/tamper_02_decision_precedence_reorder.result.json	SEALED
195	GENERATED	173D	337	4265BC5F3AEB52745137F7F80A933EF43D57A2BC546F9FCF4A37CB7BF6D68C1C	GENERATED_TAMPER_EVIDENCE	platform_b1_mvp2/assurance_os/implementation/step_173_labtrust_ramat_gxp_control_patterns/evidence/tamper/tamper_03_ramat_writeback_attempt.result.json	SEALED
196	GENERATED	173D	347	8500ADBFBCA440D1B146EF352C11462FDD72311C8050CBD27DA0429ECC92CD6B	GENERATED_TAMPER_EVIDENCE	platform_b1_mvp2/assurance_os/implementation/step_173_labtrust_ramat_gxp_control_patterns/evidence/tamper/tamper_04_silent_source_reconciliation.result.json	SEALED
197	GENERATED	173D	335	7EE462CC7EAC34016D3B4E04A3E402E934349F929A289374B4DD4CD55CA34893	GENERATED_TAMPER_EVIDENCE	platform_b1_mvp2/assurance_os/implementation/step_173_labtrust_ramat_gxp_control_patterns/evidence/tamper/tamper_05_missing_human_authority.result.json	SEALED
198	GENERATED	173D	355	A7DEB80D0E4A1D81E0A3659FEE7762C13617B2745E63062AEBCBB5DF6F867A8A	GENERATED_TAMPER_EVIDENCE	platform_b1_mvp2/assurance_os/implementation/step_173_labtrust_ramat_gxp_control_patterns/evidence/tamper/tamper_06_manifest_extra_path.result.json	SEALED
199	GENERATED	173D	383	838A88D90341C09C740088780C5C55A554D30198B66F04CE235403EF505A4FAB	GENERATED_TAMPER_EVIDENCE	platform_b1_mvp2/assurance_os/implementation/step_173_labtrust_ramat_gxp_control_patterns/evidence/tamper/tamper_07_prohibited_content_injection.result.json	SEALED
200	GENERATED	173D	388	BED073ABF163B1E32BA2DCFF02623FBE684CDB197D0F0C3BE8442B0663FD7BFF	GENERATED_TAMPER_EVIDENCE	platform_b1_mvp2/assurance_os/implementation/step_173_labtrust_ramat_gxp_control_patterns/evidence/tamper/tamper_08_checksum_mismatch.result.json	SEALED
201	GENERATED	173D	563	D4D4F2E63A61EC0DDE0DDEEB446D83C53588AB89BACCBA861AFC15F4D701E89B	GENERATED_RECOVERY_EVIDENCE	platform_b1_mvp2/assurance_os/implementation/step_173_labtrust_ramat_gxp_control_patterns/evidence/recovery/recovery_01_manifest_restore.result.json	SEALED
202	GENERATED	173D	555	89F9C5A56D5E8CC715308CF4212CD7D828D3CE01E1884DA16C443C7FDAC867EA	GENERATED_RECOVERY_EVIDENCE	platform_b1_mvp2/assurance_os/implementation/step_173_labtrust_ramat_gxp_control_patterns/evidence/recovery/recovery_02_schema_restore.result.json	SEALED
203	GENERATED	173D	548	BF675C4A60FA7FB99540A5F9AA45CC73BD7DA6E27CAA362E7773A8D2780A5E4B	GENERATED_RECOVERY_EVIDENCE	platform_b1_mvp2/assurance_os/implementation/step_173_labtrust_ramat_gxp_control_patterns/evidence/recovery/recovery_03_pattern_restore.result.json	SEALED
204	GENERATED	173D	579	C04241ADABD4F09CF109A088209D2E5811BCA605B48C70489C429F8B29CA25F5	GENERATED_RECOVERY_EVIDENCE	platform_b1_mvp2/assurance_os/implementation/step_173_labtrust_ramat_gxp_control_patterns/evidence/recovery/recovery_04_scenario_restore.result.json	SEALED
205	GENERATED	173D	581	793869F25C27C9279B1CBED386A5B0102BF57B53A99A436777CA4B7B035EE7C1	GENERATED_RECOVERY_EVIDENCE	platform_b1_mvp2/assurance_os/implementation/step_173_labtrust_ramat_gxp_control_patterns/evidence/recovery/recovery_05_evidence_template_restore.result.json	SEALED
206	GENERATED	173D	556	F552196B1AD1EB2DE6319088D6F4C38355129EE58360FF72CBB08F1863011BCA	GENERATED_RECOVERY_EVIDENCE	platform_b1_mvp2/assurance_os/implementation/step_173_labtrust_ramat_gxp_control_patterns/evidence/recovery/recovery_06_package_restore.result.json	SEALED
207	GENERATED	173D	361	D3FD48FED785AFA9E74585E6A4D0DDCDBFD293488F93F1A0442C28B2C482866E	GENERATED_DETERMINISM_EVIDENCE	platform_b1_mvp2/assurance_os/implementation/step_173_labtrust_ramat_gxp_control_patterns/evidence/determinism/determinism_01_manifest_order.result.json	SEALED
208	GENERATED	173D	363	037D5850E65F2555DB9A018B752A98D85658418FC71C99C282D6ECC63A5D1451	GENERATED_DETERMINISM_EVIDENCE	platform_b1_mvp2/assurance_os/implementation/step_173_labtrust_ramat_gxp_control_patterns/evidence/determinism/determinism_02_decision_outcome.result.json	SEALED
209	GENERATED	173D	366	2E6417E9FDBBFE57CEF13E4762766B8AE897CCF37D0E50A4DBE11ADA8F98F03E	GENERATED_DETERMINISM_EVIDENCE	platform_b1_mvp2/assurance_os/implementation/step_173_labtrust_ramat_gxp_control_patterns/evidence/determinism/determinism_03_scenario_evaluation.result.json	SEALED
210	GENERATED	173D	360	F2C4608B1EA7FE1BA084B445CD2327FEB21821E59B4432526EF59CB8A0D06311	GENERATED_DETERMINISM_EVIDENCE	platform_b1_mvp2/assurance_os/implementation/step_173_labtrust_ramat_gxp_control_patterns/evidence/determinism/determinism_04_display_state.result.json	SEALED
211	GENERATED	173D	356	8098E46BCFFD964051AE4EBEA18B9FCBA15EB96E539CBCD80A3FD89C5097C252	GENERATED_DETERMINISM_EVIDENCE	platform_b1_mvp2/assurance_os/implementation/step_173_labtrust_ramat_gxp_control_patterns/evidence/determinism/determinism_05_blob_hash.result.json	SEALED
212	GENERATED	173D	359	25F876803F0CF8D4095D321383A3ABBE581106B56D31148099EAAD1A9B12230B	GENERATED_DETERMINISM_EVIDENCE	platform_b1_mvp2/assurance_os/implementation/step_173_labtrust_ramat_gxp_control_patterns/evidence/determinism/determinism_06_package_hash.result.json	SEALED
214	GENERATED	173D	36900	BA35C4F1B68A968C8B0B662C6043671396DFCC614169D904703B567A248BEE5E	GENERATED_FINAL_EVIDENCE	platform_b1_mvp2/assurance_os/implementation/step_173_labtrust_ramat_gxp_control_patterns/evidence/final/static_file_ledger.tsv	SEALED
215	GENERATED	173D	15894	B449118F0C21BB3CDC361C862FCE330165ABF9E5C256EC191621AEE384EF1F4A	GENERATED_FINAL_EVIDENCE	platform_b1_mvp2/assurance_os/implementation/step_173_labtrust_ramat_gxp_control_patterns/evidence/final/generated_file_ledger.tsv	SEALED
216	GENERATED	173D	4124	FD40CBFB58CE07CF86F66A2BDC8AE953751E6E080635C70A2D080601C4E12E50	GENERATED_FINAL_EVIDENCE	platform_b1_mvp2/assurance_os/implementation/step_173_labtrust_ramat_gxp_control_patterns/evidence/final/scenario_summary.json	SEALED
217	GENERATED	173D	2862	0A5E45BE6D6E814ECC54BF0C8B55354B46A159F14152D56AD0D2AF42F29384FA	GENERATED_FINAL_EVIDENCE	platform_b1_mvp2/assurance_os/implementation/step_173_labtrust_ramat_gxp_control_patterns/evidence/final/acceptance_summary.json	SEALED
218	GENERATED	173D	643	29C49E8E046757ABF89D91B3F37CF6438CEAB5D027F55893C74C07D25BE7B077	GENERATED_FINAL_EVIDENCE	platform_b1_mvp2/assurance_os/implementation/step_173_labtrust_ramat_gxp_control_patterns/evidence/final/security_boundary_report.json	SEALED
219	GENERATED	173D	NA	NA	GENERATED_FINAL_EVIDENCE	platform_b1_mvp2/assurance_os/implementation/step_173_labtrust_ramat_gxp_control_patterns/evidence/final/complete_evidence_checksums.tsv	CONTROLLED_SELF_OR_FUTURE_ENTRY
220	GENERATED	173D	NA	NA	GENERATED_FINAL_EVIDENCE	platform_b1_mvp2/assurance_os/implementation/step_173_labtrust_ramat_gxp_control_patterns/evidence/final/complete_evidence_package.sha256	CONTROLLED_SELF_OR_FUTURE_ENTRY
213	GENERATED	173D	NA	NA	GENERATED_FINAL_EVIDENCE	platform_b1_mvp2/assurance_os/implementation/step_173_labtrust_ramat_gxp_control_patterns/evidence/final/complete_file_ledger.tsv	CONTROLLED_SELF_OR_FUTURE_ENTRY
